name,country,location_city,website,employees,clutch_rating,min_project_size_usd,services,is_wp_specialist,revenue_usd,kaycore_fit_score,partnership_priority
Imaginovation,US,"Raleigh, NC",https://imaginovation.net/custom-web-mobile-app-development/%3Futm_source%3Dclutch.co%26utm_medium%3Dreferral%26utm_campaign%3Dus-web-developers,29,4.915,75000,"['25% Web Development', '25% AI Development', '25% Mobile App Development']",False,4524000.0,5,Medium
ChopDawg.com,US,"Boston, MA",https://www.chopdawg.com%3Futm_source%3Dclutch.co%26utm_medium%3Dreferrall%26utm_campaign%3Dus-web-developers,29,4.8105,1000,"['80% Mobile App Development', '20% Web Development']",False,4524000.0,5,Medium
Plego,US,"Chicago, IL",https://www.plego.com/clutch-landing-page/%3Futm_source%3Dclutch.co%26utm_medium%3Dreferral%26utm_campaign%3Dus-web-developers,29,5.026,25000,"['35% AI Development', '20% Web Development', '10% Mobile App Development']",False,4524000.0,5,Medium
Utility,US,"Culver City, CA",https://utility.agency/%3Futm_source%3Dclutch.co%26utm_medium%3Dreferral%26utm_campaign%3Dus-web-developers,29,4.826,50000,"['50% Mobile App Development', '10% Web Development', '10% Custom Software Development', '10% UX/UI Design', '10% Web Design']",False,4524000.0,5,Medium
3 Media Web,US,"Marlborough, MA",https://www.3mediaweb.com/digital-experience/build/%3Futm_source%3Dclutch.co%26utm_medium%3Dreferral%26utm_campaign%3Dus-web-developers,29,4.944,50000,"['40% Web Development', '40% Web Design']",False,4524000.0,5,Medium
Agency Partner Interactive LLC,US,"Plano, TX",https://agencypartner.com/web-design-and-development-lp/%3Futm_source%3Dclutch.co%26utm_medium%3Dreferral%26utm_campaign%3Dus-web-developers,29,4.966,5000,"['20% Mobile App Development', '15% E-Commerce Development', '10% Web Development', '10% AI Development', '10% Low/No Code Development', '10% Web Design']",False,4524000.0,5,Medium
Marcel Digital,US,"Chicago, IL",https://www.marceldigital.com/contact%3Futm_source%3Dclutch.co%26utm_medium%3Dreferral%26utm_campaign%3Dus-web-developers,29,4.819,5000,"['40% Web Development', '30% Search Engine Optimization', '10% Digital Strategy']",False,4524000.0,5,Medium
The Gnar Company,US,"Needham, MA",https://www.thegnar.com/web-development%3Futm_source%3Dclutch.co%26utm_medium%3Dreferral%26utm_campaign%3Dus-web-developers,29,4.819,25000,"['30% Web Development', '30% Mobile App Development', '10% AI Development', '10% UX/UI Design']",False,4524000.0,5,Medium
SumatoSoft,US,"Boston, MA",http://sumatosoft.com/%3Futm_source%3Dclutch.co%26utm_medium%3Dreferral%26utm_content%3Dmain%2520website%26utm_campaign%3DClutch,29,4.825,25000,"['25% Web Development', '25% IoT Development', '20% Mobile App Development', '5% Application Testing', '5% UX/UI Design']",False,4524000.0,5,Medium
Dedicated Developers,US,"Atlanta, GA",https://dedicateddevelopers.com/us/%3Futm_source%3Dclutch.co%26utm_medium%3Dreferral%26utm_campaign%3Dus-web-developers,29,5.05,25000,"['65% Mobile App Development', '35% Web Development']",False,4524000.0,5,Medium
thoughtbot,US,"New York, NY",https://thoughtbot.com/%3Futm_source%3Dclutch.co%26utm_medium%3Dreferral%26utm_campaign%3Dus-web-developers,29,4.939,10000,"['30% Web Development', '25% Mobile App Development', '10% Cloud Consulting & SI', '10% Custom Software Development', '10% Low/No Code Development']",False,4524000.0,5,Medium
Tekglide,US,"Darien, IL",https://tekglide.com/contact-us/%3Futm_source%3Dclutch.co%26utm_medium%3Dreferral%26utm_campaign%3Dus-web-developers,29,4.836,10000,"['20% Web Development', '20% E-Commerce Development', '10% Digital Strategy', '10% IT Staff Augmentation', '10% Low/No Code Development', '10% Search Engine Optimization', '10% Web Design']",False,4524000.0,5,Medium
BrandExtract,US,"Houston, TX",https://www.brandextract.com/Contact/%3Futm_source%3Dclutch.co%26utm_medium%3Dreferral%26utm_campaign%3Dus-web-developers,29,5.011,25000,"['50% Branding', '30% Web Development', '20% Marketing Strategy']",False,4524000.0,5,Medium
The Brick Factory,US,"Washington, DC",https://thebrickfactory.com/%3Futm_source%3Dclutch.co%26utm_medium%3Dreferral%26utm_campaign%3Dus-web-developers,29,4.918,10000,"['40% Web Development', '20% Web Design', '10% Pay Per Click', '10% UX/UI Design']",False,4524000.0,5,Medium
EltexSoft,US,"Burbank, CA",https://eltexsoft.com%3Futm_source%3Dclutch.co%26utm_medium%3Dreferral%26utm_campaign%3Dus-web-developers,29,5.029,10000,"['25% Web Development', '25% IT Staff Augmentation', '10% Custom Software Development', '10% Generative AI', '10% Low/No Code Development', '10% Mobile App Development']",False,4524000.0,5,Medium
Lunarbyte.io,US,"Seattle, WA",https://www.lunarbyte.io/%3Futm_source%3Dclutch.co%26utm_medium%3Dreferral%26utm_campaign%3Dus-web-developers,29,5.09,25000,"['40% Web Development', '30% Custom Software Development', '30% Mobile App Development']",False,4524000.0,5,Medium
Susco Solutions,US,"Harvey, LA",https://suscosolutions.com/clutch-co/%3Futm_source%3Dclutch.co%26utm_medium%3Dreferral%26utm_campaign%3Ddirectory,29,4.911,50000,"['30% Web Development', '30% Custom Software Development', '15% Mobile App Development']",False,4524000.0,5,Medium
Wolf&Whale,US,"Brooklyn, NY",https://www.wolfwhale.com/%3Futm_source%3Dclutch.co%26utm_medium%3Dreferral%26utm_campaign%3Dus-web-developers,29,5.021,25000,"['25% Branding', '20% Web Design', '10% Web Development']",False,4524000.0,5,Medium
Solwey Consulting,US,"Austin, TX",https://solwey.com/%3Futm_source%3Dclutch.co%26utm_medium%3Dreferral%26utm_campaign%3Dus-web-developers,29,5.09,10000,"['13% UX/UI Design', '12% E-Commerce Development', '11% Low/No Code Development', '10% Web Development', '10% Custom Software Development', '10% Mobile App Development', '10% Web Design']",False,4524000.0,5,Medium
Coherent Solutions,US,Serves United States,https://ppc.clutch.co/ppc/click/%3Fs%3DeyJkZWNpc2lvbl9pZCI6IjMwMjA4MTQxLWFjZTEtNDEwYi1iMzExLTQxNzNlZWYyYTAxYiIsImltcHJlc3Npb25faWQiOiIyZjlmYTQzNi04MjVlLTQ5NGItYTJkNC0xNTY2OGU5ZjhjNzciLCJwcm92aWRlcl9pZCI6ODI0NDksImZlYXR1cmVkX2xpc3RpbmdfaWQiOjIsImZlYXR1cmVkX3Bvc2l0aW9uX2lkIjozNDgyODIsInBvc2l0aW9uIjoxLCJpc19zcG90bGlnaHQiOmZhbHNlfQ:1vsts7:VFfHcHoT2Atfg5qyeuemeMdXGIeaFeU9uFsuOUoGA-I,29,4.73,50000,"['30% AI Development', '15% Web Development', '10% Cloud Consulting & SI']",False,4524000.0,5,Medium
Proven,US,Serves United States,https://ppc.clutch.co/ppc/click/%3Fs%3DeyJkZWNpc2lvbl9pZCI6IjMwMjA4MTQxLWFjZTEtNDEwYi1iMzExLTQxNzNlZWYyYTAxYiIsImltcHJlc3Npb25faWQiOiI4YjBjZDJjNC0wMGY2LTRlNmQtYmI3NS04OTA2MzEzZDM3N2IiLCJwcm92aWRlcl9pZCI6MzUwNTgwLCJmZWF0dXJlZF9saXN0aW5nX2lkIjoyLCJmZWF0dXJlZF9wb3NpdGlvbl9pZCI6MjM3OTU4LCJwb3NpdGlvbiI6MiwiaXNfc3BvdGxpZ2h0IjpmYWxzZX0:1vsts7:rH12viQXCA0uSfGwNMfUaGlTxcshSNzTUNy0DWYp4Xc,29,4.912,25000,"['25% Web Development', '25% Web Design', '10% Custom Software Development', '10% UX/UI Design']",False,4524000.0,5,Medium
Storm Brain,US,Serves United States,https://ppc.clutch.co/ppc/click/%3Fs%3DeyJkZWNpc2lvbl9pZCI6IjMwMjA4MTQxLWFjZTEtNDEwYi1iMzExLTQxNzNlZWYyYTAxYiIsImltcHJlc3Npb25faWQiOiIyNGMxYzFiNC02ZjcxLTRkMDAtYWMzMy1lNTYwNTEyMDg5YzAiLCJwcm92aWRlcl9pZCI6MTQ0MzUyLCJmZWF0dXJlZF9saXN0aW5nX2lkIjoyLCJmZWF0dXJlZF9wb3NpdGlvbl9pZCI6MzAzNTk5LCJwb3NpdGlvbiI6MywiaXNfc3BvdGxpZ2h0IjpmYWxzZX0:1vsts7:Lt2yDu7wtva3EJp1MoJjQYNBsEmI3R5VG6mKOG9rHIY,29,5.0124,10000,"['40% Web Design', '20% Web Development', '10% E-Commerce Development', '10% Pay Per Click', '10% Search Engine Optimization']",False,4524000.0,5,Medium
Cleveroad,US,"New York, NY",https://www.cleveroad.com/offer/%3Futm_source%3Dclutch.co%26utm_medium%3Dreferral%26utm_campaign%3Dus-web-developers,29,4.977,10000,"['30% Custom Software Development', '28% Web Development', '10% Mobile App Development', '5% Generative AI', '5% IT Staff Augmentation', '5% IoT Development']",False,4524000.0,5,Medium
BairesDev,US,"San Francisco, CA",https://www.bairesdev.com/lp/c/software-development/%3Futm_source%3Dclutch.co%26utm_medium%3Dreferral%26utm_campaign%3Ddirectory,29,4.962,50000,"['30% Custom Software Development', '20% Web Development', '10% AI Development', '10% Application Testing', '5% UX/UI Design']",False,4524000.0,5,Medium
DRUM'N'CODE,US,Serves United States,https://ppc.clutch.co/ppc/click/%3Fs%3DeyJkZWNpc2lvbl9pZCI6IjMwMjA4MTQxLWFjZTEtNDEwYi1iMzExLTQxNzNlZWYyYTAxYiIsImltcHJlc3Npb25faWQiOiI3M2JiZmQ2Yi1kOTE5LTRmNWUtOGY0NS05MmI0ODE1ODU1ZGUiLCJwcm92aWRlcl9pZCI6MTE1NDM1OCwiZmVhdHVyZWRfbGlzdGluZ19pZCI6MiwiZmVhdHVyZWRfcG9zaXRpb25faWQiOjI1OTc1OCwicG9zaXRpb24iOjQsImlzX3Nwb3RsaWdodCI6ZmFsc2V9:1vsts7:0pjaclW6Y3-zlpKuQW-BXuYoCqvkUuxyAkmPtTkpw50,29,5.025,1000,"['30% Web Development', '30% Custom Software Development', '15% Web Design', '10% Mobile App Development']",False,4524000.0,5,Medium
Appunite,US,Serves United States,https://ppc.clutch.co/ppc/click/%3Fs%3DeyJkZWNpc2lvbl9pZCI6IjMwMjA4MTQxLWFjZTEtNDEwYi1iMzExLTQxNzNlZWYyYTAxYiIsImltcHJlc3Npb25faWQiOiI4ZTNhNzM3My02YjNkLTRjZjMtOWFjYS1jZDQwODFmMjIyM2IiLCJwcm92aWRlcl9pZCI6MzMyMTgsImZlYXR1cmVkX2xpc3RpbmdfaWQiOjIsImZlYXR1cmVkX3Bvc2l0aW9uX2lkIjoyMzc2MzYsInBvc2l0aW9uIjo1LCJpc19zcG90bGlnaHQiOmZhbHNlfQ:1vsts7:PuQQmltAHVu2E9pugYHO4uOTxoCvy8D3x_ysPByUOEA,29,4.921,10000,"['20% Web Development', '20% Custom Software Development', '10% E-Commerce Development', '10% Generative AI', '10% Low/No Code Development', '10% Web Design']",False,4524000.0,5,Medium
TKX Media,US,Serves United States,https://ppc.clutch.co/ppc/click/%3Fs%3DeyJkZWNpc2lvbl9pZCI6IjMwMjA4MTQxLWFjZTEtNDEwYi1iMzExLTQxNzNlZWYyYTAxYiIsImltcHJlc3Npb25faWQiOiIxYmE5NjkyYy1kNjU5LTQ0NTEtYjI2NC03MjNjM2E1NTMzZjEiLCJwcm92aWRlcl9pZCI6MjUzMTE5NCwiZmVhdHVyZWRfbGlzdGluZ19pZCI6MiwiZmVhdHVyZWRfcG9zaXRpb25faWQiOjM1MTI2MSwicG9zaXRpb24iOjYsImlzX3Nwb3RsaWdodCI6ZmFsc2V9:1vsts7:eBQWEytSa24nU5fPV1mWkz7M7cg0XWazN_NYpKUwKqY,29,5.011,5000,"['40% Search Engine Optimization', '40% Web Design', '20% Advertising']",False,4524000.0,5,Medium
Urban Insight,US,"Los Angeles, CA",https://urbaninsight.com/%3Futm_source%3Dclutch.co%26utm_medium%3Dreferral%26utm_campaign%3Dus-web-developers,29,5.037,50000,"['50% Web Development', '20% Web Design', '15% UX/UI Design']",False,4524000.0,5,Medium
Lounge Lizard,US,"Austin, TX",https://www.loungelizard.com/%3Futm_source%3Dclutch.co%26utm_medium%3Dreferral%26utm_campaign%3Ddirectory,7,4.843,25000,"['60% Web Design', '40% Web Development']",False,1092000.0,3,Medium
Social Driver,US,"Bellingham, WA",https://www.socialdriver.com/landing-pages/capabilities-services%3Futm_source%3Dclutch.co%26utm_medium%3Dreferral%26utm_campaign%3Ddirectory,13,4.975,25000,"['50% Web Development', '40% Web Design', '10% Low/No Code Development']",False,2028000.0,3,Medium
Five Jars,US,"Arlington, VA",https://fivejars.com%3Futm_source%3Dclutch.co%26utm_medium%3Dreferral%26utm_campaign%3Dus-web-developers,29,4.931,10000,"['50% Web Development', '20% Web Design', '15% Mobile App Development']",False,4524000.0,5,Medium
Orbit Media Studios,US,"Chicago, IL",https://www.orbitmedia.com/%3Futm_source%3Dclutch.co%26utm_medium%3Dreferral%26utm_campaign%3Ddirectory,29,5.031,50000,"['30% Web Development', '30% Web Design']",False,4524000.0,5,Medium
Geniusee,US,Serves United States,https://ppc.clutch.co/ppc/click/%3Fs%3DeyJkZWNpc2lvbl9pZCI6IjMwMjA4MTQxLWFjZTEtNDEwYi1iMzExLTQxNzNlZWYyYTAxYiIsImltcHJlc3Npb25faWQiOiJiZDgzZDM0Ny0xMjMyLTQ4ZTctODIxMi1iNDQyYTNhM2UyYmYiLCJwcm92aWRlcl9pZCI6MTUzOTkxLCJmZWF0dXJlZF9saXN0aW5nX2lkIjoyLCJmZWF0dXJlZF9wb3NpdGlvbl9pZCI6Mjg5NjUxLCJwb3NpdGlvbiI6NywiaXNfc3BvdGxpZ2h0IjpmYWxzZX0:1vsts7:1pd1QZwmMz224DuMM-xcszv2HaKvhug3nCLXOlOBBZ0,14,5.067,50000,"['40% Web Development', '40% Custom Software Development', '10% Cloud Consulting & SI']",False,2184000.0,3,Medium
"TRIARE, LLC",US,Serves United States,https://ppc.clutch.co/ppc/click/%3Fs%3DeyJkZWNpc2lvbl9pZCI6IjMwMjA4MTQxLWFjZTEtNDEwYi1iMzExLTQxNzNlZWYyYTAxYiIsImltcHJlc3Npb25faWQiOiJjNzk2Y2FiYS05N2NhLTRmMWMtOWE0YS03MzVhOWMwMGE3MmIiLCJwcm92aWRlcl9pZCI6Njg3NjgxLCJmZWF0dXJlZF9saXN0aW5nX2lkIjoyLCJmZWF0dXJlZF9wb3NpdGlvbl9pZCI6MjM5ODU0LCJwb3NpdGlvbiI6OCwiaXNfc3BvdGxpZ2h0IjpmYWxzZX0:1vsts7:uTx2IpxliCdkRLiFTLBLV4Z2luVqitNuw2Xd2S48rSo,1,4.937,10000,"['41% Mobile App Development', '35% Web Development', '12% UX/UI Design']",False,156000.0,3,Medium
Arounda,US,Completed projects in 19 countries,https://ppc.clutch.co/ppc/click/%3Fs%3DeyJkZWNpc2lvbl9pZCI6IjMwMjA4MTQxLWFjZTEtNDEwYi1iMzExLTQxNzNlZWYyYTAxYiIsImltcHJlc3Npb25faWQiOiIwZGI5Y2E3Zi1lYTViLTQ1NGEtODM2Yy1jNDhmMTdkNDcyZjQiLCJwcm92aWRlcl9pZCI6MTE1MzA3MCwiZmVhdHVyZWRfbGlzdGluZ19pZCI6MiwiZmVhdHVyZWRfcG9zaXRpb25faWQiOjM3MzE4NywicG9zaXRpb24iOjksImlzX3Nwb3RsaWdodCI6ZmFsc2V9:1vsts7:SUGLt9r8A8KyTlQyRi9lXV6sfIY5WbYuZhk1dbt2pA8,29,5.072,25000,"['30% Web Development', '30% UX/UI Design', '10% Branding']",False,4524000.0,5,Medium
HUEMOR,US,"Pittsburgh, PA",https://huemor.rocks%3Futm_source%3Dclutch.co%26utm_medium%3Dreferral%26utm_campaign%3Dus-web-developers,29,4.872,25000,"['40% Web Design', '30% Web Development', '10% Search Engine Optimization', '10% UX/UI Design']",False,4524000.0,5,Medium
Scopic,US,"Marlborough, MA",https://scopicsoftware.com/web-development/%3Futm_source%3Dclutch.co%26utm_medium%3Dreferral%26utm_campaign%3Dus-web-developers,29,4.962,10000,"['30% AI Development', '25% Web Development', '10% Mobile App Development', '5% Cloud Consulting & SI']",False,4524000.0,5,Medium
Dev Technosys,US,Serves United States,https://ppc.clutch.co/ppc/click/%3Fs%3DeyJkZWNpc2lvbl9pZCI6IjMwMjA4MTQxLWFjZTEtNDEwYi1iMzExLTQxNzNlZWYyYTAxYiIsImltcHJlc3Npb25faWQiOiJkNjYyNzMzMy05YmQ1LTQwYjAtOTY0ZC00MDQ3ZmYyYjRkNzAiLCJwcm92aWRlcl9pZCI6NDYzMzQsImZlYXR1cmVkX2xpc3RpbmdfaWQiOjIsImZlYXR1cmVkX3Bvc2l0aW9uX2lkIjozNzc2ODUsInBvc2l0aW9uIjoxMCwiaXNfc3BvdGxpZ2h0IjpmYWxzZX0:1vsts7:82mjthSjm4sfrchuTCBXazIX7_IO_jW45i0or-6CsOU,100,4.8201,10000,"['55% Blockchain', '35% Mobile App Development', '10% Web Development']",False,15600000.0,5,Medium
Rekos Agency,US,Serves United States,https://ppc.clutch.co/ppc/click/%3Fs%3DeyJkZWNpc2lvbl9pZCI6IjMwMjA4MTQxLWFjZTEtNDEwYi1iMzExLTQxNzNlZWYyYTAxYiIsImltcHJlc3Npb25faWQiOiI3ODIyYjFhZS0zNzU4LTRkMGQtYWVhNC05ZGQ5MTgyYzAwYzUiLCJwcm92aWRlcl9pZCI6MjA2NzA4NywiZmVhdHVyZWRfbGlzdGluZ19pZCI6MiwiZmVhdHVyZWRfcG9zaXRpb25faWQiOjI2NDIwMywicG9zaXRpb24iOjExLCJpc19zcG90bGlnaHQiOmZhbHNlfQ:1vsts7:XMeUA4OkkVWqvXU42ESTVEzRZax7pCGH8re9tPrIyHw,29,4.926,5000,"['30% Web Development', '30% Web Design', '20% UX/UI Design']",False,4524000.0,5,Medium
Appello Software,US,Serves United States,https://ppc.clutch.co/ppc/click/%3Fs%3DeyJkZWNpc2lvbl9pZCI6IjMwMjA4MTQxLWFjZTEtNDEwYi1iMzExLTQxNzNlZWYyYTAxYiIsImltcHJlc3Npb25faWQiOiI1NDQ3N2EwYS1hOGY0LTQxYWMtYTkyYS0xZDA4NDQzNWU3NDIiLCJwcm92aWRlcl9pZCI6NTk1MDY2LCJmZWF0dXJlZF9saXN0aW5nX2lkIjoyLCJmZWF0dXJlZF9wb3NpdGlvbl9pZCI6MjM2MTQyLCJwb3NpdGlvbiI6MTIsImlzX3Nwb3RsaWdodCI6ZmFsc2V9:1vsts7:_9oWqhh5tK0NDuIwv6hq-blf5USrqLMyULgtOr4y2Cg,33,4.933,50000,"['55% Mobile App Development', '35% Custom Software Development', '10% Web Development']",False,5148000.0,5,Medium
"Wakefly, Inc.",US,"Westborough, MA",https://www.wakefly.com/%3Futm_source%3Dclutch.co%26utm_medium%3Dreferral%26utm_campaign%3Dus-web-developers,29,4.824,25000,"['55% Web Development', '20% Custom Software Development', '10% UX/UI Design']",False,4524000.0,5,Medium
UPQODE,US,"Atlanta, GA",https://upqode.com/%3Futm_source%3Dclutch.co%26utm_medium%3Dreferral%26utm_campaign%3Ddirectory,3,4.993,5000,"['40% Web Design', '30% Web Development', '10% Mobile App Development', '10% UX/UI Design']",False,468000.0,3,Medium
Read more,US,United States,https://ppc.clutch.co/ppc/click/%3Fs%3DeyJkZWNpc2lvbl9pZCI6IjMwMjA4MTQxLWFjZTEtNDEwYi1iMzExLTQxNzNlZWYyYTAxYiIsImltcHJlc3Npb25faWQiOiI3ZjhkMzVmMy0wNTQ2LTQ0NTQtODhlNS0zZjkyOTI2NDZkN2MiLCJwcm92aWRlcl9pZCI6MjUxNjkxNSwiZmVhdHVyZWRfbGlzdGluZ19pZCI6MiwiZmVhdHVyZWRfcG9zaXRpb25faWQiOjM4MjQ2NywicG9zaXRpb24iOjEzLCJpc19zcG90bGlnaHQiOmZhbHNlfQ:1vsts7:rF93uvCMcA_k09OFvOpY3R7BYDMaNuSkIayF2yzSZkQ,29,0.0,10000,"['20% Web Development', '20% AI Development', '20% Mobile App Development', '20% UX/UI Design']",False,3770000.0,3,Medium
ExpandX,US,Serves United States,https://ppc.clutch.co/ppc/click/%3Fs%3DeyJkZWNpc2lvbl9pZCI6IjMwMjA4MTQxLWFjZTEtNDEwYi1iMzExLTQxNzNlZWYyYTAxYiIsImltcHJlc3Npb25faWQiOiI0YzM0ZTU2Zi02MjZmLTRhMDMtODBjMy1kYWMzODQ1MDkxMzQiLCJwcm92aWRlcl9pZCI6NzMyNTA0LCJmZWF0dXJlZF9saXN0aW5nX2lkIjoyLCJmZWF0dXJlZF9wb3NpdGlvbl9pZCI6Mzg1MTMxLCJwb3NpdGlvbiI6MTQsImlzX3Nwb3RsaWdodCI6ZmFsc2V9:1vsts7:1TbXHQ0dOh9k4wD1hoyzvboV_6Zma2pqa_Rqfu9j5Aw,11,5.066,10000,"['30% Web Development', '20% E-Commerce Development', '10% Web Design']",False,1716000.0,3,Medium
DOOR3,US,"New York, NY",https://www.door3.com/%3Futm_source%3Dclutch.co%26utm_medium%3Dreferral,29,4.945,25000,"['25% Web Development', '25% AI Development', '25% UX/UI Design']",False,4524000.0,5,Medium
Oshyn,US,"Cypress, CA",https://www.oshyn.com/%3Futm_source%3Dclutch.co%26utm_medium%3Dreferral%26utm_campaign%3Dus-web-developers,29,4.918,25000,['100% Web Development'],False,4524000.0,5,Medium
LLT Group,US,"Los Angeles, CA",http://WWW.LLT-GROUP.COM,50,4.985,25000,"['45% Web Design', '30% Web Development', '5% Search Engine Optimization']",False,7800000.0,5,Medium
Storm Brain,US,"Carlsbad, CA",https://stormbrain.com/%3Futm_source%3Dclutch.co%26utm_medium%3Dreferral%26utm_campaign%3Ddirectory,29,5.0124,10000,"['40% Web Design', '20% Web Development', '10% E-Commerce Development', '10% Pay Per Click', '10% Search Engine Optimization']",False,4524000.0,5,Medium
Collective42,US,"Encinitas, CA",https://collective42.com/%3Futm_source%3Dclutch.co%26utm_medium%3Dreferral%26utm_campaign%3Ddirectory,29,5.029,5000,"['35% Web Development', '35% Web Design', '10% Pay Per Click']",False,4524000.0,5,Medium
Orases,US,"Frederick, MD",https://www.orases.com/%3Futm_source%3Dclutch.co%26utm_medium%3Dreferral%26utm_campaign%3Ddirectory,29,5.071,75000,"['20% Web Development', '20% Custom Software Development', '20% Mobile App Development']",False,4524000.0,5,Medium
Vrrb - Web & Product Design Agency,US,"Los Angeles, CA",http://www.vrrb.com/%3Futm_source%3Dclutch.co%26utm_medium%3Dreferral%26utm_campaign%3Dus-web-developers,29,4.934,25000,"['25% Web Development', '25% Web Design', '10% Custom Software Development', '10% E-Commerce Development', '10% UX/UI Design']",False,4524000.0,5,Medium
JetRockets,US,"Brooklyn, NY",https://jetrockets.com/,29,4.946,25000,"['30% Web Development', '30% Custom Software Development', '10% AI Development']",False,4524000.0,5,Medium
Ignite Visibility,US,"San Diego, CA",https://ignitevisibility.com/%3Futm_source%3Dclutch.co%26utm_medium%3Dreferral%26utm_campaign%3Ddirectory,29,4.817,10000,"['40% Search Engine Optimization', '10% Web Development', '10% Low/No Code Development', '10% Pay Per Click', '10% Web Design']",False,4524000.0,5,Medium
efelle creative,US,"Seattle, WA",http://www.seattlewebdesign.com%3Futm_source%3Dclutch.co%26utm_medium%3Dreferral%26utm_campaign%3Dus-web-developers,29,5.063,25000,"['30% Web Development', '30% Web Design', '10% Pay Per Click', '10% Search Engine Optimization']",False,4524000.0,5,Medium
"Oomph, Inc.",US,"Providence, RI",https://oomphinc.com/%3Futm_source%3Dclutch%26utm_medium%3Dreferral%26utm_campaign%3Dprofile,29,5.017,25000,"['30% Web Development', '20% Digital Strategy', '20% Web Design', '10% Custom Software Development']",False,4524000.0,5,Medium
Swovo,US,"Boulder, CO",https://flatirons.com/services/web-development/%3Futm_source%3Dclutch.co%26utm_medium%3Dreferral%26utm_campaign%3Dus-web-developers,29,5.027,50000,"['40% Web Development', '20% Mobile App Development', '10% Custom Software Development', '10% IT Staff Augmentation', '10% UX/UI Design']",False,4524000.0,5,Medium
Perpetual,US,"New York, NY",http://www.perpetualny.com/services/web-development/%3Futm_source%3Dclutch.co/%26utm_medium%3Dreferral%26utm_campaign%3Dus-web-developers,29,4.996,25000,"['30% UX/UI Design', '20% Web Development', '10% Custom Software Development', '10% Mobile App Development', '10% Web Design', '3% AI Development', '2% E-Commerce Development']",False,4524000.0,5,Medium
Three29,US,"Jacksonville, FL",https://three29.com/top-web-developers/%3Futm_source%3Dclutch.co%26utm_medium%3Dreferral%26utm_campaign%3Dus-web-developers,29,4.94,10000,"['25% Web Design', '20% Web Development', '10% Branding', '10% Search Engine Optimization']",False,4524000.0,5,Medium
Diffco,US,"San Jose, CA",https://diffco.us/%3Futm_source%3Dclutch.co%26utm_medium%3Dreferral%26utm_campaign%3Dus-web-developers,29,5.031,25000,"['25% AI Development', '20% IT Staff Augmentation', '15% Web Development', '15% Mobile App Development']",False,4524000.0,5,Medium
RoleModel Software,US,"Apex, NC",https://www.rolemodelsoftware.com%3Futm_source%3Dclutch.co%26utm_medium%3Dreferral%26utm_campaign%3Dus-web-developers,29,4.924,5000,"['40% Web Development', '40% Custom Software Development', '10% UX/UI Design']",False,4524000.0,5,Medium
Ammo Studio,US,"Dallas, TX",https://www.ammo.studio/%3Futm_source%3Dclutch.co%26utm_medium%3Dreferral%26utm_campaign%3Ddirectory,100,4.917,10000,"['35% Web Development', '35% Web Design', '10% Low/No Code Development', '10% UX/UI Design']",False,15600000.0,5,Medium
Culture Foundry,US,"Austin, TX",https://www.culturefoundry.com/%3Futm_source%3Dclutch.co%26utm_medium%3Dreferral%26utm_campaign%3Ddirectory,29,5.015,25000,"['30% Web Development', '30% Web Design', '10% Custom Software Development']",False,4524000.0,5,Medium
Off-Site Services,US,"New York, NY",https://www.oss-usa.com/%3Futm_source%3Dclutch.co%26utm_medium%3Dreferral%26utm_campaign%3Dus-web-developers,29,5.05,10000,"['70% Web Development', '10% Application Testing', '10% IT Staff Augmentation']",False,4524000.0,5,Medium
Baunfire,US,"San Jose, CA",https://www.baunfire.com%3Futm_source%3Dclutch.co%26utm_medium%3Dreferral%26utm_campaign%3Dus-web-developers,29,4.932,75000,"['55% Web Design', '20% Web Development', '10% UX/UI Design', '5% Digital Strategy']",False,4524000.0,5,Medium
INOXOFT,US,"Newark, DE",https://inoxoft.com%3Futm_source%3Dclutch.co%26utm_medium%3Dreferral%26utm_campaign%3Dus-web-developers,29,0.0,25000,['40% Web Development'],False,3770000.0,3,Medium
Airdev,US,"San Francisco, CA",https://www.airdev.co/bubble-development/bubble-agency%3Fcontent%3Dgeneral%26utm_source%3Dclutch.co%26utm_medium%3Dreferral%26utm_campaign%3Ddirectory,29,0.0,10000,['40% Web Development'],False,3770000.0,3,Medium
KITRUM,US,"Tampa, FL",https://kitrum.com/%3Futm_source%3Dclutch.co%26utm_medium%3Dreferral%26utm_campaign%3Ddirectory,29,0.0,25000,['20% Web Development'],False,3770000.0,3,Medium
Dualboot Partners,US,"Charlotte, NC",https://dualbootpartners.com/clutch/web-development/%3Futm_source%3Dclutch.co%26utm_medium%3Dreferral%26utm_campaign%3Dus-web-developers,29,0.0,75000,['20% Web Development'],False,3770000.0,3,Medium
Toptal,US,"San Francisco, CA",https://www.toptal.com/%3Futm_source%3Dclutch,29,0.0,50000,['15% Web Development'],False,3770000.0,3,Medium
KrishaWeb,US,"Loveland, CO",https://www.krishaweb.com%3Futm_source%3Dclutch.co%26utm_medium%3Dreferral%26utm_campaign%3Dus-web-developers,29,0.0,5000,['40% Web Development'],False,3770000.0,3,Medium
Apptechies,US,"Austin, TX",https://www.apptechies.com%3Futm_source%3Dclutch%26utm_medium%3Ddirectory%26utm_campaign%3Dbusiness_listing,29,0.0,10000,['35% Web Development'],False,3770000.0,3,Medium
The Frontend Company,US,"Covina, CA",https://thefrontendcompany.com/%3Futm_source%3Dclutch.co%26utm_medium%3Dreferral%26utm_campaign%3Ddirectory,29,0.0,10000,['100% Web Development'],False,3770000.0,3,Medium
CyberCraft,US,"San Francisco, CA",https://cybercraftinc.com/%3Futm_source%3Dclutch.co%26utm_medium%3Dreferral%26utm_campaign%3Ddirectory,29,0.0,50000,['40% Web Development'],False,3770000.0,3,Medium
"Jahnel Group, Inc.",US,"Schenectady, NY",https://www.jahnelgroup.com/%3Futm_source%3Dclutch.co%26utm_medium%3Dreferral%26utm_campaign%3Ddirectory,29,0.0,25000,['40% Web Development'],False,3770000.0,3,Medium
Vincit,US,"Irvine, CA",https://www.vincit.com/%3Futm_source%3Dclutch.co%26utm_medium%3Dreferral%26utm_campaign%3Dus-web-developers,29,0.0,50000,['30% Web Development'],False,3770000.0,3,Medium
Bacancy,US,"Miami, FL",https://www.bacancytechnology.com%3Futm_source%3Dclutch.co%26utm_medium%3Dreferral%26utm_campaign%3Ddirectory,29,0.0,10000,['40% Web Development'],False,3770000.0,3,Medium
Freshy,US,"Binghamton, NY",https://freshysites.com/%3Futm_source%3Dclutch.co%26utm_medium%3Dreferral%26utm_campaign%3Ddirectory,29,0.0,5000,['45% Web Development'],False,3770000.0,3,Medium
Evince Development,US,"New York, NY",https://evincedev.com/web-development-company/,29,0.0,10000,['40% Web Development'],False,3770000.0,3,Medium
HTMLPanda,US,"Boston, MA",https://www.htmlpanda.com/ecommerce-development.php%3Futm_source%3Dclutch.co%26utm_medium%3Dreferral%26utm_campaign%3Ddevelopers-ecommerce,29,0.0,1000,['40% Web Development'],False,3770000.0,3,Medium
Coherent Solutions,US,Serves United States,https://ppc.clutch.co/ppc/click/%3Fs%3DeyJkZWNpc2lvbl9pZCI6IjM0YWY3OTk2LWU4MTYtNDEyZi1hN2RjLTQ1YjFkNjA2MDMzMSIsImltcHJlc3Npb25faWQiOiI4ZWQxMGMxYy1jMGZjLTQ3M2MtODliMi05YTI2Mzk5OTYyNGYiLCJwcm92aWRlcl9pZCI6ODI0NDksImZlYXR1cmVkX2xpc3RpbmdfaWQiOjIsImZlYXR1cmVkX3Bvc2l0aW9uX2lkIjozNDgyODIsInBvc2l0aW9uIjoxLCJpc19zcG90bGlnaHQiOmZhbHNlfQ:1vstfj:UUeltDVVVwNXUQwrIc7M4HJGymyoCJCQcHeMTh7IZN4,29,4.73,50000,"['30% AI Development', '15% Web Development', '10% Cloud Consulting & SI']",False,4524000.0,5,Medium
Proven,US,Serves United States,https://ppc.clutch.co/ppc/click/%3Fs%3DeyJkZWNpc2lvbl9pZCI6IjM0YWY3OTk2LWU4MTYtNDEyZi1hN2RjLTQ1YjFkNjA2MDMzMSIsImltcHJlc3Npb25faWQiOiI1NGUwOGNiMC1hYzg1LTQ0MGUtOTEwZC0xZTY1OWRiYjJmMmYiLCJwcm92aWRlcl9pZCI6MzUwNTgwLCJmZWF0dXJlZF9saXN0aW5nX2lkIjoyLCJmZWF0dXJlZF9wb3NpdGlvbl9pZCI6MjM3OTU4LCJwb3NpdGlvbiI6MiwiaXNfc3BvdGxpZ2h0IjpmYWxzZX0:1vstfj:6Q5M8oW059jJjtz6gGPYxQcv6mcTxsWCmpmKICzW4eg,29,4.912,25000,"['25% Web Development', '25% Web Design', '10% Custom Software Development', '10% UX/UI Design']",False,4524000.0,5,Medium
Storm Brain,US,Serves United States,https://ppc.clutch.co/ppc/click/%3Fs%3DeyJkZWNpc2lvbl9pZCI6IjM0YWY3OTk2LWU4MTYtNDEyZi1hN2RjLTQ1YjFkNjA2MDMzMSIsImltcHJlc3Npb25faWQiOiJjYzI2YTNhMy0yMmE0LTQxOTMtOWQxZS1iNTYxM2JiNzA0MGEiLCJwcm92aWRlcl9pZCI6MTQ0MzUyLCJmZWF0dXJlZF9saXN0aW5nX2lkIjoyLCJmZWF0dXJlZF9wb3NpdGlvbl9pZCI6MzAzNTk5LCJwb3NpdGlvbiI6MywiaXNfc3BvdGxpZ2h0IjpmYWxzZX0:1vstfj:3u7i8-VwjqXBmPA6AnUZ0vZKXSu_jfvPZiwUeZVlHLc,29,5.0124,10000,"['40% Web Design', '20% Web Development', '10% E-Commerce Development', '10% Pay Per Click', '10% Search Engine Optimization']",False,4524000.0,5,Medium
Wve Labs,US,"Beverly Hills, CA",https://www.wvelabs.com/contactus%3Futm_source%3Dclutch.co%26utm_medium%3Dprofilebutton%26utm_campaign%3Dwveclutch,29,5.031,10000,"['50% Mobile App Development', '20% Web Development', '10% UX/UI Design']",False,4524000.0,5,Medium
Simpalm,US,"Chicago, IL",https://www.simpalm.com/%3Futm_source%3Dclutch.co%26utm_medium%3Dreferral%26utm_campaign%3Dclutch-boosted-placements,23,4.964,25000,"['50% Mobile App Development', '15% Web Development', '5% UX/UI Design']",False,3588000.0,3,Medium
DRUM'N'CODE,US,Serves United States,https://ppc.clutch.co/ppc/click/%3Fs%3DeyJkZWNpc2lvbl9pZCI6IjM0YWY3OTk2LWU4MTYtNDEyZi1hN2RjLTQ1YjFkNjA2MDMzMSIsImltcHJlc3Npb25faWQiOiI4NDAwZjU3ZC0xZWVmLTQyZGMtOWExZi02MjdiNDVlNzkzM2YiLCJwcm92aWRlcl9pZCI6MTE1NDM1OCwiZmVhdHVyZWRfbGlzdGluZ19pZCI6MiwiZmVhdHVyZWRfcG9zaXRpb25faWQiOjI1OTc1OCwicG9zaXRpb24iOjQsImlzX3Nwb3RsaWdodCI6ZmFsc2V9:1vstfj:UZEoSJFPGkc7vLwLletpyJ7aOASrZ_FcaKyTV6UnwS8,29,5.025,1000,"['30% Web Development', '30% Custom Software Development', '15% Web Design', '10% Mobile App Development']",False,4524000.0,5,Medium
Appunite,US,Serves United States,https://ppc.clutch.co/ppc/click/%3Fs%3DeyJkZWNpc2lvbl9pZCI6IjM0YWY3OTk2LWU4MTYtNDEyZi1hN2RjLTQ1YjFkNjA2MDMzMSIsImltcHJlc3Npb25faWQiOiI4OTBhOTRmOC01YzQzLTRjYzQtYTBjMC0yOTAyYWNjN2NkZjUiLCJwcm92aWRlcl9pZCI6MzMyMTgsImZlYXR1cmVkX2xpc3RpbmdfaWQiOjIsImZlYXR1cmVkX3Bvc2l0aW9uX2lkIjoyMzc2MzYsInBvc2l0aW9uIjo1LCJpc19zcG90bGlnaHQiOmZhbHNlfQ:1vstfj:oacvc48KzbFqXoLD9BFAdRsbgnXxcC6dEL3c3hfMyk4,29,4.921,10000,"['20% Web Development', '20% Custom Software Development', '10% E-Commerce Development', '10% Generative AI', '10% Low/No Code Development', '10% Web Design']",False,4524000.0,5,Medium
TKX Media,US,Serves United States,https://ppc.clutch.co/ppc/click/%3Fs%3DeyJkZWNpc2lvbl9pZCI6IjM0YWY3OTk2LWU4MTYtNDEyZi1hN2RjLTQ1YjFkNjA2MDMzMSIsImltcHJlc3Npb25faWQiOiJhYTE4OGVhNS1iNDdkLTQxMDEtOTVmMi04NjFhYjcxYjBjYjciLCJwcm92aWRlcl9pZCI6MjUzMTE5NCwiZmVhdHVyZWRfbGlzdGluZ19pZCI6MiwiZmVhdHVyZWRfcG9zaXRpb25faWQiOjM1MTI2MSwicG9zaXRpb24iOjYsImlzX3Nwb3RsaWdodCI6ZmFsc2V9:1vstfj:UBTWIrvrpv5DML1WNNbCVEXHSreGKgsW3OoURAAUF-Y,29,5.011,5000,"['40% Search Engine Optimization', '40% Web Design', '20% Advertising']",False,4524000.0,5,Medium
Calibrate Software,US,"Chicago, IL",https://www.calibrated.io/contact/%3Futm_source%3Dclutch.co%26utm_medium%3Dreferral%26utm_campaign%3Ddirectory,29,4.937,25000,"['40% Mobile App Development', '25% Web Development', '10% Custom Software Development', '10% Web Design']",False,4524000.0,5,Medium
Sembit,US,"Portland, OR",https://www.sembit.com/Clutch/%3Futm_source%3Dclutch%26utm_medium%3Dreferral%26utm_campaign%3Ddirectory,29,4.932,5000,"['40% Mobile App Development', '30% Web Development', '10% Web Design']",False,4524000.0,5,Medium
VisualFizz,US,"Chicago, IL",https://www.visualfizz.com/services/web-development-agency/%3Futm_source%3Dclutch.co%26utm_medium%3Dreferral%26utm_campaign%3Dus-web-developers,29,5.026,5000,"['25% Web Development', '20% Search Engine Optimization', '10% Pay Per Click']",False,4524000.0,5,Medium
N4 Studio®,US,"Los Angeles, CA",https://www.n4.studio/webflow-enterprise-agency,29,5.021,5000,"['50% Web Development', '50% Web Design']",False,4524000.0,5,Medium
Emergent Software,US,"Minneapolis, MN",https://www.emergentsoftware.net/%3Futm_source%3Dclutch.co%26utm_medium%3Dreferral%26utm_campaign%3Dweb%2Bdevelopment%2Bus,29,4.935,25000,"['30% Custom Software Development', '25% Web Development']",False,4524000.0,5,Medium
Geniusee,US,Serves United States,https://ppc.clutch.co/ppc/click/%3Fs%3DeyJkZWNpc2lvbl9pZCI6IjM0YWY3OTk2LWU4MTYtNDEyZi1hN2RjLTQ1YjFkNjA2MDMzMSIsImltcHJlc3Npb25faWQiOiIwMGFkY2RmNS0xYWUwLTQ2M2EtYmQyZC0xOTU0MmM4YThlMjUiLCJwcm92aWRlcl9pZCI6MTUzOTkxLCJmZWF0dXJlZF9saXN0aW5nX2lkIjoyLCJmZWF0dXJlZF9wb3NpdGlvbl9pZCI6Mjg5NjUxLCJwb3NpdGlvbiI6NywiaXNfc3BvdGxpZ2h0IjpmYWxzZX0:1vstfj:2wU0hBFl9r3fTzwFnChN1Dz9yAq22ZwKbK19pGrcKow,29,5.067,50000,"['40% Web Development', '40% Custom Software Development', '10% Cloud Consulting & SI']",False,4524000.0,5,Medium
"TRIARE, LLC",US,Serves United States,https://ppc.clutch.co/ppc/click/%3Fs%3DeyJkZWNpc2lvbl9pZCI6IjM0YWY3OTk2LWU4MTYtNDEyZi1hN2RjLTQ1YjFkNjA2MDMzMSIsImltcHJlc3Npb25faWQiOiJkOTYzZDU1My04ZDYwLTRkOWUtOGFiNi1lMWUwOGRiOTk1MTMiLCJwcm92aWRlcl9pZCI6Njg3NjgxLCJmZWF0dXJlZF9saXN0aW5nX2lkIjoyLCJmZWF0dXJlZF9wb3NpdGlvbl9pZCI6MjM5ODU0LCJwb3NpdGlvbiI6OCwiaXNfc3BvdGxpZ2h0IjpmYWxzZX0:1vstfj:fWFKCBJHIRzXctYcYRVBst-8hwc35pgLwTeTLpF16Pk,29,4.937,10000,"['41% Mobile App Development', '35% Web Development', '12% UX/UI Design']",False,4524000.0,5,Medium
Arounda,US,United States,https://ppc.clutch.co/ppc/click/%3Fs%3DeyJkZWNpc2lvbl9pZCI6IjM0YWY3OTk2LWU4MTYtNDEyZi1hN2RjLTQ1YjFkNjA2MDMzMSIsImltcHJlc3Npb25faWQiOiI4MTk0MzNiOS1mYzEyLTQzNGMtOTEzNS1kZjJhNDFmYjA5NjgiLCJwcm92aWRlcl9pZCI6MTE1MzA3MCwiZmVhdHVyZWRfbGlzdGluZ19pZCI6MiwiZmVhdHVyZWRfcG9zaXRpb25faWQiOjM3MzE4NywicG9zaXRpb24iOjksImlzX3Nwb3RsaWdodCI6ZmFsc2V9:1vstfj:hq7q9H2c1herjMiZ2tvIXFU0lx6mvk-Rkgyvw0YVA84,29,5.072,25000,"['30% Web Development', '30% UX/UI Design', '10% Branding']",False,4524000.0,5,Medium
Orangesoft,US,"San Francisco, CA",https://orangesoft.co/%3Futm_source%3Dclutch%26utm_medium%3Dreferral,29,4.941,25000,"['40% Mobile App Development', '20% Web Development', '20% IoT Development']",False,4524000.0,5,Medium
Clockwork,US,"Minneapolis, MN",https://www.clockwork.com/%3Futm_source%3Dclutch.co%26utm_medium%3Dreferral%26utm_campaign%3Ddirectory,29,5.01,75000,"['20% Web Development', '20% Digital Strategy', '15% Custom Software Development', '15% Web Design', '10% Mobile App Development']",False,4524000.0,5,Medium
Dev Technosys,US,Serves United States,https://ppc.clutch.co/ppc/click/%3Fs%3DeyJkZWNpc2lvbl9pZCI6IjM0YWY3OTk2LWU4MTYtNDEyZi1hN2RjLTQ1YjFkNjA2MDMzMSIsImltcHJlc3Npb25faWQiOiI2Y2QzMTI5ZS1iYmM2LTQ1Y2ItOWMxMy0xZmVmNTE5NWU2YmMiLCJwcm92aWRlcl9pZCI6NDYzMzQsImZlYXR1cmVkX2xpc3RpbmdfaWQiOjIsImZlYXR1cmVkX3Bvc2l0aW9uX2lkIjozNzc2ODUsInBvc2l0aW9uIjoxMCwiaXNfc3BvdGxpZ2h0IjpmYWxzZX0:1vstfj:UvqgSnkpkyXko6Q1WCFShURANCrwhpBTnTJPDQ8EcEA,100,4.8201,10000,"['55% Blockchain', '35% Mobile App Development', '10% Web Development']",False,15600000.0,5,Medium
Rekos Agency,US,Serves United States,https://ppc.clutch.co/ppc/click/%3Fs%3DeyJkZWNpc2lvbl9pZCI6IjM0YWY3OTk2LWU4MTYtNDEyZi1hN2RjLTQ1YjFkNjA2MDMzMSIsImltcHJlc3Npb25faWQiOiI2OWJiNzE0YS1hYzM3LTQzODgtOTZmOS02MjI2NzMxODkyNDUiLCJwcm92aWRlcl9pZCI6MjA2NzA4NywiZmVhdHVyZWRfbGlzdGluZ19pZCI6MiwiZmVhdHVyZWRfcG9zaXRpb25faWQiOjI2NDIwMywicG9zaXRpb24iOjExLCJpc19zcG90bGlnaHQiOmZhbHNlfQ:1vstfj:r0eNwKqMrlKjN9-_nyJVBDzJZZWUdK3JNAKqTWruogs,29,4.926,5000,"['30% Web Development', '30% Web Design', '20% UX/UI Design']",False,4524000.0,5,Medium
Appello Software,US,Serves United States,https://ppc.clutch.co/ppc/click/%3Fs%3DeyJkZWNpc2lvbl9pZCI6IjM0YWY3OTk2LWU4MTYtNDEyZi1hN2RjLTQ1YjFkNjA2MDMzMSIsImltcHJlc3Npb25faWQiOiI2NDczMmQwYi0zZDVjLTRkYzQtYjc1OS0wM2IyNjY2ZDNmMmMiLCJwcm92aWRlcl9pZCI6NTk1MDY2LCJmZWF0dXJlZF9saXN0aW5nX2lkIjoyLCJmZWF0dXJlZF9wb3NpdGlvbl9pZCI6MjM2MTQyLCJwb3NpdGlvbiI6MTIsImlzX3Nwb3RsaWdodCI6ZmFsc2V9:1vstfj:PEKq7pIsDK_l-L2EOFI3fjIFfi19DyTugMU_dSzSoQA,33,4.933,50000,"['55% Mobile App Development', '35% Custom Software Development', '10% Web Development']",False,5148000.0,5,Medium
Topflight Apps,US,"Irvine, CA",https://topflightapps.com/%3Futm_source%3Dclutch.co%26utm_medium%3Dreferral%26utm_campaign%3Dus-web-developers,29,4.94,50000,"['30% Mobile App Development', '15% Web Development', '15% UX/UI Design', '10% Low/No Code Development']",False,4524000.0,5,Medium
August Ash,US,"Bloomington, MN",https://www.augustash.com/%3Futm_source%3Dclutch.co%26utm_medium%3Dreferral%26utm_campaign%3Ddirectory,29,4.823,10000,"['30% Web Development', '10% Digital Strategy', '10% Pay Per Click', '10% Search Engine Optimization', '10% UX/UI Design', '10% Web Design']",False,4524000.0,5,Medium
Read more,US,United States,https://ppc.clutch.co/ppc/click/%3Fs%3DeyJkZWNpc2lvbl9pZCI6IjM0YWY3OTk2LWU4MTYtNDEyZi1hN2RjLTQ1YjFkNjA2MDMzMSIsImltcHJlc3Npb25faWQiOiI5MTQxMjc4My1iNDAyLTQwMmItOThkMy03ZjdiZWJkNGRmOWQiLCJwcm92aWRlcl9pZCI6MjUxNjkxNSwiZmVhdHVyZWRfbGlzdGluZ19pZCI6MiwiZmVhdHVyZWRfcG9zaXRpb25faWQiOjM4MjQ2NywicG9zaXRpb24iOjEzLCJpc19zcG90bGlnaHQiOmZhbHNlfQ:1vstfj:JjA7T167jcTkjVme411i0Dx02FGdwOhv_PyT9QmEY8w,29,0.0,10000,"['20% Web Development', '20% AI Development', '20% Mobile App Development', '20% UX/UI Design']",False,3770000.0,3,Medium
ExpandX,US,Serves United States,https://ppc.clutch.co/ppc/click/%3Fs%3DeyJkZWNpc2lvbl9pZCI6IjM0YWY3OTk2LWU4MTYtNDEyZi1hN2RjLTQ1YjFkNjA2MDMzMSIsImltcHJlc3Npb25faWQiOiIwYmE3MTFiNy1lZjcyLTRjZmUtOGJjOS03NzBiNDMwYjRlZTQiLCJwcm92aWRlcl9pZCI6NzMyNTA0LCJmZWF0dXJlZF9saXN0aW5nX2lkIjoyLCJmZWF0dXJlZF9wb3NpdGlvbl9pZCI6Mzg1MTMxLCJwb3NpdGlvbiI6MTQsImlzX3Nwb3RsaWdodCI6ZmFsc2V9:1vstfj:28jv5rJNtOtGdwM_FwtoYB6eYmcDCn2XpZ9GfpMrr5E,29,5.066,10000,"['30% Web Development', '20% E-Commerce Development', '10% Web Design']",False,4524000.0,5,Medium
"Six Feet Up, Inc.",US,"Fishers, IN",https://sixfeetup.com/%3Futm_source%3Dclutch.co%26utm_medium%3Dreferral%26utm_campaign%3Ddirectory,29,5.024,50000,"['50% Custom Software Development', '10% Web Development']",False,4524000.0,5,Medium
Temper And Forge,US,"Boston, MA",https://temperandforge.com/%3Futm_source%3Dclutch.co%26utm_medium%3Dreferral,29,5.05,10000,"['35% Web Development', '25% Web Design', '10% Low/No Code Development', '10% UX/UI Design']",False,4524000.0,5,Medium
Synergy Labs,US,"Atlanta, GA",https://www.synergylabs.co/top-app-development,29,4.945,25000,"['60% Mobile App Development', '10% Web Development', '10% Custom Software Development', '10% Generative AI']",False,4524000.0,5,Medium
Bluelight,US,"Sacramento, CA",https://bluelight.co/landing/hire-top-us-web-developers%3Futm_source%3Dclutch.co%26utm_medium%3Dreferral%26utm_campaign%3Dus-web-developers,29,5.017,10000,"['30% Custom Software Development', '20% Web Development', '10% AI Development', '10% IT Staff Augmentation', '10% UX/UI Design']",False,4524000.0,5,Medium
AppMakers USA,US,"Los Angeles, CA",https://appmakersla.com/clutch/mobile/us/%3Futm_source%3Dclutch.co%26utm_medium%3Dreferral%26utm_campaign%3Dprofile,29,5.096,10000,"['55% Mobile App Development', '10% Web Development', '10% UX/UI Design']",False,4524000.0,5,Medium
Red Foundry,US,"Chicago, IL",http://www.redfoundry.com/%3Futm_source%3Dclutch.co%26utm_medium%3Dreferral,29,4.845,50000,"['60% Mobile App Development', '20% Web Development', '10% UX/UI Design']",False,4524000.0,5,Medium
Moonstone Interactive,US,"San Ramon, CA",https://www.msinteractive.com/is-your-website-helping-you-grow/%3Futm_source%3Dclutch.co%26utm_medium%3Dreferral%26utm_campaign%3Dus-web-developers,29,5.011,10000,"['35% Web Development', '15% Web Design', '10% Custom Software Development', '10% Mobile App Development']",False,4524000.0,5,Medium
VALMAX,US,"Chicago, IL",https://valmax.agency/%3Futm_source%3Dclutch.co%26utm_medium%3Dreferral%26utm_campaign%3Dprofile,29,5.09,5000,"['35% Web Design', '20% UX/UI Design', '10% Web Development', '10% E-Commerce Development']",False,4524000.0,5,Medium
Phenomenon Studio,US,"Allentown, PA",https://phenomenonstudio.com/%3Futm_source%3Dclutch.co%26utm_medium%3Dreferral%26utm_campaign%3Ddirectory,1,5.05,10000,"['25% UX/UI Design', '15% Web Development', '10% Custom Software Development', '10% Low/No Code Development', '10% Mobile App Development', '10% Web Design']",False,156000.0,3,Medium
Capitol Tech Solutions,US,"Sacramento, CA",https://www.capitoltechsolutions.com%3Futm_source%3Dclutch.co%26utm_medium%3Dreferral%26utm_campaign%3Ddirectory,29,5.014,10000,"['30% Web Development', '30% Custom Software Development', '10% IoT Development']",False,4524000.0,5,Medium
Facet Interactive,US,"El Segundo, CA",https://facetinteractive.com/services/web-msp%3Futm_source%3Dclutch.co%26utm_medium%3Dreferral%26utm_campaign%3Dus-web-developers,29,4.923,5000,"['10% Web Development', '10% Cloud Consulting & SI', '10% Custom Software Development', '10% Digital Strategy', '10% IT Staff Augmentation']",False,4524000.0,5,Medium
iTech4Web,US,"Lisle, IL",https://itech4web.com/%3Futm_source%3Dclutch.co%26utm_medium%3Dreferral%26utm_campaign%3Ddirectory,29,4.91,10000,"['70% Web Development', '30% UX/UI Design']",False,4524000.0,5,Medium
Saritasa,US,"Chicago, IL",https://www.saritasa.com/%3Futm_source%3Dclutch.co%26utm_medium%3Dreferral%26utm_campaign%3Dclutch_profile,29,4.8101,50000,"['40% Custom Software Development', '10% Web Development', '10% AI Development', '10% Mobile App Development']",False,4524000.0,5,Medium
Lform Design,US,"Montclair, NJ",https://lform.com%3Futm_source%3Dclutch.co%26utm_medium%3Dreferral%26utm_campaign%3Dus-web-developers,29,4.833,25000,"['35% Web Development', '35% Web Design', '10% UX/UI Design']",False,4524000.0,5,Medium
Coalition Technologies,US,"Austin, TX",https://coalitiontechnologies.com/contact/%3Futm_source%3Dclutch.co%26utm_medium%3Dreferral%26utm_campaign%3Ddirectory,29,4.8158,1000,"['70% Search Engine Optimization', '10% Web Development', '10% Web Design']",False,4524000.0,5,Medium
Buzzworthy Studio,US,"Brooklyn, NY",https://buzzworthystudio.com/contact,29,5.021,25000,"['25% Web Development', '25% E-Commerce Development', '15% Custom Software Development', '10% Search Engine Optimization']",False,4524000.0,5,Medium
Twin Sun,US,"Nashville, TN",https://twinsunsolutions.com/%3Futm_source%3Dclutch.co%26utm_medium%3Dreferral%26utm_campaign%3Dus-web-developers,29,5.02,25000,"['25% Web Development', '25% Custom Software Development', '10% Generative AI', '5% AI Development', '5% UX/UI Design']",False,4524000.0,5,Medium
VOLTAGE,US,"Kansas City, MO",https://voltage.digital/%3Futm_source%3Dclutch.co%26utm_medium%3Dreferral%26utm_campaign%3Ddirectory,29,5.09,5000,"['25% Search Engine Optimization', '20% Web Development', '20% Pay Per Click', '15% Web Design']",False,4524000.0,5,Medium
Groundwrk,US,"Denver, CO",https://www.groundwrk.com/clutch-home/,29,5.016,25000,"['45% Web Design', '35% Web Development']",False,4524000.0,5,Medium
"New Target, Inc. - The Digital Agency",US,"Alexandria, VA",http://www.newtarget.com/%3Futm_source%3Dclutch.co%26utm_medium%3Dreferral%26utm_campaign%3Ddirectory,29,4.932,10000,"['20% Web Development', '20% Search Engine Optimization', '10% Branding', '10% Pay Per Click']",False,4524000.0,5,Medium
Mantyweb LLC,US,"Cypress, TX",https://mantyweb.com/web-services/%3Futm_source%3Dclutch.co%26utm_medium%3Dreferral%26utm_campaign%3Dus-web-developers,29,5.01,5000,"['50% Web Development', '15% Pay Per Click', '10% Digital Strategy', '10% Web Design']",False,4524000.0,5,Medium
Big Red Jelly,US,"Provo, UT",https://bigredjelly.com%3Futm_source%3Dclutch.co%26utm_medium%3Dreferral%26utm_campaign%3Dus-web-developers,29,4.916,1000,"['20% Branding', '10% Web Development', '10% Digital Strategy', '10% Search Engine Optimization', '5% Pay Per Click']",False,4524000.0,5,Medium
Taoti Creative,US,"Washington, DC",https://taoti.com/%3Futm_source%3Dclutch.co%26utm_medium%3Dreferral%26utm_campaign%3Dus-web-developers,29,4.916,25000,"['20% Web Development', '10% Digital Strategy', '10% UX/UI Design']",False,4524000.0,5,Medium
Imarc,US,"Amesbury, MA",https://info.imarc.com/top-web-development-agency-on-clutch,29,4.833,75000,"['25% Web Development', '25% Web Design', '15% AI Development', '15% UX/UI Design']",False,4524000.0,5,Medium
NEWMEDIA.COM,US,"Denver, CO",https://newmedia.com/%3Futm_source%3Dclutch.co%26utm_medium%3Dreferral%26utm_campaign%3Ddirectory,29,5.021,10000,"['15% Web Development', '15% Search Engine Optimization', '10% Digital Strategy', '10% E-Commerce Development', '10% Web Design']",False,4524000.0,5,Medium
Plaudit Design,US,"New York, NY",https://www.plaudit.com/%3Futm_source%3Dclutch.co%26utm_medium%3Dreferral,23,5.01,25000,"['25% Web Development', '25% Web Design', '15% Pay Per Click', '15% Search Engine Optimization']",False,3588000.0,3,Medium
CyberOptik,US,"Elmhurst, IL",https://www.cyberoptik.net/%3Futm_source%3Dclutch.co%26utm_medium%3Dreferral%26utm_campaign%3Ddirectory,29,4.987,1000,"['50% Web Design', '10% Web Development', '10% Pay Per Click', '10% Search Engine Optimization', '10% UX/UI Design']",False,4524000.0,5,Medium
Dragon Army,US,"Atlanta, GA",https://dragonarmy.com/our-work%3Futm_source%3Dclutch.co%26utm_medium%3Dreferral%26utm_campaign%3Dus-web-developers,29,4.916,25000,"['20% Web Development', '20% Web Design', '15% UX/UI Design', '10% Mobile App Development']",False,4524000.0,5,Medium
Non-Linear Studio,US,"Park City, UT",https://non-linear.studio/%3Futm_source%3Dclutch.co%26utm_medium%3Dreferral%26utm_campaign%3Ddirectory,29,5.05,25000,"['40% Web Development', '40% Web Design', '20% Branding']",False,4524000.0,5,Medium
Gatorworks,US,"Baton Rouge, LA",https://gatorworks.net/%3Futm_source%3Dclutch.co%26utm_medium%3Dreferral%26utm_campaign%3Ddirectory,29,4.925,10000,"['20% Digital Strategy', '20% Web Design', '10% Web Development', '10% Pay Per Click']",False,4524000.0,5,Medium
Troy Web Consulting,US,"Cohoes, NY",https://www.troyweb.com,29,4.912,25000,"['25% Custom Software Development', '20% Web Development', '15% UX/UI Design', '15% Web Design', '10% AI Development']",False,4524000.0,5,Medium
LaunchPad Lab,US,"Chicago, IL",https://launchpadlab.com/%3Futm_source%3Dclutch.co%26utm_medium%3Dreferral%26utm_campaign%3Dus-web-developers,29,4.842,10000,"['20% Web Development', '15% AI Development', '15% Custom Software Development', '10% Cloud Consulting & SI']",False,4524000.0,5,Medium
ParallelStaff,US,"Richardson, TX",https://parallelstaff.com,29,4.88,25000,"['40% IT Staff Augmentation', '10% Web Development', '10% AI Development', '10% Cloud Consulting & SI', '10% Custom Software Development', '10% Mobile App Development']",False,4524000.0,5,Medium
Jalasoft,US,"Houston, TX",https://jalasoft.com/%3Futm_source%3Dclutch.co%26utm_medium%3Dreferral%26utm_campaign%3Ddirectory,39,4.97,100000,"['20% IT Staff Augmentation', '10% Web Development', '10% Application Testing', '10% Blockchain', '10% Custom Software Development', '10% Mobile App Development']",False,6084000.0,5,Medium
Visceral,US,"San Diego, CA",https://thisisvisceral.com%3Futm_source%3Dclutch.co%26utm_medium%3Dreferral%26utm_campaign%3Dseo-firms,29,5.025,50000,"['30% Web Design', '25% Web Development', '15% Digital Strategy', '5% Search Engine Optimization']",False,4524000.0,5,Medium
Windmill Strategy,US,"Minneapolis, MN",https://www.windmillstrategy.com/%3Futm_source%3Dclutch.co%26utm_medium%3Dreferral%26utm_campaign%3Ddirectory,29,4.924,25000,"['25% Web Development', '25% Digital Strategy', '25% Web Design']",False,4524000.0,5,Medium
Eastern Standard,US,"Philadelphia, PA",https://easternstandard.com/%3Futm_source%3Dclutch.co%26utm_medium%3Dreferral%26utm_campaign%3Dus-web-developers,29,5.06,25000,"['25% Web Development', '25% Web Design', '15% UX/UI Design', '10% Digital Strategy', '10% Search Engine Optimization']",False,4524000.0,5,Medium
The Media Captain,US,"Columbus, OH",https://www.themediacaptain.com/%3Futm_source%3Dclutch.co%26utm_medium%3Dreferral%26utm_campaign%3Ddirectory,29,4.946,1000,"['35% Web Design', '15% Search Engine Optimization', '10% Web Development']",False,4524000.0,5,Medium
Agency Jet,US,"Las Vegas, NV",https://www.agencyjet.com/%3Futm_source%3Dclutch.co%26utm_medium%3Dreferral%26utm_campaign%3Ddirectory,29,4.855,1000,"['35% Search Engine Optimization', '25% Web Development', '15% Pay Per Click']",False,4524000.0,5,Medium
Coherent Solutions,US,Serves United States,https://ppc.clutch.co/ppc/click/%3Fs%3DeyJkZWNpc2lvbl9pZCI6IjI3NGEwYzVlLTEwNGUtNDc3Ny04ZjY3LTI0YzRiOTdjMzIzMyIsImltcHJlc3Npb25faWQiOiJhMzdiYmM1Zi05ZjNlLTRiODktYjRjMy0wZGRlNTYzMDRmYjMiLCJwcm92aWRlcl9pZCI6ODI0NDksImZlYXR1cmVkX2xpc3RpbmdfaWQiOjIsImZlYXR1cmVkX3Bvc2l0aW9uX2lkIjozNDgyODIsInBvc2l0aW9uIjoxLCJpc19zcG90bGlnaHQiOmZhbHNlfQ:1vstfu:OLY-AvU9ON15zeteCwF1eVg5WsmjOa8F6xoo8SKRvNk,29,4.73,50000,"['30% AI Development', '15% Web Development', '10% Cloud Consulting & SI']",False,4524000.0,5,Medium
Proven,US,Serves United States,https://ppc.clutch.co/ppc/click/%3Fs%3DeyJkZWNpc2lvbl9pZCI6IjI3NGEwYzVlLTEwNGUtNDc3Ny04ZjY3LTI0YzRiOTdjMzIzMyIsImltcHJlc3Npb25faWQiOiI1M2VjNDQzNS0wOGQ2LTRlYzUtYWIxZS0zMzA0ZDI2NjcwZjIiLCJwcm92aWRlcl9pZCI6MzUwNTgwLCJmZWF0dXJlZF9saXN0aW5nX2lkIjoyLCJmZWF0dXJlZF9wb3NpdGlvbl9pZCI6MjM3OTU4LCJwb3NpdGlvbiI6MiwiaXNfc3BvdGxpZ2h0IjpmYWxzZX0:1vstfu:fpKUsbLJTgEAN-XGKWtn-DAIqBv-WBWrtRXOj8_NcTE,29,4.912,25000,"['25% Web Development', '25% Web Design', '10% Custom Software Development', '10% UX/UI Design']",False,4524000.0,5,Medium
Storm Brain,US,Serves United States,https://ppc.clutch.co/ppc/click/%3Fs%3DeyJkZWNpc2lvbl9pZCI6IjI3NGEwYzVlLTEwNGUtNDc3Ny04ZjY3LTI0YzRiOTdjMzIzMyIsImltcHJlc3Npb25faWQiOiI2MTZjZmZjMS1lNzUxLTQ5MmItYjk5NC1kMjAzNjFiMjY4ZDQiLCJwcm92aWRlcl9pZCI6MTQ0MzUyLCJmZWF0dXJlZF9saXN0aW5nX2lkIjoyLCJmZWF0dXJlZF9wb3NpdGlvbl9pZCI6MzAzNTk5LCJwb3NpdGlvbiI6MywiaXNfc3BvdGxpZ2h0IjpmYWxzZX0:1vstfu:C1PycsNHCJUjzHS9k8lOGap0CYRxLL0km_TQcSPT3bs,29,5.0124,10000,"['40% Web Design', '20% Web Development', '10% E-Commerce Development', '10% Pay Per Click', '10% Search Engine Optimization']",False,4524000.0,5,Medium
Flamingo Agency,US,"Chicago, IL",https://www.flamingoagency.com%3Futm_source%3Dclutch.co%26utm_medium%3Dreferral,29,5.052,1000,"['80% Web Design', '10% Web Development', '10% Search Engine Optimization']",False,4524000.0,5,Medium
ThreeSixtyEight,US,"Baton Rouge, LA",https://www.threesixtyeight.com/clutch%3Futm_source%3Dclutch%26utm_medium%3Dreferral,29,4.951,25000,"['35% Web Design', '15% Web Development', '15% Low/No Code Development', '10% UX/UI Design']",False,4524000.0,5,Medium
DRUM'N'CODE,US,Serves United States,https://ppc.clutch.co/ppc/click/%3Fs%3DeyJkZWNpc2lvbl9pZCI6IjI3NGEwYzVlLTEwNGUtNDc3Ny04ZjY3LTI0YzRiOTdjMzIzMyIsImltcHJlc3Npb25faWQiOiJiNTE2YTc3Yi0zYTcwLTQ5MDktYjJkZS03YjY2MTA1NjgxMjEiLCJwcm92aWRlcl9pZCI6MTE1NDM1OCwiZmVhdHVyZWRfbGlzdGluZ19pZCI6MiwiZmVhdHVyZWRfcG9zaXRpb25faWQiOjI1OTc1OCwicG9zaXRpb24iOjQsImlzX3Nwb3RsaWdodCI6ZmFsc2V9:1vstfu:MiDKGPuVzxzVzwR5DkcvkTAaipiawjIEkbo_tOOPH5A,29,5.025,1000,"['30% Web Development', '30% Custom Software Development', '15% Web Design', '10% Mobile App Development']",False,4524000.0,5,Medium
Appunite,US,Serves United States,https://ppc.clutch.co/ppc/click/%3Fs%3DeyJkZWNpc2lvbl9pZCI6IjI3NGEwYzVlLTEwNGUtNDc3Ny04ZjY3LTI0YzRiOTdjMzIzMyIsImltcHJlc3Npb25faWQiOiI3Nzg4Y2VjYS0zNGI2LTRkMzItOWVlNS1jZTI3MjJlOGY4NDQiLCJwcm92aWRlcl9pZCI6MzMyMTgsImZlYXR1cmVkX2xpc3RpbmdfaWQiOjIsImZlYXR1cmVkX3Bvc2l0aW9uX2lkIjoyMzc2MzYsInBvc2l0aW9uIjo1LCJpc19zcG90bGlnaHQiOmZhbHNlfQ:1vstfu:OJmvDMSBZDTVlxY3hXJTOxHnARmWWfUgBGg5udOi2c8,29,4.921,10000,"['20% Web Development', '20% Custom Software Development', '10% E-Commerce Development', '10% Generative AI', '10% Low/No Code Development', '10% Web Design']",False,4524000.0,5,Medium
TKX Media,US,Serves United States,https://ppc.clutch.co/ppc/click/%3Fs%3DeyJkZWNpc2lvbl9pZCI6IjI3NGEwYzVlLTEwNGUtNDc3Ny04ZjY3LTI0YzRiOTdjMzIzMyIsImltcHJlc3Npb25faWQiOiI0NjcwMWM5Yy1hZjFlLTQ5NGEtYjlhMy03OGM5NjYzZjFjYTIiLCJwcm92aWRlcl9pZCI6MjUzMTE5NCwiZmVhdHVyZWRfbGlzdGluZ19pZCI6MiwiZmVhdHVyZWRfcG9zaXRpb25faWQiOjM1MTI2MSwicG9zaXRpb24iOjYsImlzX3Nwb3RsaWdodCI6ZmFsc2V9:1vstfu:FV1EHNOEFGGy_VT4um4XuPN4BZUxWsp5Je3dtp0GmzY,29,5.011,5000,"['40% Search Engine Optimization', '40% Web Design', '20% Advertising']",False,4524000.0,5,Medium
Atmosphere Apps,US,"Gainesville, FL",https://www.atmosphereapps.com/clutch/%3Futm_source%3Dclutch.co%26utm_medium%3Dreferral%26utm_campaign%3Dus-web-developers,29,4.918,25000,"['30% Mobile App Development', '20% Web Development', '10% AI Development']",False,4524000.0,5,Medium
Isadora Agency,US,"Manhattan Beach, CA",https://isadoradigitalagency.com%3Futm_source%3Dclutch.co%26utm_medium%3Dreferral%26utm_campaign%3Dus-web-developers,29,4.818,75000,"['25% Web Development', '25% Pay Per Click', '20% Web Design', '10% UX/UI Design']",False,4524000.0,5,Medium
GenAI.Labs USA,US,"San Diego, CA",https://www.genai-labs.io%3Futm_source%3Dclutch.co%26utm_medium%3Dreferral%26utm_campaign%3Dus-web-developers,29,5.023,5000,"['50% AI Development', '10% Web Development', '10% Mobile App Development']",False,4524000.0,5,Medium
Burst Digital,US,"New York, NY",https://burstdgtl.com/%3Futm_source%3Dclutch.co%26utm_medium%3Dreferral%26utm_campaign%3Dprofile,29,4.926,5000,"['10% Web Development', '10% Branding', '10% Pay Per Click', '10% Search Engine Optimization']",False,4524000.0,5,Medium
LookFar Labs,US,"New Orleans, LA",http://lookfar.com/labs%3Futm_source%3Dclutch.co%26utm_medium%3Dreferral,29,4.926,50000,"['15% Web Development', '15% Custom Software Development', '15% UX/UI Design', '10% AI Development', '10% E-Commerce Development', '10% Mobile App Development']",False,4524000.0,5,Medium
Geniusee,US,Serves United States,https://ppc.clutch.co/ppc/click/%3Fs%3DeyJkZWNpc2lvbl9pZCI6IjI3NGEwYzVlLTEwNGUtNDc3Ny04ZjY3LTI0YzRiOTdjMzIzMyIsImltcHJlc3Npb25faWQiOiIzYzFlZjEyNy04M2RhLTQ1MTMtOTFmZi1iZGEyMGY2ODlhYTciLCJwcm92aWRlcl9pZCI6MTUzOTkxLCJmZWF0dXJlZF9saXN0aW5nX2lkIjoyLCJmZWF0dXJlZF9wb3NpdGlvbl9pZCI6Mjg5NjUxLCJwb3NpdGlvbiI6NywiaXNfc3BvdGxpZ2h0IjpmYWxzZX0:1vstfu:w7R28KAXSqnnLxsVoB1D-e0wuVmQVDN82pYrz54MbgY,29,5.067,50000,"['40% Web Development', '40% Custom Software Development', '10% Cloud Consulting & SI']",False,4524000.0,5,Medium
"TRIARE, LLC",US,Serves United States,https://ppc.clutch.co/ppc/click/%3Fs%3DeyJkZWNpc2lvbl9pZCI6IjI3NGEwYzVlLTEwNGUtNDc3Ny04ZjY3LTI0YzRiOTdjMzIzMyIsImltcHJlc3Npb25faWQiOiJmMGRhNzg0OC04ZWMyLTQ0N2QtOTZlOC04NTg5MDVmY2FlNDciLCJwcm92aWRlcl9pZCI6Njg3NjgxLCJmZWF0dXJlZF9saXN0aW5nX2lkIjoyLCJmZWF0dXJlZF9wb3NpdGlvbl9pZCI6MjM5ODU0LCJwb3NpdGlvbiI6OCwiaXNfc3BvdGxpZ2h0IjpmYWxzZX0:1vstfu:MWMxEt8I96cmX3ZhCPYTGc3Lo46jpvHkCIbxNtlytME,1,4.937,10000,"['41% Mobile App Development', '35% Web Development', '12% UX/UI Design']",False,156000.0,3,Medium
Arounda,US,Completed projects in 19 countries,https://ppc.clutch.co/ppc/click/%3Fs%3DeyJkZWNpc2lvbl9pZCI6IjI3NGEwYzVlLTEwNGUtNDc3Ny04ZjY3LTI0YzRiOTdjMzIzMyIsImltcHJlc3Npb25faWQiOiJiZDcwYWQ2Yi01OGEyLTQxZTktOWRhYi1jZjZjNzU3ZTljNTIiLCJwcm92aWRlcl9pZCI6MTE1MzA3MCwiZmVhdHVyZWRfbGlzdGluZ19pZCI6MiwiZmVhdHVyZWRfcG9zaXRpb25faWQiOjM3MzE4NywicG9zaXRpb24iOjksImlzX3Nwb3RsaWdodCI6ZmFsc2V9:1vstfu:llkrWcqUxuIwz-hYPosQhqSk6JXMX4kV3bsHDps6kL8,29,5.072,25000,"['30% Web Development', '30% UX/UI Design', '10% Branding']",False,4524000.0,5,Medium
Blacksmith Agency,US,"Phoenix, AZ",https://blacksmith.agency/web-design-development-clutch/%3Futm_source%3Dclutch%26utm_medium%3Dreferral%26utm_campaign%3Dprofile,100,4.717,50000,"['30% Web Development', '30% Web Design', '10% Custom Software Development']",False,15600000.0,5,Medium
Captivation Agency,US,"Sarasota, FL",https://captivation.agency/%3Futm_source%3Dclutch.co%26utm_medium%3Dreferral%26utm_campaign%3Dvendor-profile,29,5.019,5000,"['20% Branding', '15% Web Development', '10% Low/No Code Development', '10% Web Design']",False,4524000.0,5,Medium
Dev Technosys,US,Serves United States,https://ppc.clutch.co/ppc/click/%3Fs%3DeyJkZWNpc2lvbl9pZCI6IjI3NGEwYzVlLTEwNGUtNDc3Ny04ZjY3LTI0YzRiOTdjMzIzMyIsImltcHJlc3Npb25faWQiOiJlMmVlMmMyOS1kZWJiLTQzOGMtYjVmMi1kYTU4NGFkZTM0ODEiLCJwcm92aWRlcl9pZCI6NDYzMzQsImZlYXR1cmVkX2xpc3RpbmdfaWQiOjIsImZlYXR1cmVkX3Bvc2l0aW9uX2lkIjozNzc2ODUsInBvc2l0aW9uIjoxMCwiaXNfc3BvdGxpZ2h0IjpmYWxzZX0:1vstfu:-7u0eXc5-OdiVfw-IlX23PIheOumv7cDwbCV6Px2pS0,29,4.8201,10000,"['55% Blockchain', '35% Mobile App Development', '10% Web Development']",False,4524000.0,5,Medium
Rekos Agency,US,Serves United States,https://ppc.clutch.co/ppc/click/%3Fs%3DeyJkZWNpc2lvbl9pZCI6IjI3NGEwYzVlLTEwNGUtNDc3Ny04ZjY3LTI0YzRiOTdjMzIzMyIsImltcHJlc3Npb25faWQiOiIzYzMzYzc1Ny03ODYyLTQ5NjUtYmM5Yy1kMGMwYTI0ZTM1ODIiLCJwcm92aWRlcl9pZCI6MjA2NzA4NywiZmVhdHVyZWRfbGlzdGluZ19pZCI6MiwiZmVhdHVyZWRfcG9zaXRpb25faWQiOjI2NDIwMywicG9zaXRpb24iOjExLCJpc19zcG90bGlnaHQiOmZhbHNlfQ:1vstfu:cbB5_2zxij8TC-CAb9qgSPugYubf6PnIZsgqB-RF7Rk,29,4.926,5000,"['30% Web Development', '30% Web Design', '20% UX/UI Design']",False,4524000.0,5,Medium
Appello Software,US,Serves United States,https://ppc.clutch.co/ppc/click/%3Fs%3DeyJkZWNpc2lvbl9pZCI6IjI3NGEwYzVlLTEwNGUtNDc3Ny04ZjY3LTI0YzRiOTdjMzIzMyIsImltcHJlc3Npb25faWQiOiI0YmE3ZDI1MC1hOGFhLTQ2YjktOTc1YS1iMjk3YWE3MjlmMDEiLCJwcm92aWRlcl9pZCI6NTk1MDY2LCJmZWF0dXJlZF9saXN0aW5nX2lkIjoyLCJmZWF0dXJlZF9wb3NpdGlvbl9pZCI6MjM2MTQyLCJwb3NpdGlvbiI6MTIsImlzX3Nwb3RsaWdodCI6ZmFsc2V9:1vstfu:KaDtZWMR875RljptVaWG8mHa0jB0MEczBQw_VKehUWw,29,4.933,50000,"['55% Mobile App Development', '35% Custom Software Development', '10% Web Development']",False,4524000.0,5,Medium
Dotlogics,US,"Hicksville, NY",https://www.dotlogics.com/services/website-and-digital-experience%3Futm_source%3Dclutch.co%26utm_medium%3Dreferral%26utm_campaign%3Ddirectory,29,5.028,25000,"['50% Web Design', '15% Digital Strategy', '10% Web Development', '10% Low/No Code Development']",False,4524000.0,5,Medium
Hooked On Code,US,"Dallas, TX",https://hookedoncode.com/%3Futm_source%3Dclutch.co%26utm_medium%3Dreferral%26utm_campaign%3Ddirectory,29,5.034,5000,"['50% Web Design', '20% Web Development', '10% Low/No Code Development']",False,4524000.0,5,Medium
Read more,US,United States,https://ppc.clutch.co/ppc/click/%3Fs%3DeyJkZWNpc2lvbl9pZCI6IjI3NGEwYzVlLTEwNGUtNDc3Ny04ZjY3LTI0YzRiOTdjMzIzMyIsImltcHJlc3Npb25faWQiOiJmMTA5Y2JiOS01NTZmLTRlMTAtODY1NC1kODZjMWM0Yzk1MmUiLCJwcm92aWRlcl9pZCI6MjUxNjkxNSwiZmVhdHVyZWRfbGlzdGluZ19pZCI6MiwiZmVhdHVyZWRfcG9zaXRpb25faWQiOjM4MjQ2NywicG9zaXRpb24iOjEzLCJpc19zcG90bGlnaHQiOmZhbHNlfQ:1vstfu:AVl9E2K1Z03pKKtc54TjeNsxHUjm6JIJsit0W44KH7E,29,0.0,10000,"['20% Web Development', '20% AI Development', '20% Mobile App Development', '20% UX/UI Design']",False,3770000.0,3,Medium
ExpandX,US,Serves United States,https://ppc.clutch.co/ppc/click/%3Fs%3DeyJkZWNpc2lvbl9pZCI6IjI3NGEwYzVlLTEwNGUtNDc3Ny04ZjY3LTI0YzRiOTdjMzIzMyIsImltcHJlc3Npb25faWQiOiJlMDE3YTBkZS00NmEzLTQ1NjUtYmE3My0wZDQ1Yzk0ZmVlMjkiLCJwcm92aWRlcl9pZCI6NzMyNTA0LCJmZWF0dXJlZF9saXN0aW5nX2lkIjoyLCJmZWF0dXJlZF9wb3NpdGlvbl9pZCI6Mzg1MTMxLCJwb3NpdGlvbiI6MTQsImlzX3Nwb3RsaWdodCI6ZmFsc2V9:1vstfu:zdXYuULjb3v3Q1dimci_QiPgxcvAlTyXl2YWVUKH8bI,11,5.066,10000,"['30% Web Development', '20% E-Commerce Development', '10% Web Design']",False,1716000.0,3,Medium
Cantilever Web Design & Development,US,"New York, NY",http://cantilever.co/%3Futm_source%3Dclutch.co%26utm_medium%3Dreferral,29,4.934,10000,"['40% Web Development', '40% Web Design']",False,4524000.0,5,Medium
imaga ~ When UX & AI Both Matter,US,"San Mateo, CA",https://imaga.ai%3Futm_source%3Dclutch.co%26utm_medium%3Dreferral%26utm_campaign%3Dweb-developers-usa,33,4.928,10000,"['20% Web Development', '20% AI Development', '20% E-Commerce Development', '20% Mobile App Development']",False,5148000.0,5,Medium
Embark,US,"Corona, CA",https://embarkwork.com/%3Futm_source%3Dclutch.co%26utm_medium%3Dreferral%26utm_campaign%3Ddirectory,29,5.017,5000,"['40% Web Design', '25% Web Development']",False,4524000.0,5,Medium
"Blueshoon, inc",US,"Chicago, IL",http://www.blueshoon.com/%3Fsource%3Dclutch%26utm_source%3Dclutch.co%26utm_medium%3Dreferral%26utm_campaign%3Ddirectory,29,4.83,10000,"['50% Web Development', '25% Web Design', '12% E-Commerce Development']",False,4524000.0,5,Medium
Bilberrry,US,"Seattle, WA",https://bilberrry.com/%3Futm_source%3Dclutch.co%26utm_campaign%3Dclutch_software,29,5.034,25000,"['50% Custom Software Development', '10% Web Development', '10% Web Design']",False,4524000.0,5,Medium
Zealth Digital Marketing,US,"Downers Grove, IL",https://zealth.net,29,5.016,5000,"['30% Web Development', '30% Web Design', '15% Search Engine Optimization', '10% UX/UI Design']",False,4524000.0,5,Medium
Rootstack,US,"Austin, TX",http://www.rootstack.com/%3Futm_source%3Dother%26utm_medium%3Dclutch.co%26utm_campaign%3Ddirectory,29,4.82,10000,"['30% Custom Software Development', '20% IT Staff Augmentation', '20% Mobile App Development', '10% Web Development']",False,4524000.0,5,Medium
Black Airplane,US,"Woodstock, GA",https://www.blackairplane.com/%3Futm_source%3Dclutch.co%26utm_medium%3Dreferral%26utm_campaign%3Ddirectory,29,4.913,25000,"['30% Custom Software Development', '25% Web Design', '20% Web Development']",False,4524000.0,5,Medium
Tepia,US,"Atlanta, GA",https://www.tepia.co/%3Futm_source%3Dclutch.co%26utm_medium%3Dreferral%26utm_campaign%3Ddirectory,29,4.939,50000,"['50% Mobile App Development', '10% Web Development', '10% Custom Software Development']",False,4524000.0,5,Medium
Cascade Web Development,US,"West Linn, OR",https://cascadewebdev.com/%3Futm_source%3Dclutch.co%26utm_medium%3Dreferral%26utm_campaign%3Ddirectory,29,4.71,5000,"['40% Web Development', '10% E-Commerce Development', '10% Search Engine Optimization', '10% Web Design']",False,4524000.0,5,Medium
Ajroni,US,"Atlanta, GA",https://ajroni.com%3Futm_source%3Dclutch.co%26utm_medium%3Dreferral%26utm_campaign%3Dus-web-developers,21,5.09,1000,"['20% Web Development', '20% Web Design', '10% E-Commerce Development', '10% Mobile App Development', '10% Pay Per Click', '10% Search Engine Optimization', '10% UX/UI Design']",False,3276000.0,3,Medium
ThirstySprout,US,"Seattle, WA",https://www.thirstysprout.com/,29,5.022,50000,"['20% Generative AI', '10% Web Development', '10% AI Development', '10% Custom Software Development', '10% Low/No Code Development', '10% Mobile App Development']",False,4524000.0,5,Medium
App Maisters Inc.,US,"Dallas, TX",https://www.appmaisters.com/%3Futm_source%3Dclutch%2B%26utm_medium%3Dclutch%2B%26utm_id%3Dhome%2B,23,4.923,5000,"['25% Mobile App Development', '10% Web Development', '10% Cloud Consulting & SI', '10% Custom Software Development', '5% Generative AI', '5% IoT Development']",False,3588000.0,3,Medium
Solid Digital,US,"Chicago, IL",https://www.soliddigital.com/top-web-design-agency-clutch%3Futm_source%3Dclutch.co%26utm_medium%3Dreferral,29,4.94,75000,"['65% Web Design', '10% Web Development', '10% Search Engine Optimization', '5% Digital Strategy']",False,4524000.0,5,Medium
Very,US,"Bozeman, MT",https://www.verytechnology.com/book-a-meeting,29,4.819,250000,"['35% IoT Development', '10% Web Development', '10% Mobile App Development', '10% UX/UI Design', '10% Web Design']",False,4524000.0,5,Medium
Cleartail Marketing,US,"St. Petersburg, FL",https://cleartailmarketing.com/%3Futm_source%3Dclutch.co%26utm_medium%3Dreferral%26utm_campaign%3Ddirectory,29,4.917,1000,"['35% Web Development', '35% Search Engine Optimization', '30% Pay Per Click']",False,4524000.0,5,Medium
Mojo Media,US,"Austin, TX",https://mojo-agency.com/%3Futm_source%3Dclutch.co%26utm_medium%3Dreferral%26utm_campaign%3Ddirectory,1,5.05,1000,"['70% Web Design', '10% Web Development']",False,156000.0,3,Medium
Neologic Software,US,"Northbrook, IL",http://neologic.dev/%3Futm_source%3Dclutch.co%26utm_medium%3Dreferral%26utm_campaign%3Ddirectory,29,5.044,5000,"['40% Custom Software Development', '25% Web Development']",False,4524000.0,5,Medium
Anderson Collaborative™,US,"Fort Lauderdale, FL",http://andersoncollaborative.com%3Futm_source%3Dclutch.co%26utm_medium%3Dreferral%26utm_campaign%3Dus-web-developers,50,4.923,5000,"['10% Web Development', '10% Pay Per Click', '10% Web Design']",False,7800000.0,5,Medium
ActiveColor,US,"Los Angeles, CA",https://www.activecolor.com/%3Futm_source%3Dclutch.co%26utm_medium%3Dreferral%26utm_campaign%3Ddirectory,29,5.016,25000,"['30% UX/UI Design', '25% Web Development', '15% Low/No Code Development', '10% Web Design']",False,4524000.0,5,Medium
MeanPug Digital,US,"New York, NY",https://www.meanpug.com/contact-us/%3Futm_source%3Dclutch.co%26utm_medium%3Dreferral%26utm_campaign%3Ddirectory,29,5.01,10000,"['35% Search Engine Optimization', '10% Web Development', '10% Custom Software Development', '10% Web Design']",False,4524000.0,5,Medium
Five Pack,US,"Atlanta, GA",https://fivepackcreative.com/%3Futm_source%3Dclutch.co%26utm_medium%3Dreferral%26utm_campaign%3Dus-web-developers,4,4.919,50000,"['35% Mobile App Development', '20% IT Staff Augmentation', '15% Web Development', '10% UX/UI Design']",False,624000.0,3,Medium
Lil Big Things,US,"New York, NY",https://www.lilbigthings.com%3Futm_source%3Dclutch.co%26utm_medium%3Dreferral%26utm_campaign%3Dus-web-developers,29,5.011,1000,"['35% Web Development', '25% Web Design', '10% AI Development', '10% UX/UI Design', '5% E-Commerce Development']",False,4524000.0,5,Medium
Pen & Mug,US,"Nashville, TN",https://penandmug.com/%3Futm_source%3Dclutch.co%26utm_medium%3Dreferral%26utm_campaign%3Ddirectory,29,5.041,10000,"['20% Branding', '20% Web Design', '15% Web Development', '15% UX/UI Design']",False,4524000.0,5,Medium
Symmetri Marketing,US,"Chicago, IL",https://symmetrimarketing.com/%3Futm_source%3Dclutch.co%26utm_medium%3Dreferral%26utm_campaign%3Ddirectory,29,4.88,50000,"['35% Web Development', '25% UX/UI Design', '10% Web Design']",False,4524000.0,5,Medium
Lightspace,US,"San Diego, CA",https://www.lightspace.com/%3Futm_source%3Dclutch.co%26utm_medium%3Dreferral%26utm_campaign%3Dus-web-developers,29,5.013,10000,"['25% Branding', '15% Web Development', '15% Low/No Code Development', '15% UX/UI Design', '10% Web Design']",False,4524000.0,5,Medium
Jax Media Team,US,"Jacksonville, FL",https://jaxmediateam.com/%3Futm_source%3Dclutch.co%26utm_medium%3Dreferral%26utm_campaign%3Ddirectory,29,5.027,1000,"['35% Search Engine Optimization', '15% Web Development', '10% Web Design']",False,4524000.0,5,Medium
Idea Maker,US,"Irvine, CA",https://ideamaker.agency%3Futm_source%3Dclutch.co%26utm_medium%3Dreferral%26utm_campaign%3Dus-web-developers,29,4.927,25000,"['20% Web Development', '20% AI Development', '20% Mobile App Development', '20% Web Design']",False,4524000.0,5,Medium
Materiell,US,"Arlington, VA",https://materiell.com/%3Futm_source%3Dclutch.co%26utm_medium%3Dreferral%26utm_campaign%3Ddirectory,29,4.927,25000,"['45% Web Development', '10% Cloud Consulting & SI']",False,4524000.0,5,Medium
Designocracy,US,"Dover, DE",https://thedesignocracy.com/web-design-and-development%3Futm_source%3Dclutch.co%26utm_medium%3Dreferral%26utm_campaign%3Ddirectory,29,5.029,5000,"['35% Web Design', '20% Web Development', '15% Mobile App Development', '10% Search Engine Optimization']",False,4524000.0,5,Medium
Prolific Digital,US,"Louisville, KY",https://prolificdigital.com/,29,4.814,25000,"['25% Web Development', '25% Branding', '25% Web Design']",False,4524000.0,5,Medium
metajive,US,"Encinitas, CA",http://www.metajive.com/%3Futm_source%3Dclutch.co%26utm_medium%3Dreferral%26utm_campaign%3Ddirectory,29,4.93,100000,"['40% Web Design', '25% Web Development', '10% UX/UI Design']",False,4524000.0,5,Medium
Top Notch Dezigns®,US,"Los Angeles, CA",https://www.topnotchdezigns.com/%3Futm_source%3Dclutch.co%26utm_medium%3Dreferral%26utm_campaign%3Ddirectory,16,5.016,10000,"['50% Web Design', '10% Web Development', '10% Pay Per Click', '10% Search Engine Optimization', '10% UX/UI Design']",False,2496000.0,3,Medium
Proven,US,"Princeton, NJ",https://hs.proven.us/en/clutch%3Futm_source%3Dclutch.co%26utm_medium%3Dreferral%26utm_campaign%3Dus-web-developers,29,4.912,25000,"['25% Web Development', '25% Web Design', '10% Custom Software Development', '10% UX/UI Design']",False,4524000.0,5,Medium
Flower Press Interactive,US,"Medina, WA",https://www.theflowerpress.net,29,4.929,10000,"['20% AI Development', '15% UX/UI Design', '10% Web Development', '10% Branding', '10% Custom Software Development', '10% Mobile App Development', '10% Web Design']",False,4524000.0,5,Medium
thunder::tech,US,"Cleveland, OH",https://www.thundertech.com/%3Futm_source%3Dclutch%26utm_medium%3Dreferral,29,4.715,10000,"['10% Web Development', '10% Pay Per Click', '10% Search Engine Optimization', '10% Web Design']",False,4524000.0,5,Medium
Iron Forge Development,US,"Palm Beach Gardens, FL",https://www.ironforge.co/%3Futm_source%3Dclutch.co%26utm_medium%3Dreferral%26utm_campaign%3Ddirectory,29,4.819,25000,"['20% Custom Software Development', '10% Web Development', '10% Blockchain', '10% Mobile App Development', '10% UX/UI Design']",False,4524000.0,5,Medium
Fifteen4,US,"Baltimore, MD",https://fifteen4.com/%3Futm_source%3Dclutch.co%26utm_medium%3Dreferral%26utm_campaign%3Dus-web-developers,29,4.99,10000,"['15% Web Development', '15% Branding', '15% Web Design']",False,4524000.0,5,Medium
BLKDG,US,"Denver, CO",http://blkdg.com/%3Futm_source%3Dclutch.co%26utm_medium%3Dreferral,29,4.928,1000,"['30% Web Development', '25% E-Commerce Development', '10% Search Engine Optimization']",False,4524000.0,5,Medium
Tech Alchemy,UK,"London, England",https://techalchemy.com/lp/web-dev%3Futm_source%3Dclutch.co%26utm_medium%3Dreferral%26utm_campaign%3Dta_clutch_web-development_uk,29,5.033,25000,"['40% Blockchain', '20% Web Development', '10% Custom Software Development']",False,3828000.0,5,Medium
Vention,UK,"Wien, Austria",https://ventionteams.com/%3Futm_source%3Dclutch%26utm_medium%3Dreferral%26utm_campaign%3Dprofile,5,4.998,50000,"['10% Web Development', '10% Blockchain', '10% Cloud Consulting & SI', '10% Custom Software Development', '10% IT Staff Augmentation', '10% Mobile App Development']",False,660000.0,3,Medium
Uinno,UK,"Kingston upon Thames, England",https://uinno.io/product-development/web-development-services/%3Futm_source%3Dclutch.co%26utm_medium%3Dreferral%26utm_campaign%3Duk-web-developers,29,4.927,10000,"['25% AI Development', '15% Low/No Code Development', '10% Web Development', '10% UX/UI Design', '5% IT Staff Augmentation']",False,3828000.0,5,Medium
Journi,UK,"London, England",https://journi.uk%3Futm_source%3Dclutch.co%26utm_medium%3Dreferral%26utm_campaign%3Dweb-developers-uk,29,5.013,25000,"['20% Web Development', '15% AI Development', '15% IT Staff Augmentation', '10% Low/No Code Development']",False,3828000.0,5,Medium
thoughtbot,UK,"London, England",https://thoughtbot.com/%3Futm_source%3Dclutch.co%26utm_medium%3Dreferral%26utm_campaign%3Duk-web-developers,29,4.939,10000,"['30% Web Development', '25% Mobile App Development', '10% Cloud Consulting & SI', '10% Custom Software Development', '10% Low/No Code Development']",False,3828000.0,5,Medium
Mentor Digital,UK,"Bristol, England",https://mentordigital.co.uk/%3Futm_source%3Dclutch.co%26utm_medium%3Dreferral%26utm_campaign%3Duk-web-developers,29,4.94,10000,"['25% Web Development', '15% Web Design', '10% Search Engine Optimization', '10% UX/UI Design', '5% Mobile App Development', '5% Pay Per Click']",False,3828000.0,5,Medium
CTI Digital,UK,"Lancaster, England",http://www.ctidigital.com%3Futm_source%3Dclutch.co%26utm_medium%3Dreferral%26utm_campaign%3Dweb-developers-uk,50,4.69,10000,"['20% Web Development', '10% Pay Per Click', '10% Search Engine Optimization', '10% Web Design']",False,6600000.0,5,Medium
Clock Limited,UK,"London, England",https://www.clock.co.uk/%3Futm_source%3Dclutch.co%26utm_medium%3Dreferral%26utm_campaign%3Duk-web-developers,18,4.819,50000,"['50% Custom Software Development', '15% Web Development', '15% UX/UI Design']",False,2376000.0,3,Medium
"TRIARE, LLC",UK,Serves United Kingdom,https://ppc.clutch.co/ppc/click/%3Fs%3DeyJkZWNpc2lvbl9pZCI6ImI0N2YyNzY0LTRkNzEtNDFhYS05NzAwLTQwODBkMGVjODA0NyIsImltcHJlc3Npb25faWQiOiI5OTA0N2RiZC04M2NmLTQxOWQtODk3ZS05MjBmZDc1ZmFhYmQiLCJwcm92aWRlcl9pZCI6Njg3NjgxLCJmZWF0dXJlZF9saXN0aW5nX2lkIjo0NjgsImZlYXR1cmVkX3Bvc2l0aW9uX2lkIjoyMzY3NTUsInBvc2l0aW9uIjoxLCJpc19zcG90bGlnaHQiOmZhbHNlfQ:1vstgA:LJx8sQy2QqeKIEE9WsITfGLaSU36dGUAtZr-_lkd0Lg,29,4.937,10000,"['41% Mobile App Development', '35% Web Development', '12% UX/UI Design']",False,3828000.0,5,Medium
Magora,UK,Serves United Kingdom,https://ppc.clutch.co/ppc/click/%3Fs%3DeyJkZWNpc2lvbl9pZCI6ImI0N2YyNzY0LTRkNzEtNDFhYS05NzAwLTQwODBkMGVjODA0NyIsImltcHJlc3Npb25faWQiOiJlNDhjMWY3YS1hZWE2LTRjMWYtOWI3Mi00MzQyY2YwYjcyZWEiLCJwcm92aWRlcl9pZCI6MjUyNDMsImZlYXR1cmVkX2xpc3RpbmdfaWQiOjQ2OCwiZmVhdHVyZWRfcG9zaXRpb25faWQiOjIzODk0MSwicG9zaXRpb24iOjIsImlzX3Nwb3RsaWdodCI6ZmFsc2V9:1vstgA:HSr3L4yDQsDzuPBN6uBkarkLvRNHbF2m5OGSmZorTpE,29,4.77,25000,"['30% Custom Software Development', '15% Web Development', '15% AI Development', '5% Generative AI']",False,3828000.0,5,Medium
STX Next,UK,"London, England",https://stxnext.com/%3Futm_source%3Dclutch%26utm_medium%3Dreferral,29,4.7101,50000,"['55% AI Development', '35% Web Development', '10% Generative AI']",False,3828000.0,5,Medium
"Digis, a Fiverr company (NYSE: FVRR)",UK,"Toronto, Canada",https://digiscorp.com/%3Futm_source%3Dclutch.co%26utm_medium%3Dreferral%26utm_campaign%3Ddirectory,6,4.988,5000,"['40% Web Development', '40% Custom Software Development', '20% IT Staff Augmentation']",False,792000.0,3,Medium
unicrew,UK,"London, England",https://unicrew.com,6,5.058,50000,"['40% Web Development', '40% Custom Software Development', '10% Mobile App Development']",False,792000.0,3,Medium
Light IT Global,UK,"Rickmansworth, England",https://light-it.net/%3Futm_source%3Dclutch.co%26utm_medium%3Dreferral%26utm_campaign%3Duk-web-developers,29,4.952,25000,"['60% Web Development', '10% AI Development', '10% Low/No Code Development', '10% Mobile App Development']",False,3828000.0,5,Medium
Human Made,UK,"Matlock, England",https://humanmade.com/%3Futm_source%3Dclutch.co%26utm_medium%3Dreferral%26utm_campaign%3Ddirectory,100,4.717,50000,['100% Web Development'],False,13200000.0,5,Medium
TatvaSoft,UK,"Melbourne, Australia",https://www.tatvasoft.com/%3Futm_source%3Dclutch.co%26utm_medium%3Dreferral%26utm_campaign%3Dprofile,29,4.947,25000,"['50% Custom Software Development', '20% Web Development', '10% Cloud Consulting & SI', '10% Mobile App Development']",False,3828000.0,5,Medium
Infinum,UK,"Zagreb, Croatia",https://infinum.com/clutch-lp/%3Futm_source%3Dclutch.co%26utm_campaign%3Dprofile-info-company-website%26utm_medium%3Dreferral,67,4.854,50000,"['20% Web Development', '20% Custom Software Development', '10% AI Development', '10% IoT Development', '10% UX/UI Design']",False,8844000.0,5,Medium
Webskitters,UK,"London, England",https://www.webskitters.com/%3Futm_source%3Dclutch.co%26utm_medium%3Dreferral%26utm_campaign%3Ddirectory,29,4.9102,10000,"['30% Mobile App Development', '20% Web Development', '20% IoT Development', '10% Low/No Code Development']",False,3828000.0,5,Medium
GeekyAnts,UK,"London, England",https://geekyants.com/%3Futm_source%3Dclutch%26utm_medium%3Dreferral%26utm_campaign%3Dsponsorship,1,4.9111,10000,"['25% Custom Software Development', '15% Web Development', '15% AI Development', '10% UX/UI Design']",False,132000.0,3,Medium
Old.St Labs,UK,"London, England",https://www.old.st/contact/%3Futm_source%3Dclutch.co%26utm_medium%3Dreferral%26utm_campaign%3Dweb-developers-uk,29,5.021,10000,"['30% Web Development', '30% Custom Software Development', '20% Mobile App Development']",False,3828000.0,5,Medium
Visions Design,UK,"Lymm , England",https://www.visionsdesign.co.uk%3Futm_source%3Dclutch.co%26utm_medium%3Dreferral%26utm_campaign%3Dweb-developers-uk,29,5.067,10000,"['30% Web Development', '30% Branding', '10% Search Engine Optimization']",False,3828000.0,5,Medium
Empat,UK,"London, England",https://empat.tech/%3Futm_source%3Dclutch.co%26utm_medium%3Dreferral%26utm_campaign%3Ddirectory,8,5.0142,50000,"['50% Mobile App Development', '40% Custom Software Development', '10% Web Development']",False,1056000.0,3,Medium
Konstant Infosolutions,UK,"London, England",https://www.konstantinfo.com/%3Frequest-a-quote%26utm_source%3Dclutch.co%26utm_medium%3Dreferral%26utm_campaign%3Dclutch,1,4.8166,5000,"['60% Mobile App Development', '10% Web Development', '10% UX/UI Design']",False,132000.0,3,Medium
Future Processing,UK,"London, England",http://www.future-processing.com/%3Futm_source%3Dclutch%26utm_medium%3Dreferral%26utm_campaign%3Dprofile,29,4.751,25000,"['45% Custom Software Development', '10% Web Development', '10% AI Development']",False,3828000.0,5,Medium
Solar Digital,UK,"London, England",https://solar-digital.com/%3Futm_source%3Dclutch.co%26utm_medium%3Dreferral%26utm_campaign%3Ddirectory,29,5.075,10000,"['20% Web Development', '10% Custom Software Development', '10% E-Commerce Development', '10% Low/No Code Development', '10% Mobile App Development', '10% UX/UI Design', '10% Web Design']",False,3828000.0,5,Medium
Codal,UK,"Lincoln, England",https://www.codal.com/,29,4.921,75000,"['45% Web Development', '40% UX/UI Design', '15% E-Commerce Development']",False,3828000.0,5,Medium
COMPU-VISION S.A.R.L.,UK,"London, England",https://www.compu-vision.me/%3Futm_source%3Dclutch.co%26utm_medium%3Dreferral%26utm_campaign%3Ddirectory,32,4.874,10000,"['40% Web Development', '40% Mobile App Development', '20% Custom Software Development']",False,4224000.0,5,Medium
ExpandX,UK,"Sofia, Bulgaria",http://expandx.com/%3Futm_source%3Dclutch.co%26utm_medium%3Dreferral%26utm_campaign%3Ddirectory,29,5.066,10000,"['30% Web Development', '20% E-Commerce Development', '10% Web Design']",False,3828000.0,5,Medium
Goodface agency,UK,"Bromley, England",https://goodface.agency/%3Futm_source%3Dclutch.co%26utm_medium%3Dreferral,29,4.947,10000,"['35% Custom Software Development', '35% UX/UI Design', '30% Web Development']",False,3828000.0,5,Medium
Snotor,UK,"London, England",https://snotor.pro/web-development-company-snotor%3Futm_source%3Dclutch.co%26utm_medium%3Dreferral%26utm_campaign%3Dweb-developers-uk,29,5.031,10000,"['30% Web Development', '30% Mobile App Development', '10% Generative AI', '10% IT Staff Augmentation', '10% UX/UI Design']",False,3828000.0,5,Medium
Halo Lab,UK,"08, Andorra",https://www.halo-lab.com/services/web-development-services%3Futm_source%3Dclutch.co%26utm_medium%3Dreferral%26utm_campaign%3Dweb-developers-uk,4,4.994,10000,"['10% Web Development', '10% Custom Software Development', '10% IT Staff Augmentation', '10% Low/No Code Development', '10% Mobile App Development', '10% UX/UI Design', '10% Web Design']",False,528000.0,3,Medium
Soap Media,UK,"Manchester, England",https://www.soapmedia.co.uk/%3Futm_source%3Dclutch.co%26utm_medium%3Dreferral%26utm_campaign%3Dweb-developers-uk,29,4.938,1000,"['15% Pay Per Click', '10% Web Development', '10% Digital Strategy', '10% Search Engine Optimization']",False,3828000.0,5,Medium
IIH Global,UK,"Hertfordshire, England",https://www.iihglobal.com/%3Futm_source%3Dclutch.co%26utm_medium%3Dreferral%26utm_campaign%3Ddirectory,29,4.875,1000,"['35% Custom Software Development', '10% Web Development', '10% AI Development', '10% Web Design']",False,3828000.0,5,Medium
3 SIDED CUBE,UK,"Bournemouth, England",https://marketing.3sidedcube.com%3Futm_source%3Dclutch.co%26utm_medium%3Dreferral%26utm_campaign%3Dweb-developers-uk,29,4.947,50000,"['15% Web Development', '15% Mobile App Development', '10% Custom Software Development', '10% UX/UI Design']",False,3828000.0,5,Medium
*instinctools,UK,"Mississauga, Canada",https://www.instinctools.com/contact-us/%3Futm_source%3Dclutch.co%26utm_medium%3Dreferral%26utm_campaign%3Dcompanyprofile,2,4.731,10000,"['10% Web Development', '10% AI Development', '10% Cloud Consulting & SI', '10% Custom Software Development', '10% IT Staff Augmentation', '10% Mobile App Development', '10% UX/UI Design', '3% E-Commerce Development', '1% Generative AI', '1% Web Design']",False,264000.0,3,Medium
Magora,UK,"Sydney, Australia",https://magora-systems.com/%3Futm_source%3Dclutch.co%26utm_medium%3Dreferral%26utm_campaign%3Duk-web-developers,29,4.77,25000,"['30% Custom Software Development', '15% Web Development', '15% AI Development', '5% Generative AI']",False,3828000.0,5,Medium
Tapptitude,UK,"London, England",https://tapptitude.com/%3Futm_source%3Dclutch.co%26utm_medium%3Dreferral%26utm_campaign%3Duk-web-developers,4,4.969,5000,"['50% Mobile App Development', '20% Web Development', '10% Low/No Code Development', '10% UX/UI Design']",False,528000.0,3,Medium
Lightflows,UK,"Guildford, England",https://www.lightflows.co.uk/web-development-agency-london/%3Futm_source%3Dclutch.co%26utm_medium%3Dreferral%26utm_campaign%3Duk-web-developers,29,5.09,10000,"['40% Web Development', '20% Mobile App Development', '15% UX/UI Design', '10% Web Design']",False,3828000.0,5,Medium
Inventiff.,UK,"London, England",https://inventiff.io%3Futm_source%3Dclutch.co%26utm_medium%3Dreferral%26utm_campaign%3Ddirectory,7,5.032,0,"['35% Web Development', '35% Mobile App Development', '10% Low/No Code Development']",False,924000.0,3,Medium
TLVTech,UK,"London, England",https://www.tlvtech.io/%3Futm_source%3Dclutch.co%26utm_medium%3Dreferral%26utm_campaign%3Ddirectory,29,4.912,10000,"['25% Web Development', '25% Mobile App Development', '10% Cloud Consulting & SI', '10% Custom Software Development']",False,3828000.0,5,Medium
CubeZoo,UK,"London, England",https://www.cubezoo.co.za/project-kickoff/%3Futm_source%3Dclutch.co%26utm_medium%3Dreferral,33,4.931,10000,"['30% Mobile App Development', '20% Web Development', '15% Custom Software Development', '15% UX/UI Design']",False,4356000.0,5,Medium
Wozify,UK,"Preston, England",https://wozify.com/,31,5.018,10000,"['40% Web Development', '20% AI Development', '20% Mobile App Development']",False,4092000.0,5,Medium
Plavno,UK,"London, England",https://plavno.io/%3Futm_source%3Dclutch%26utm_id%3Dclutch%3Futm_source%3Dclutch.co%26utm_medium%3Dreferral%26utm_campaign%3Dweb-developers-uk,3,4.955,25000,"['30% Mobile App Development', '10% Web Development', '10% Custom Software Development', '10% Generative AI']",False,396000.0,3,Medium
CodeLeap,UK,"London, England",https://codeleap.co.uk/%3Futm_source%3Dclutch.co%26utm_medium%3Dreferral%26utm_campaign%3Ddirectory,29,4.99,10000,"['35% Mobile App Development', '20% Web Development', '10% IoT Development', '10% UX/UI Design']",False,3828000.0,5,Medium
Republic Marketing,UK,"Birmingham, England",https://www.republicmarketing.co.uk/,29,5.02,5000,"['50% Web Design', '20% Web Development', '10% Pay Per Click']",False,3828000.0,5,Medium
KOTA,UK,"London, England",https://kota.co.uk/%3Futm_source%3Dclutch.co%26utm_medium%3Dreferral%26utm_campaign%3Ddirectory,29,5.029,25000,"['40% Branding', '10% Web Development']",False,3828000.0,5,Medium
Offshorly,UK,"Stamford, England",https://offshorly.com/cl-ldng-1/%3Futm_source%3Dclutch.co%26utm_medium%3Dreferral%26utm_campaign%3Ddirectory,29,4.921,5000,"['20% AI Development', '15% Web Development', '15% Web Design', '10% IT Staff Augmentation', '10% UX/UI Design']",False,3828000.0,5,Medium
Takeaway Reality,UK,"Zagreb, Croatia",https://takeaway-reality.com/%3Futm_source%3Dclutch.co%26utm_medium%3Dreferral%26utm_campaign%3Duk-web-developers,50,5.012,1000,"['15% Custom Software Development', '10% Web Development', '10% AI Development']",False,6600000.0,5,Medium
Dotsquares,UK,"London, England",https://clutch.dotsquares.com%3Futm_source%3Dclutch.co%26utm_medium%3Dreferral%26utm_campaign%3Dweb-developers-uk,29,0.0,1000,['20% Web Development'],False,3190000.0,3,Medium
Imaginary Cloud,UK,"London, England",https://www.imaginarycloud.com/%3Futm_source%3Dclutch.co%26utm_medium%3Dreferral%26utm_campaign%3Duk-web-developers,29,0.0,25000,['40% Web Development'],False,3190000.0,3,Medium
Devsinc,UK,"San Jose, CA",https://www.devsinc.com%3Futm_source%3Dclutch.co%26utm_medium%3Dreferral%26utm_campaign%3Dweb-developers-uk,29,0.0,10000,['35% Web Development'],False,3190000.0,3,Medium
dotcode,UK,"L'viv, Ukraine",https://dotcode.pro/top-rated-company-by-clutch/,29,0.0,25000,['40% Web Development'],False,3190000.0,3,Medium
Torchbox,UK,"Bristol, England",https://torchbox.com/%3Futm_source%3Dclutch.co%26utm_medium%3Dreferral%26utm_campaign%3Duk-web-developers,29,0.0,50000,['40% Web Development'],False,3190000.0,3,Medium
Marzee,UK,"Porto, Portugal",https://marzee.co/%3Futm_source%3Dclutch.co%26utm_medium%3Dreferral%26utm_campaign%3Duk-web-developers,29,0.0,10000,['65% Web Development'],False,3190000.0,3,Medium
SENLA,UK,"Warszawa, Poland",https://senlainc.com/%3Futm_source%3Dclutch.co%26utm_medium%3Dreferral%26utm_campaign%3Duk-web-developers,29,0.0,10000,['20% Web Development'],False,3190000.0,3,Medium
Shout Digital,UK,"Newcastle upon Tyne, England",https://shoutdigital.com/%3Futm_source%3Dclutch.co%26utm_medium%3Dreferral%26utm_campaign%3Duk-web-developers,29,0.0,50000,['40% Web Development'],False,3190000.0,3,Medium
Influential Software,UK,"London, England",https://www.influentialsoftware.com/%3Futm_source%3Dclutch.co%26utm_medium%3Dreferral%26utm_campaign%3Duk-web-dev,29,0.0,10000,['35% Web Development'],False,3190000.0,3,Medium
Webential,AU,"Wentworthville, Australia",https://www.webential.com/%3Futm_source%3Dclutch.co%26utm_medium%3Dreferral%26utm_campaign%3Ddirectory,29,4.941,5000,"['25% Web Development', '25% E-Commerce Development', '20% Search Engine Optimization', '10% Web Design']",False,3480000.0,5,Medium
Appello Software,AU,"Brisbane City, Australia",http://www.appello.com.au%3Futm_source%3Dclutch.co%26utm_medium%3Dreferral%26utm_campaign%3Dau-web-developers,29,4.933,50000,"['55% Mobile App Development', '35% Custom Software Development', '10% Web Development']",False,3480000.0,5,Medium
Appello Software,AU,Serves Australia,https://ppc.clutch.co/ppc/click/%3Fs%3DeyJkZWNpc2lvbl9pZCI6ImMyZjc1NjdmLTNkYzctNDA3My04ZWJmLTk1ODRiNTE1MGQ0MSIsImltcHJlc3Npb25faWQiOiI5ZGRmMTYyNS02NTY4LTQ3MGItYjBiZS02ODU2MTkxZWNlNDgiLCJwcm92aWRlcl9pZCI6NTk1MDY2LCJmZWF0dXJlZF9saXN0aW5nX2lkIjo0NTgsImZlYXR1cmVkX3Bvc2l0aW9uX2lkIjoyMzYyMTgsInBvc2l0aW9uIjoxLCJpc19zcG90bGlnaHQiOmZhbHNlfQ:1vstgk:Q-HvO5z-oNApmXFkZGOgROtI8FP8pTZcIofybXOIhmw,29,4.933,50000,"['55% Mobile App Development', '35% Custom Software Development', '10% Web Development']",False,3480000.0,5,Medium
Innowise,AU,Serves Australia,https://ppc.clutch.co/ppc/click/%3Fs%3DeyJkZWNpc2lvbl9pZCI6ImMyZjc1NjdmLTNkYzctNDA3My04ZWJmLTk1ODRiNTE1MGQ0MSIsImltcHJlc3Npb25faWQiOiI2MjJkMzY4NS0xM2MxLTQ1MWYtODdkNy0xNDlmNDdjOTk1YmYiLCJwcm92aWRlcl9pZCI6NDc3NjUzLCJmZWF0dXJlZF9saXN0aW5nX2lkIjo0NTgsImZlYXR1cmVkX3Bvc2l0aW9uX2lkIjozNzk1OTgsInBvc2l0aW9uIjoyLCJpc19zcG90bGlnaHQiOmZhbHNlfQ:1vstgk:Oj2lW4_MoMYZJXZ5DyyZ0pvLGrD-PIb06gGAZI_4dm4,1,4.972,10000,"['10% Web Development', '10% AI Development', '10% Blockchain', '10% Cloud Consulting & SI', '10% Custom Software Development', '10% E-Commerce Development', '10% IT Staff Augmentation', '10% Mobile App Development']",False,120000.0,3,Medium
WP Creative,AU,Serves Australia,https://ppc.clutch.co/ppc/click/%3Fs%3DeyJkZWNpc2lvbl9pZCI6ImMyZjc1NjdmLTNkYzctNDA3My04ZWJmLTk1ODRiNTE1MGQ0MSIsImltcHJlc3Npb25faWQiOiJlYmFhZGU3ZS1jNjBjLTQwODAtOTZiZC02NTcwZWE5YzNlMTkiLCJwcm92aWRlcl9pZCI6MTY5MDQyMSwiZmVhdHVyZWRfbGlzdGluZ19pZCI6NDU4LCJmZWF0dXJlZF9wb3NpdGlvbl9pZCI6MzMyNTgwLCJwb3NpdGlvbiI6MywiaXNfc3BvdGxpZ2h0IjpmYWxzZX0:1vstgk:MutoPsvjHMGMt012iLJ7AEdDkGtzAmtWnQMkPK_ceyw,29,5.024,10000,"['70% Web Development', '20% Web Design', '10% E-Commerce Development']",False,3480000.0,5,Medium
xfive,AU,"Hawthorn, Australia",https://www.xfive.co%3Futm_campaign%3D305765621-CLUTCH_Q1-Q2-26%26utm_source%3Dclutch.co%26utm_medium%3Dpaid%26utm_content%3Dmain-profile,50,5.059,25000,"['70% Web Development', '20% Web Design', '10% Low/No Code Development']",False,6000000.0,5,Medium
WP Creative,AU,"Ultimo, Australia",https://wpcreative.com.au/clutch-top-rated-wordpress-agency/%3Futm_source%3Dclutch.co%26utm_medium%3Dreferral%26utm_campaign%3Ddirectory,29,5.024,10000,"['70% Web Development', '20% Web Design', '10% E-Commerce Development']",False,3480000.0,5,Medium
Chromatix,AU,"Camberwell, Australia",https://www.chromatix.com.au/%3Futm_source%3Dclutch.co%26utm_medium%3Dreferral%26utm_campaign%3Dau-web-developers,29,5.012,5000,"['30% Web Development', '30% Web Design', '15% E-Commerce Development']",False,3480000.0,5,Medium
DianApps,AU,"Tarneit, Australia",https://dianapps.com%3Futm_source%3Dclutch.co%26utm_medium%3Dreferral%26utm_campaign%3Dau-web-developers,29,4.879,5000,"['50% Mobile App Development', '10% Web Development', '10% AI Development', '10% Low/No Code Development']",False,3480000.0,5,Medium
Luminary,AU,"Brisbane City, Australia",https://www.luminary.com%3Futm_source%3Dclutch.co%26utm_medium%3Dreferral%26utm_campaign%3Dau-web-developers,6,4.81,25000,"['20% Web Development', '20% Web Design', '15% UX/UI Design', '10% Custom Software Development', '10% Mobile App Development', '10% Search Engine Optimization']",False,720000.0,3,Medium
Incipient Infotech,AU,"Klemzig, Australia",https://incipientinfo.tech%3Futm_source%3Dclutch.co%26utm_medium%3Dreferral%26utm_campaign%3Dau-web-developers,29,5.017,1000,"['30% Custom Software Development', '25% Web Development', '15% AI Development']",False,3480000.0,5,Medium
Labrys,AU,"Milton, Australia",https://labrys.io/%3Futm_source%3Dclutch.co%26utm_medium%3Dreferral%26utm_campaign%3Ddirectory,29,5.011,10000,"['50% Blockchain', '20% Web Development', '10% UX/UI Design']",False,3480000.0,5,Medium
Appetiser,AU,"Bondi Junction, Australia",https://appetiser.com.au/just-build-it/%3Futm_source%3Dclutch%26utm_medium%3Dreferral%26utm_campaign%3Dau-web-developers,29,4.824,10000,"['60% Mobile App Development', '10% Web Development', '10% UX/UI Design']",False,3480000.0,5,Medium
Emote Digital,AU,"Hawthorn, Australia",http://www.emotedigital.com.au/%3Futm_source%3Dclutch.co%26utm_medium%3Dreferral%26utm_campaign%3Ddirectory,29,4.716,1000,"['20% E-Commerce Development', '10% Web Development', '10% Digital Strategy', '10% Pay Per Click', '10% Search Engine Optimization', '10% UX/UI Design', '10% Web Design']",False,3480000.0,5,Medium
Intesols,AU,"Moorabbin, Australia",https://www.intesols.com.au/%3Futm_source%3DOrganic%26utm_medium%3DWeb%26utm_campaign%3DClutch,29,4.924,1000,"['40% Search Engine Optimization', '10% Web Development', '10% Generative AI', '10% Web Design', '5% Mobile App Development']",False,3480000.0,5,Medium
MyWork,AU,"Daisy Hill, Australia",https://mywork.com.au%3Futm_source%3Dclutch.co%26utm_medium%3Dreferral%26utm_campaign%3Ddirectory,29,4.512,1000,"['25% Web Design', '15% Web Development', '15% UX/UI Design', '10% Search Engine Optimization']",False,3480000.0,5,Medium
Salt & Fuessel,AU,"South Yarra, Australia",https://www.saltandfuessel.com.au/%3Futm_source%3Dclutch.co%26utm_medium%3Dreferral%26utm_campaign%3Ddirectory,29,4.815,1000,"['25% Web Development', '25% Pay Per Click', '15% UX/UI Design']",False,3480000.0,5,Medium
EUX Digital,AU,"Sydney, Australia",https://eux.com.au%3Futm_source%3Dclutch.co%26utm_medium%3Dreferral%26utm_campaign%3Dau-web-developers,29,5.03,10000,"['30% Web Development', '30% E-Commerce Development', '10% UX/UI Design']",False,3480000.0,5,Medium
Still Not Scared,AU,"Melbourne, Australia",http://stillnotscared.com.au/%3Futm_source%3Dclutch.co%26utm_medium%3Dreferral%26utm_campaign%3Ddirectory,29,5.07,5000,"['40% Branding', '10% Web Development', '10% Low/No Code Development', '10% UX/UI Design', '10% Web Design']",False,3480000.0,5,Medium
PixelForce,AU,"Kent Town, Australia",https://pixelforce.com%3Futm_source%3Dclutch.co%26utm_medium%3Dreferral%26utm_campaign%3Dau-web-developers,29,5.08,50000,"['50% Mobile App Development', '10% Web Development', '10% E-Commerce Development', '10% UX/UI Design']",False,3480000.0,5,Medium
Ecompapi Digital Agency,AU,"Richmond, Australia",https://ecompapi.com.au%3Futm_source%3Dclutch.co%26utm_medium%3Dreferral%26utm_campaign%3Dau-web-developers,29,4.812,5000,"['40% Search Engine Optimization', '20% Web Development', '20% Web Design']",False,3480000.0,5,Medium
BFJ Digital,AU,"Spring Hill, Australia",https://bfj.digital/%3Futm_source%3Dclutch.co%26utm_medium%3Dreferral%26utm_campaign%3Ddirectory,29,5.034,1000,"['10% Web Development', '10% Digital Strategy', '10% Pay Per Click', '10% Search Engine Optimization', '10% Web Design', '1% Branding']",False,3480000.0,5,Medium
Sentia,AU,"Sydney, Australia",https://www.sentia.com.au,29,4.86,25000,"['25% Web Development', '25% Mobile App Development', '10% UX/UI Design', '10% Web Design']",False,3480000.0,5,Medium
Pixite,AU,"Penrith, Australia",https://pixite.com.au/,29,5.014,5000,"['20% Web Design', '15% Search Engine Optimization', '10% Web Development', '10% Digital Strategy', '5% Branding', '5% UX/UI Design']",False,3480000.0,5,Medium
Devika Creations,AU,"Barangaroo, Australia",https://devika.com,29,5.07,5000,"['15% Web Development', '15% Custom Software Development', '15% Mobile App Development', '15% UX/UI Design', '15% Web Design', '10% AI Development']",False,3480000.0,5,Medium
Digital Thing,AU,"Eltham, Australia",https://www.digitalthing.com.au/%3Futm_source%3Dclutch.co%26utm_medium%3Dreferral%26utm_campaign%3Ddirectory,29,5.017,5000,"['35% Web Development', '35% UX/UI Design', '30% Web Design']",False,3480000.0,5,Medium
Wolf IQ,AU,"Sydney, Australia",https://www.wolfiq.com.au/,29,4.91,5000,"['60% Web Design', '40% Web Development']",False,3480000.0,5,Medium
e intelligence,AU,"Windsor, Australia",https://eintelligenceweb.com/digital-marketing-services-clutch/,23,4.926,1000,"['50% Search Engine Optimization', '10% Web Development', '10% Low/No Code Development']",False,2760000.0,3,Medium
Bearplus,AU,"Sydney, Australia",https://www.bear.plus%3Futm_source%3Dclutch.co%26utm_medium%3Dreferral%26utm_campaign%3Dau-web-developers,29,4.918,10000,"['50% Web Design', '25% Web Development', '25% UX/UI Design']",False,3480000.0,5,Medium
Magora,AU,"Sydney, Australia",https://magora-systems.com/%3Futm_source%3Dclutch.co%26utm_medium%3Dreferral,17,4.77,25000,"['30% Custom Software Development', '15% Web Development', '15% AI Development', '5% Generative AI']",False,2040000.0,3,Medium
Top Remotely,AU,"Melbourne, Australia",https://topremotely.com/,29,5.089,5000,"['45% IT Staff Augmentation', '10% Web Development', '10% Custom Software Development']",False,3480000.0,5,Medium
Fingent,AU,"Melbourne, Australia",https://www.fingent.com/custom-software-development/%3Futm_source%3Dclutch%26utm_medium%3Dreferral%26utm_campaign%3Dprofile,29,4.965,25000,"['50% Custom Software Development', '10% Web Development', '10% Mobile App Development']",False,3480000.0,5,Medium
INSIDEA,AU,"Balmain, Australia",https://insidea.com/%3Futm_source%3Dclutch.co%26utm_medium%3Dreferral%26utm_campaign%3Ddirectory,29,5.054,1000,"['10% Web Development', '10% UX/UI Design', '10% Web Design']",False,3480000.0,5,Medium
Warp Development,AU,"Adelaide, Australia",https://www.warpdevelopment.com/offshore-software-development/,29,4.922,25000,"['45% Custom Software Development', '10% Web Development', '10% Low/No Code Development', '10% Mobile App Development']",False,3480000.0,5,Medium
Logical Wings Infoweb Private Limited,AU,"Point Cook, Australia",http://www.logicalwings.com/%3Futm_source%3Dclutch.co%26utm_medium%3Dreferral%26utm_campaign%3Ddirectory,3,5.03,1000,"['25% Web Development', '25% Cloud Consulting & SI', '25% Mobile App Development']",False,360000.0,3,Medium
Shaligram Infotech,AU,"Brisbane City, Australia",https://shaligraminfotech.com%3Futm_source%3Dclutch.co%26utm_medium%3Dreferral%26utm_campaign%3Dau-web-developers,29,4.961,5000,"['45% Custom Software Development', '35% Web Development']",False,3480000.0,5,Medium
Skynet Technologies,AU,"Melbourne, Australia",https://www.skynettechnologies.com/%3Futm_source%3Dclutch.co%26utm_medium%3Dreferral%26utm_campaign%3Ddirectory,1,5.01,5000,"['20% Web Development', '20% Search Engine Optimization', '15% E-Commerce Development', '15% Web Design']",False,120000.0,3,Medium
Soto Group,AU,"Brisbane City, Australia",http://www.sotogroup.co/%3Futm_source%3Dclutch.co%26utm_medium%3Dreferral%26utm_campaign%3Ddirectory,29,4.95,5000,"['40% Branding', '10% Web Development']",False,3480000.0,5,Medium
Greenhat,AU,"Fortitude Valley, Australia",https://www.greenhat.net/,29,5.02,10000,"['30% Web Development', '15% Branding', '15% Web Design', '10% Mobile App Development', '10% Search Engine Optimization']",False,3480000.0,5,Medium
Wave Digital,AU,"North Melbourne, Australia",http://wavedigital.com.au/%3Futm_source%3Dclutch.co%26utm_medium%3Dreferral,29,4.97,10000,"['60% Mobile App Development', '20% Web Development', '20% UX/UI Design']",False,3480000.0,5,Medium
DreamWalk App Development,AU,"Paddington, Australia",https://dreamwalk.com.au/%3Futm_source%3Dclutch.co%26utm_medium%3Dreferral%26utm_campaign%3Ddirectory,23,4.415,25000,"['70% Mobile App Development', '20% UX/UI Design', '10% Web Development']",False,2300000.0,1,Medium
Business Warriors | Digital Marketing Agency,AU,"Perth, Australia",https://businesswarriors.global%3Futm_source%3Dclutch.co%26utm_medium%3Dreferral%26utm_campaign%3Dau-web-developers,29,5.03,1000,"['40% Search Engine Optimization', '10% Web Development', '10% Pay Per Click', '10% Web Design']",False,3480000.0,5,Medium
White Peak Digital,AU,"Melbourne, Australia",https://www.whitepeakdigital.com/%3Futm_source%3Dclutch.co%26utm_medium%3Dreferral%26utm_campaign%3Ddirectory,10,5.01,5000,"['40% Web Design', '30% Web Development', '10% Search Engine Optimization', '10% UX/UI Design']",False,1200000.0,3,Medium
Shtudio,AU,"Woollahra, Australia",https://www.shtudio.com.au/%3Futm_source%3Dclutch.co%26utm_medium%3Dreferral%26utm_campaign%3Ddirectory,29,5.03,5000,"['50% Web Design', '30% Graphic Design', '20% Web Development']",False,3480000.0,5,Medium
Rock Agency,AU,"Cremorne, Australia",https://rockagency.com.au%3Futm_source%3Dclutch.co%26utm_medium%3Dreferral%26utm_campaign%3Dau-web-developers,29,0.0,10000,"['25% Web Development', '25% Web Design', '10% E-Commerce Development', '10% Pay Per Click', '10% Search Engine Optimization']",False,2900000.0,3,Medium
Vivo Group,AU,"Newstead, Australia",https://www.vivogroup.com.au/%3Futm_source%3Dclutch.co%26utm_medium%3Dreferral%26utm_campaign%3Ddirectory,29,0.0,10000,"['40% Web Design', '30% Web Development']",False,2900000.0,3,Medium
Synoviq,AU,"Melbourne, Australia",https://synoviq.com/%3Futm_source%3Dclutch.co%26utm_medium%3Dreferral%26utm_campaign%3Ddirectory,16,5.06,1000,"['10% Web Development', '10% Search Engine Optimization', '5% AI Development', '5% Blockchain', '5% Custom Software Development', '5% E-Commerce Development', '5% Mobile App Development', '5% Pay Per Click', '5% UX/UI Design', '5% Web Design']",False,1920000.0,3,Medium
Arcanys,AU,"Camberwell, Australia",http://www.arcanys.com/%3Futm_source%3Dclutch%26utm_medium%3Dreferral,4,5.027,100000,"['40% Custom Software Development', '30% Web Development', '10% IT Staff Augmentation']",False,480000.0,3,Medium
RailsFactory,AU,"Melbourne, Australia",https://railsfactory.com/%3Futm_source%3Dclutch.co%26utm_medium%3Dreferral%26utm_campaign%3Ddirectory,29,0.0,10000,"['25% Custom Software Development', '10% Web Development', '10% AI Development', '10% Mobile App Development', '5% E-Commerce Development']",False,2900000.0,3,Medium
Task Virtual,AU,"Sydney, Australia",https://taskvirtual.com%3Fref%3DClutch.co%3Futm_source%3Dclutch.co%26utm_medium%3Dreferral%26utm_campaign%3Ddirectory,29,4.954,1000,"['10% Web Development', '10% Web Design']",False,3480000.0,5,Medium
CBTW APAC,AU,"Melbourne, Australia",https://collaborationbetterstheworld.com/%3Futm_source%3Dclutch.co%26utm_medium%3Dreferral%26utm_campaign%3Ddirectory,1,4.73,0,"['30% Custom Software Development', '10% Web Development', '10% Cloud Consulting & SI', '10% Mobile App Development', '5% Application Testing', '5% Generative AI', '5% UX/UI Design']",False,120000.0,3,Medium
Intuji,AU,"Perth, Australia",https://intuji.com/get-in-touch/%3Futm_source%3Dclutch.co%26utm_medium%3Dreferral%26utm_campaign%3Dau-web-developers,29,0.0,10000,['40% Web Development'],False,2900000.0,3,Medium
Enterprise Monkey,AU,"Melbourne, Australia",https://enterprisemonkey.com.au%3Futm_source%3Dclutch.co%26utm_medium%3Dreferral%26utm_campaign%3Dau-web-developers,29,0.0,5000,['35% Web Development'],False,2900000.0,3,Medium
Stone Digital,AU,"Pyrmont, Australia",https://stonedigital.com.au/%3Futm_source%3Dclutch.co%26utm_medium%3Dreferral%26utm_campaign%3Dau-web-developers,29,0.0,5000,['50% Web Development'],False,2900000.0,3,Medium
StartupCraft,AU,"Sydney, Australia",http://startupcraft.io/%3Futm_source%3Dclutch.co%26utm_medium%3Dreferral%26utm_campaign%3Ddirectory,29,0.0,25000,['35% Web Development'],False,2900000.0,3,Medium
Idea Box,AU,"Chippendale, Australia",https://ideabox.com.au/,29,0.0,25000,['30% Web Development'],False,2900000.0,3,Medium
Launchpad App Development,AU,"Richmond, Australia",http://www.launchpadapps.co%3Futm_source%3Dclutch.co%26utm_medium%3Dreferral%26utm_campaign%3Dau-web-developers,29,0.0,10000,['10% Web Development'],False,2900000.0,3,Medium
Croissant & Baguette,AU,"Sydney, Australia",https://croissantbaguette.com.au/,29,0.0,10000,['40% Web Development'],False,2900000.0,3,Medium
Butterfly,AU,"Melbourne, Australia",http://www.butterfly.com.au/%3Futm_source%3Dclutch.co%26utm_medium%3Dreferral%26utm_campaign%3Ddirectory,29,0.0,10000,['30% Web Development'],False,2900000.0,3,Medium
Airteam,AU,"Pyrmont, Australia",https://www.airteam.com.au/landing-page/web-development-company%3Futm_source%3Dclutch%26utm_medium%3Dorganic%26utm_campaign%3Dclutch-profile%26utm_term%3Dlogo%26utm_content%3Dimage,29,0.0,10000,['20% Web Development'],False,2900000.0,3,Medium
Jhavtech Studios,AU,"Melbourne, Australia",https://www.jhavtech.com.au/,29,0.0,10000,['15% Web Development'],False,2900000.0,3,Medium
Nuclieos,AU,"Melbourne, Australia",https://www.nuclieos.com/,29,0.0,5000,['20% Web Development'],False,2900000.0,3,Medium
Seriously Good Design,AU,"Hawthorn East, Australia",https://sgd.com.au,29,0.0,5000,['30% Web Development'],False,2900000.0,3,Medium
Kombee Private Limited,AU,"Boronia, Australia",https://www.kombee.com/in,29,0.0,10000,['25% Web Development'],False,2900000.0,3,Medium
Mainstay Digital,AU,"Geelong, Australia",https://mainstay.digital/%3Futm_source%3Dclutch.co%26utm_medium%3Dreferral%26utm_campaign%3Dau-web-developers,29,0.0,5000,['30% Web Development'],False,2900000.0,3,Medium
Appello Software,AU,Serves Australia,https://ppc.clutch.co/ppc/click/%3Fs%3DeyJkZWNpc2lvbl9pZCI6IjBkNTU0NWUxLWI0ZmQtNDlhOC04MDA0LTliYTJmYzZhNThlMyIsImltcHJlc3Npb25faWQiOiI1YjlkOTZiYS1jOGFiLTRhNTQtOThmOC05ZDlhNWIyYzQyYjMiLCJwcm92aWRlcl9pZCI6NTk1MDY2LCJmZWF0dXJlZF9saXN0aW5nX2lkIjo0NTgsImZlYXR1cmVkX3Bvc2l0aW9uX2lkIjoyMzYyMTgsInBvc2l0aW9uIjoxLCJpc19zcG90bGlnaHQiOmZhbHNlfQ:1vstgv:a08x6gMRoOMr_BQxolK1-hjfzofaYxOqZS-hc4c6_9I,29,4.933,50000,"['55% Mobile App Development', '35% Custom Software Development', '10% Web Development']",False,3480000.0,5,Medium
Innowise,AU,Serves Australia,https://ppc.clutch.co/ppc/click/%3Fs%3DeyJkZWNpc2lvbl9pZCI6IjBkNTU0NWUxLWI0ZmQtNDlhOC04MDA0LTliYTJmYzZhNThlMyIsImltcHJlc3Npb25faWQiOiI1NGFmMWNmZi1lMDZkLTRkNWYtYjNiZS05M2MyMTE1MWVhZDMiLCJwcm92aWRlcl9pZCI6NDc3NjUzLCJmZWF0dXJlZF9saXN0aW5nX2lkIjo0NTgsImZlYXR1cmVkX3Bvc2l0aW9uX2lkIjozNzk1OTgsInBvc2l0aW9uIjoyLCJpc19zcG90bGlnaHQiOmZhbHNlfQ:1vstgv:R_xun2cGcfHWtiwTw-kNuV2venfaSWx9vfG1VgPJPbI,1,4.972,10000,"['10% Web Development', '10% AI Development', '10% Blockchain', '10% Cloud Consulting & SI', '10% Custom Software Development', '10% E-Commerce Development', '10% IT Staff Augmentation', '10% Mobile App Development']",False,120000.0,3,Medium
WP Creative,AU,Serves Australia,https://ppc.clutch.co/ppc/click/%3Fs%3DeyJkZWNpc2lvbl9pZCI6IjBkNTU0NWUxLWI0ZmQtNDlhOC04MDA0LTliYTJmYzZhNThlMyIsImltcHJlc3Npb25faWQiOiJkZGVlMDAyZS0wNDU4LTQzOTQtYjA0Yi0yYmM4Y2ZhOWQ2OWIiLCJwcm92aWRlcl9pZCI6MTY5MDQyMSwiZmVhdHVyZWRfbGlzdGluZ19pZCI6NDU4LCJmZWF0dXJlZF9wb3NpdGlvbl9pZCI6MzMyNTgwLCJwb3NpdGlvbiI6MywiaXNfc3BvdGxpZ2h0IjpmYWxzZX0:1vstgv:ZGn4VQ6NAuywbqSrnYFAn3ww8Jx3cFoAThxLP8edahY,29,5.024,10000,"['70% Web Development', '20% Web Design', '10% E-Commerce Development']",False,3480000.0,5,Medium
Intuji,AU,"Brisbane City, Australia",,8,4.924,10000,"['40% Web Development', '15% Low/No Code Development', '10% E-Commerce Development', '10% UX/UI Design', '10% Web Design', '5% Mobile App Development']",False,960000.0,3,Medium
Enterprise Monkey,AU,"Geelong, Australia",,50,5.062,5000,"['35% Web Development', '35% Custom Software Development', '15% Mobile App Development']",False,6000000.0,5,Medium
Stone Digital,AU,"Pyrmont, Australia",,29,5.024,5000,"['50% Web Development', '50% Web Design']",False,3480000.0,5,Medium
StartupCraft,AU,"Sydney, Australia",,29,5.023,25000,"['35% Web Development', '30% AI Development', '5% Blockchain']",False,3480000.0,5,Medium
Idea Box,AU,"Chippendale, Australia",,29,4.812,25000,"['35% AI Development', '35% Mobile App Development', '30% Web Development']",False,3480000.0,5,Medium
Launchpad App Development,AU,"Richmond, Australia",,29,5.026,10000,"['70% Mobile App Development', '10% Web Development', '10% Low/No Code Development']",False,3480000.0,5,Medium
Croissant & Baguette,AU,"Sydney, Australia",,29,5.04,10000,"['40% Web Development', '20% E-Commerce Development', '10% Mobile App Development', '10% UX/UI Design', '10% Web Design']",False,3480000.0,5,Medium
Butterfly,AU,"Melbourne, Australia",,29,5.07,10000,"['30% Web Development', '15% UX/UI Design', '15% Web Design', '10% Digital Strategy']",False,3480000.0,5,Medium
Airteam,AU,"Pyrmont, Australia",,29,5.02,10000,"['20% Web Development', '20% Custom Software Development', '20% Mobile App Development', '20% UX/UI Design']",False,3480000.0,5,Medium
Jhavtech Studios,AU,"Melbourne, Australia",,29,4.823,10000,"['40% Mobile App Development', '15% Web Development', '10% UX/UI Design']",False,3480000.0,5,Medium
Nuclieos,AU,"Melbourne, Australia",,29,4.86,5000,"['30% Custom Software Development', '20% Web Development', '15% IT Staff Augmentation', '10% Low/No Code Development']",False,3480000.0,5,Medium
Seriously Good Design,AU,"Hawthorn East, Australia",,29,5.01,5000,"['30% Web Development', '25% Search Engine Optimization', '15% Pay Per Click', '10% UX/UI Design']",False,3480000.0,5,Medium
Kombee Private Limited,AU,"Boronia, Australia",,29,5.04,10000,"['50% Mobile App Development', '25% Web Development', '25% E-Commerce Development']",False,3480000.0,5,Medium
Mainstay Digital,AU,"Geelong, Australia",,29,4.83,5000,"['45% Custom Software Development', '30% Web Development', '10% UX/UI Design']",False,3480000.0,5,Medium
Itomic,AU,"Perth, Australia",,29,5.05,5000,"['30% Web Development', '20% Mobile App Development', '10% Custom Software Development', '10% Digital Strategy', '10% Search Engine Optimization']",False,3480000.0,5,Medium
UPCORE,AU,"Barangaroo, Australia",,29,5.03,10000,"['70% Mobile App Development', '20% AI Development', '10% Web Development']",False,3480000.0,5,Medium
Nightjar,AU,"Surry Hills, Australia",,29,5.02,25000,"['30% Web Development', '15% Custom Software Development', '10% Branding', '10% Mobile App Development', '10% UX/UI Design', '10% Web Design']",False,3480000.0,5,Medium
Designpluz,AU,"Bella Vista, Australia",,29,4.96,1000,"['20% Web Development', '20% Custom Software Development', '15% E-Commerce Development', '15% Mobile App Development', '10% AI Development']",False,3480000.0,5,Medium
Digiwhiz,AU,"Moorabbin, Australia",,29,4.51,1000,"['40% Search Engine Optimization', '30% Web Development', '10% Web Design']",False,3480000.0,5,Medium
Moonward Studio,AU,"Baulkham Hills, Australia",,29,4.721,10000,"['90% Mobile App Development', '10% Web Development']",False,3480000.0,5,Medium
Rush Hour Digital,AU,"Sydney, Australia",,29,4.88,25000,"['25% UX/UI Design', '15% Web Development']",False,3480000.0,5,Medium
Appinop Technologies,AU,"Cannon Hill, Australia",,50,4.921,5000,"['40% Mobile App Development', '20% E-Commerce Development', '10% Web Development']",False,6000000.0,5,Medium
Redi Software,AU,"Joondalup, Australia",,29,5.02,25000,"['40% Custom Software Development', '30% Web Development', '30% Mobile App Development']",False,3480000.0,5,Medium
Noorix - Custom Software and App Developers,AU,"Sydney, Australia",,29,4.96,25000,"['30% Custom Software Development', '25% Web Development', '10% Cloud Consulting & SI', '10% Generative AI']",False,3480000.0,5,Medium
Carbon Edge Australia,AU,"Chadstone, Australia",,33,4.97,5000,"['30% Web Development', '25% Web Design', '15% Search Engine Optimization']",False,3960000.0,5,Medium
AndMine,AU,"Melbourne, Australia",,29,5.01,5000,"['20% Web Development', '20% Web Design', '10% Digital Strategy', '10% Pay Per Click', '10% Search Engine Optimization']",False,3480000.0,5,Medium
VT Digital,AU,"Sydney, Australia",,29,5.025,1000,"['30% Mobile App Development', '20% Web Development', '10% AI Development', '10% E-Commerce Development']",False,3480000.0,5,Medium
Clean Commit,AU,"Barton, Australia",,29,5.012,10000,"['80% E-Commerce Development', '10% Web Development', '10% Custom Software Development']",False,3480000.0,5,Medium
Drive Digital,AU,"Footscray, Australia",,42,5.04,10000,"['60% E-Commerce Development', '20% Web Development', '20% Web Design']",False,5040000.0,5,Medium
Relab Studios,AU,"Cremorne, Australia",,29,5.05,5000,"['10% Web Development', '10% E-Commerce Development', '10% Web Design']",False,3480000.0,5,Medium
Aussie Website,AU,"Melbourne, Australia",,29,5.01,1000,"['35% Web Development', '30% Web Design', '10% Low/No Code Development']",False,3480000.0,5,Medium
"XAM5.01
                        
                            review",AU,"Brisbane City, Australia",,21,5.01,10000,"['20% Web Development', '20% Mobile App Development', '10% Cloud Consulting & SI', '10% Custom Software Development', '10% UX/UI Design']",False,2520000.0,3,Medium
Zuse Digital,AU,"Melbourne, Australia",,29,5.01,10000,"['25% Web Development', '25% Mobile App Development', '25% Web Design']",False,3480000.0,5,Medium
GREENLOGIC,AU,"St Kilda, Australia",,29,4.94,25000,"['20% Web Development', '20% AI Development', '20% Custom Software Development', '20% UX/UI Design']",False,3480000.0,5,Medium
Fluid Branding,AU,"South Melbourne, Australia",,100,4.82,25000,"['45% Branding', '45% Packaging Design', '10% Web Development']",False,12000000.0,5,Medium
Frank Digital,AU,"Melbourne, Australia",,26,5.01,50000,"['40% Web Design', '20% Web Development', '10% Search Engine Optimization']",False,3120000.0,5,Medium
MadAppGang,AU,"Maroubra, Australia",,29,5.08,25000,"['30% Web Development', '20% Mobile App Development']",False,3480000.0,5,Medium
Atlasopen,AU,"Fitzroy, Australia",,29,4.812,25000,"['40% Custom Software Development', '15% Web Development', '10% AI Development']",False,3480000.0,5,Medium
DigiGround,AU,"Sydney, Australia",,29,4.94,5000,"['70% Mobile App Development', '30% Web Development']",False,3480000.0,5,Medium
Pixelstorm,AU,"Cremorne, Australia",,29,4.94,5000,"['30% Web Design', '25% Search Engine Optimization', '15% Web Development']",False,3480000.0,5,Medium
Hyper Startup Studio,AU,"Bondi Beach, Australia",,29,4.921,5000,"['40% Mobile App Development', '20% Web Development', '10% Custom Software Development']",False,3480000.0,5,Medium
Attalla Digital,AU,"Melbourne, Australia",,29,5.05,25000,"['30% Mobile App Development', '15% Low/No Code Development', '15% UX/UI Design', '10% Web Development', '10% Blockchain']",False,3480000.0,5,Medium
Slant Digital Pty Ltd,AU,"Highton, Australia",,29,5.01,5000,"['15% Web Design', '10% Web Development', '10% UX/UI Design', '8% E-Commerce Development', '5% Custom Software Development', '2% Mobile App Development']",False,3480000.0,5,Medium
Vesanique,AU,"Fortitude Valley, Australia",,29,5.02,5000,"['20% Branding', '10% Web Development', '10% E-Commerce Development', '10% Low/No Code Development', '10% UX/UI Design']",False,3480000.0,5,Medium
Baha Agency,AU,"Braddon, Australia",,29,5.06,25000,"['15% Branding', '10% Web Development', '10% Digital Strategy', '10% Mobile App Development', '10% UX/UI Design']",False,3480000.0,5,Medium
Supportsoft Technologies,AU,"Rosehill, Australia",,29,4.837,5000,"['30% Mobile App Development', '20% Web Development', '20% IoT Development', '10% Low/No Code Development']",False,3480000.0,5,Medium
JUSTPRO,AU,"Parramatta, Australia",,29,5.07,0,"['15% Custom Software Development', '10% Web Development', '10% Mobile App Development']",False,3480000.0,5,Medium
Appomate,AU,"Melbourne, Australia",,29,4.316,25000,"['20% Custom Software Development', '10% Web Development', '10% AI Development', '10% Blockchain', '10% UX/UI Design', '5% IoT Development']",False,2900000.0,3,Medium
Newpath Web,AU,"Melbourne, Australia",,29,4.73,0,"['40% Web Development', '30% Search Engine Optimization', '10% Pay Per Click']",False,3480000.0,5,Medium
SLIK,AU,"Redfern, Australia",,29,5.01,25000,"['15% Branding', '10% Web Development', '10% Digital Strategy', '10% UX/UI Design', '10% Web Design']",False,3480000.0,5,Medium
Appello Software,AU,Serves Australia,https://ppc.clutch.co/ppc/click/%3Fs%3DeyJkZWNpc2lvbl9pZCI6ImIzOTgzZmMyLWE0MzYtNDliZS04ZjNiLTcxZWM4ZjIwMzYzMiIsImltcHJlc3Npb25faWQiOiJiNzA4Mzk2NS0zY2U2LTRhYzItOGFiOS0yNWQ2NWMyZDgxY2UiLCJwcm92aWRlcl9pZCI6NTk1MDY2LCJmZWF0dXJlZF9saXN0aW5nX2lkIjo0NTgsImZlYXR1cmVkX3Bvc2l0aW9uX2lkIjoyMzYyMTgsInBvc2l0aW9uIjoxLCJpc19zcG90bGlnaHQiOmZhbHNlfQ:1vsth5:68wg0lh1YjJHw1w5wX_M3405pmv04H_XBdvL8gK5Mo4,29,4.933,50000,"['55% Mobile App Development', '35% Custom Software Development', '10% Web Development']",False,3480000.0,5,Medium
Innowise,AU,Serves Australia,https://ppc.clutch.co/ppc/click/%3Fs%3DeyJkZWNpc2lvbl9pZCI6ImIzOTgzZmMyLWE0MzYtNDliZS04ZjNiLTcxZWM4ZjIwMzYzMiIsImltcHJlc3Npb25faWQiOiJjYWY2NzI0NS1jYjQwLTRkMjctYmY4MS01NTMwMjUxY2M4MDUiLCJwcm92aWRlcl9pZCI6NDc3NjUzLCJmZWF0dXJlZF9saXN0aW5nX2lkIjo0NTgsImZlYXR1cmVkX3Bvc2l0aW9uX2lkIjozNzk1OTgsInBvc2l0aW9uIjoyLCJpc19zcG90bGlnaHQiOmZhbHNlfQ:1vsth5:2nyRopWLLTw93S1Ub1X9-6PDEIkfAUTwG8r0IQss1wg,1,4.972,10000,"['10% Web Development', '10% AI Development', '10% Blockchain', '10% Cloud Consulting & SI', '10% Custom Software Development', '10% E-Commerce Development', '10% IT Staff Augmentation', '10% Mobile App Development']",False,120000.0,3,Medium
WP Creative,AU,Serves Australia,https://ppc.clutch.co/ppc/click/%3Fs%3DeyJkZWNpc2lvbl9pZCI6ImIzOTgzZmMyLWE0MzYtNDliZS04ZjNiLTcxZWM4ZjIwMzYzMiIsImltcHJlc3Npb25faWQiOiI3MmVlZmZkNi1jODRmLTRjMmUtOWFlYi03NTk0YWJiNDZiMmYiLCJwcm92aWRlcl9pZCI6MTY5MDQyMSwiZmVhdHVyZWRfbGlzdGluZ19pZCI6NDU4LCJmZWF0dXJlZF9wb3NpdGlvbl9pZCI6MzMyNTgwLCJwb3NpdGlvbiI6MywiaXNfc3BvdGxpZ2h0IjpmYWxzZX0:1vsth5:OYLdchlMxec1RHUkKKESzopcKaCz5CxlcgqgKqpEtlA,29,5.024,10000,"['70% Web Development', '20% Web Design', '10% E-Commerce Development']",False,3480000.0,5,Medium
Sonder Digital Marketing,AU,"Newstead, Australia",,29,5.02,5000,"['30% Web Development', '30% Search Engine Optimization', '10% Digital Strategy']",False,3480000.0,5,Medium
Aston Social,AU,"Melbourne, Australia",,29,5.03,1000,"['30% Search Engine Optimization', '15% Web Development']",False,3480000.0,5,Medium
Studio Moso,AU,"South Melbourne, Australia",,29,5.02,10000,"['30% Web Development', '20% IT Staff Augmentation', '15% UX/UI Design', '15% Web Design']",False,3480000.0,5,Medium
Refuel Creative,AU,"Port Adelaide, Australia",,29,5.01,5000,"['20% Web Development', '10% Digital Strategy']",False,3480000.0,5,Medium
Cherrypick Agency,AU,"Blacktown, Australia",,29,5.012,10000,"['15% Mobile App Development', '10% Web Development', '10% Custom Software Development', '10% Low/No Code Development']",False,3480000.0,5,Medium
victoria IT,AU,"Tarneit, Australia",,29,5.01,5000,"['20% Web Development', '20% Cloud Consulting & SI']",False,3480000.0,5,Medium
Blitzm Systems Pty Ltd,AU,"Canberra, Australia",,22,5.01,10000,"['18% Low/No Code Development', '15% Web Development', '10% Custom Software Development', '5% Cloud Consulting & SI', '5% IT Staff Augmentation', '5% Search Engine Optimization', '5% UX/UI Design', '1% Web Design']",False,2640000.0,3,Medium
Fgfactory Australia,AU,"Bentleigh East, Australia",,29,5.01,10000,"['35% Custom Software Development', '35% Mobile App Development', '30% Web Development']",False,3480000.0,5,Medium
The Interaction Consortium,AU,"Chippendale, Australia",,29,4.83,25000,"['75% Web Development', '10% UX/UI Design', '5% Mobile App Development']",False,3480000.0,5,Medium
We Make Apps,AU,"Collingwood, Australia",,29,5.01,25000,"['50% Mobile App Development', '10% Web Development']",False,3480000.0,5,Medium
Y Interval,AU,"Bankstown, Australia",,29,5.01,5000,"['35% Mobile App Development', '20% Web Development', '10% Low/No Code Development', '5% Blockchain', '5% E-Commerce Development']",False,3480000.0,5,Medium
iGeekTeam,AU,"Sydney, Australia",,29,4.83,1000,"['40% Mobile App Development', '30% Web Development', '30% Search Engine Optimization']",False,3480000.0,5,Medium
BSO Digital,AU,"Moonee Ponds, Australia",,29,5.01,5000,"['50% Web Development', '40% Web Design', '5% Search Engine Optimization']",False,3480000.0,5,Medium
theAD - Sydney's Digital Agency,AU,"Ultimo, Australia",,29,4.27,1000,"['30% Web Development', '30% Mobile App Development', '20% Search Engine Optimization']",False,2900000.0,3,Medium
App Boxer,AU,"Baulkham Hills, Australia",,29,3.77,10000,"['90% Mobile App Development', '10% Web Development']",False,2900000.0,3,Medium
Snapio Pty Ltd,AU,"Brendale, Australia",,29,4.82,5000,"['30% Custom Software Development', '20% Web Development', '10% E-Commerce Development']",False,3480000.0,5,Medium
Up & Gro,AU,"Melbourne, Australia",,29,5.07,1000,"['25% Web Development', '25% Web Design', '15% E-Commerce Development', '15% Mobile App Development']",False,3480000.0,5,Medium
Metrix,AU,"Morningside, Australia",,29,5.02,100000,"['25% E-Commerce Development', '20% Web Development', '10% Custom Software Development', '10% Low/No Code Development']",False,3480000.0,5,Medium
Creative Click,AU,"Sydney, Australia",,29,5.01,5000,"['50% Web Development', '50% Web Design']",False,3480000.0,5,Medium
KDM Digital Marketing,AU,"Fortitude Valley, Australia",,29,5.03,1000,"['20% Digital Strategy', '20% Search Engine Optimization', '10% Web Development']",False,3480000.0,5,Medium
Team-X Web Development and SEO,AU,"Doncaster, Australia",,29,5.01,0,"['50% Web Development', '50% Web Design']",False,3480000.0,5,Medium
The Digital Embassy,AU,"Adelaide, Australia",,29,5.02,25000,"['30% Web Development', '15% Digital Strategy', '10% Mobile App Development', '10% Web Design', '5% Pay Per Click', '5% Search Engine Optimization', '5% UX/UI Design']",False,3480000.0,5,Medium
Convert Studios,AU,"Perth, Australia",,29,5.01,25000,"['15% IoT Development', '15% Low/No Code Development', '10% Web Development']",False,3480000.0,5,Medium
MRU Consulting,AU,"Brisbane City, Australia",,29,5.03,5000,"['50% Custom Software Development', '20% Web Development', '10% Mobile App Development']",False,3480000.0,5,Medium
Pounce Agency,AU,"Sydney, Australia",,29,4.97,5000,"['35% Search Engine Optimization', '20% Web Development', '10% AI Development', '10% Branding']",False,3480000.0,5,Medium
Digitalrooar,AU,"Liverpool, Australia",,29,5.02,1000,"['30% E-Commerce Development', '15% Web Development', '10% Low/No Code Development', '10% Pay Per Click', '10% Search Engine Optimization']",False,3480000.0,5,Medium
Spring Web Solutions,AU,"Shenton Park, Australia",,29,4.52,0,"['40% E-Commerce Development', '30% Web Development', '10% Web Design', '5% Cloud Consulting & SI']",False,3480000.0,5,Medium
Adonis Media,AU,"Brisbane City, Australia",,29,5.06,10000,"['20% Web Development', '15% Pay Per Click', '10% Custom Software Development', '10% Search Engine Optimization', '5% AI Development']",False,3480000.0,5,Medium
The Code Company Pty Ltd,AU,"Brisbane City, Australia",,29,4.51,50000,"['70% Web Development', '20% Digital Strategy', '10% UX/UI Design']",False,3480000.0,5,Medium
Horizon Labs,AU,"Prahran, Australia",,29,5.02,0,"['50% Mobile App Development', '40% Web Development', '10% BI & Big Data Consulting & SI']",False,3480000.0,5,Medium
NOVORIUM,AU,"Chippendale, Australia",,29,5.03,5000,"['25% Web Development', '25% Branding', '10% Mobile App Development', '10% Search Engine Optimization', '5% Digital Strategy']",False,3480000.0,5,Medium
DDSN Interactive,AU,"South Melbourne, Australia",,29,4.86,1000,"['20% Web Development', '20% Custom Software Development', '20% E-Commerce Development', '20% Mobile App Development']",False,3480000.0,5,Medium
Major Creative,AU,"Chadstone, Australia",,29,5.01,10000,"['35% Web Development', '20% Web Design', '10% Low/No Code Development', '10% UX/UI Design', '5% E-Commerce Development']",False,3480000.0,5,Medium
TechDilation,AU,"West Perth, Australia",,29,5.06,5000,"['30% Mobile App Development', '20% E-Commerce Development', '15% Web Development', '10% Web Design', '5% IT Staff Augmentation']",False,3480000.0,5,Medium
Laneways Software and Digital Pty Ltd,AU,"Port Melbourne, Australia",,29,5.02,25000,"['10% Web Development', '10% Custom Software Development', '10% E-Commerce Development', '10% Mobile App Development', '10% Pay Per Click', '10% Search Engine Optimization', '10% UX/UI Design', '10% Web Design']",False,3480000.0,5,Medium
Web Doodle,AU,"Seven Hills, Australia",,29,5.01,1000,"['20% Web Development', '10% Branding', '10% Custom Software Development', '10% E-Commerce Development', '5% Application Testing', '5% Mobile App Development']",False,3480000.0,5,Medium
SCSS Consulting,AU,"Surry Hills, Australia",,29,5.06,10000,"['45% Web Development', '25% Custom Software Development', '10% Low/No Code Development']",False,3480000.0,5,Medium
applickable,AU,"Collingwood, Australia",,50,4.65,0,"['30% Web Development', '30% Mobile App Development']",False,6000000.0,5,Medium
Quadque Technologies Limited,AU,"Bankstown, Australia",,29,5.02,0,"['15% Web Development', '15% Search Engine Optimization', '10% Custom Software Development']",False,3480000.0,5,Medium
Folio Manager,AU,"Brisbane, Australia",,29,5.03,1000,"['20% Web Development', '20% Search Engine Optimization', '5% Digital Strategy', '1% Application Testing', '1% Custom Software Development', '1% E-Commerce Development']",False,3480000.0,5,Medium
Sydney Digital Agency,AU,"Potts Point, Australia",,29,5.04,5000,"['15% Pay Per Click', '10% Web Development', '10% UX/UI Design', '10% Web Design']",False,3480000.0,5,Medium
X2hundred,AU,"Bankstown, Australia",,29,5.01,1000,"['35% Web Development', '35% E-Commerce Development', '15% Mobile App Development']",False,3480000.0,5,Medium
Empite,AU,"Mulgrave, Australia",,29,5.03,10000,"['25% Web Development', '25% Custom Software Development', '25% Mobile App Development']",False,3480000.0,5,Medium
ITC Group,AU,"Belmore, Australia",,18,4.83,10000,"['35% Custom Software Development', '10% Web Development', '10% Mobile App Development', '5% Application Testing', '5% Cloud Consulting & SI', '5% IoT Development']",False,2160000.0,3,Medium
Perth Digital Edge,AU,"Wanneroo, Australia",,29,5.02,1000,"['50% Search Engine Optimization', '20% Web Development', '10% UX/UI Design']",False,3480000.0,5,Medium
Digital Eagles Marketing Agency,AU,"Melbourne, Australia",,50,5.03,1000,"['40% Search Engine Optimization', '10% Web Development', '10% Pay Per Click', '10% Web Design']",False,6000000.0,5,Medium
Upscalix,AU,"Melbourne, Australia",,29,5.02,5000,"['10% Web Development', '10% Custom Software Development', '10% E-Commerce Development', '10% Mobile App Development']",False,3480000.0,5,Medium
4mation Technologies,AU,"Surry Hills, Australia",,29,5.01,10000,"['10% Web Development', '10% Cloud Consulting & SI', '10% Custom Software Development', '10% Digital Strategy', '10% IT Staff Augmentation', '10% Mobile App Development', '10% UX/UI Design', '10% Web Design']",False,3480000.0,5,Medium
Platinum SEO,AU,"Kew, Australia",,29,5.01,1000,"['40% Search Engine Optimization', '30% Web Development', '30% Digital Strategy']",False,3480000.0,5,Medium
ISH Technologies,AU,"Brisbane City, Australia",,100,4.82,25000,"['25% Web Development', '25% IT Staff Augmentation', '15% Custom Software Development', '10% Low/No Code Development']",False,12000000.0,5,Medium
CubeZoo,SA,"Johannesburg, South Africa",https://www.cubezoo.co.za/project-kickoff/%3Futm_source%3Dclutch.co%26utm_medium%3Dreferral%3Futm_source%3Dclutch.co%26utm_medium%3Dreferral%26utm_campaign%3Dza-web-developers,29,4.931,10000,"['30% Mobile App Development', '20% Web Development', '15% Custom Software Development', '15% UX/UI Design']",False,2436000.0,4,Medium
Coherent Solutions,SA,Serves South Africa,https://ppc.clutch.co/ppc/click/%3Fs%3DeyJkZWNpc2lvbl9pZCI6IjNhMjU2ZGZiLTBhNzMtNGM5YS1hYjJlLTFiZjM3YWViMGMwNCIsImltcHJlc3Npb25faWQiOiIzNjE0MGY2YS1lN2RhLTQ2OTAtOTMxZC1jM2RiY2E3MmY2NmUiLCJwcm92aWRlcl9pZCI6ODI0NDksImZlYXR1cmVkX2xpc3RpbmdfaWQiOjIsImZlYXR1cmVkX3Bvc2l0aW9uX2lkIjozNDgyODIsInBvc2l0aW9uIjoxLCJpc19zcG90bGlnaHQiOmZhbHNlfQ:1vsthK:fzrVdeuLfPa2uIWx8GjM_IK4GjuAZwqQkSJAFhJ2OMY,14,4.73,50000,"['30% AI Development', '15% Web Development', '10% Cloud Consulting & SI']",False,1176000.0,2,Medium
Proven,SA,Serves South Africa,https://ppc.clutch.co/ppc/click/%3Fs%3DeyJkZWNpc2lvbl9pZCI6IjNhMjU2ZGZiLTBhNzMtNGM5YS1hYjJlLTFiZjM3YWViMGMwNCIsImltcHJlc3Npb25faWQiOiJmYjJiM2Q0OS04NDM0LTQwYTgtYjQzNC0yZTRmMWU3ZmQ2YTYiLCJwcm92aWRlcl9pZCI6MzUwNTgwLCJmZWF0dXJlZF9saXN0aW5nX2lkIjoyLCJmZWF0dXJlZF9wb3NpdGlvbl9pZCI6MjM3OTU4LCJwb3NpdGlvbiI6MiwiaXNfc3BvdGxpZ2h0IjpmYWxzZX0:1vsthK:UB0e0SWrwRqX88F5nK070qbVkKT54WL1jchwFMPN0sI,29,4.912,25000,"['25% Web Development', '25% Web Design', '10% Custom Software Development', '10% UX/UI Design']",False,2436000.0,4,Medium
Storm Brain,SA,Serves South Africa,https://ppc.clutch.co/ppc/click/%3Fs%3DeyJkZWNpc2lvbl9pZCI6IjNhMjU2ZGZiLTBhNzMtNGM5YS1hYjJlLTFiZjM3YWViMGMwNCIsImltcHJlc3Npb25faWQiOiJlZGI1NGUwYi0xOGJjLTQ0YzctYTZmYy02Njk0ODNkMmQ1NmEiLCJwcm92aWRlcl9pZCI6MTQ0MzUyLCJmZWF0dXJlZF9saXN0aW5nX2lkIjoyLCJmZWF0dXJlZF9wb3NpdGlvbl9pZCI6MzAzNTk5LCJwb3NpdGlvbiI6MywiaXNfc3BvdGxpZ2h0IjpmYWxzZX0:1vsthK:qevuHthNhLn1N_Kv2kcfDRGgsq0KhAvaXf6iqowaNxE,29,5.0124,10000,"['40% Web Design', '20% Web Development', '10% E-Commerce Development', '10% Pay Per Click', '10% Search Engine Optimization']",False,2436000.0,4,Medium
Brave Digital,SA,"Cape Town, South Africa",https://www.bravedigital.com/development/%3Futm_source%3Dclutch.co%26utm_medium%3Dreferral%26utm_campaign%3Dza-web-developers,29,4.88,10000,"['50% Web Development', '30% Web Design', '20% Custom Software Development']",False,2436000.0,4,Medium
Origen Software,SA,"Cape Town, South Africa",https://origensoftware.com/%3Futm_source%3Dclutch.co%26utm_medium%3Dreferral%26utm_campaign%3Dza-web-developers,29,5.024,25000,"['40% Mobile App Development', '30% Web Development', '10% UX/UI Design']",False,2436000.0,4,Medium
DRUM'N'CODE,SA,Serves South Africa,https://ppc.clutch.co/ppc/click/%3Fs%3DeyJkZWNpc2lvbl9pZCI6IjNhMjU2ZGZiLTBhNzMtNGM5YS1hYjJlLTFiZjM3YWViMGMwNCIsImltcHJlc3Npb25faWQiOiIxYjFiYWU0My1iOWQ2LTRmMmEtYjgxOC1jNTc5MTc2ODM3MGQiLCJwcm92aWRlcl9pZCI6MTE1NDM1OCwiZmVhdHVyZWRfbGlzdGluZ19pZCI6MiwiZmVhdHVyZWRfcG9zaXRpb25faWQiOjI1OTc1OCwicG9zaXRpb24iOjQsImlzX3Nwb3RsaWdodCI6ZmFsc2V9:1vsthK:FZqMZo0-ngv515dkvY95i4eH5KDT-zXCNIhMqqBWBYE,29,5.025,1000,"['30% Web Development', '30% Custom Software Development', '15% Web Design', '10% Mobile App Development']",False,2436000.0,4,Medium
Appunite,SA,Serves South Africa,https://ppc.clutch.co/ppc/click/%3Fs%3DeyJkZWNpc2lvbl9pZCI6IjNhMjU2ZGZiLTBhNzMtNGM5YS1hYjJlLTFiZjM3YWViMGMwNCIsImltcHJlc3Npb25faWQiOiI4YjllMDUyYS0xM2M1LTQyNzctYmZhMS1mN2I4YzVjY2Y1ODIiLCJwcm92aWRlcl9pZCI6MzMyMTgsImZlYXR1cmVkX2xpc3RpbmdfaWQiOjIsImZlYXR1cmVkX3Bvc2l0aW9uX2lkIjoyMzc2MzYsInBvc2l0aW9uIjo1LCJpc19zcG90bGlnaHQiOmZhbHNlfQ:1vsthK:QBEXowL1MFyxH2TYq5lky-_AoSFKronj0HFlW96E32w,29,4.921,10000,"['20% Web Development', '20% Custom Software Development', '10% E-Commerce Development', '10% Generative AI', '10% Low/No Code Development', '10% Web Design']",False,2436000.0,4,Medium
TKX Media,SA,Serves South Africa,https://ppc.clutch.co/ppc/click/%3Fs%3DeyJkZWNpc2lvbl9pZCI6IjNhMjU2ZGZiLTBhNzMtNGM5YS1hYjJlLTFiZjM3YWViMGMwNCIsImltcHJlc3Npb25faWQiOiIxNGRmODUzZS1iMzE4LTQzOGMtODg4Yy03MmNlZDVlMDc0ODkiLCJwcm92aWRlcl9pZCI6MjUzMTE5NCwiZmVhdHVyZWRfbGlzdGluZ19pZCI6MiwiZmVhdHVyZWRfcG9zaXRpb25faWQiOjM1MTI2MSwicG9zaXRpb24iOjYsImlzX3Nwb3RsaWdodCI6ZmFsc2V9:1vsthK:znHDljNq2ZTCuB0Fv-hXXSHLnzFtZSIREppEz1OWNRI,29,5.011,5000,"['40% Search Engine Optimization', '40% Web Design', '20% Advertising']",False,2436000.0,4,Medium
Modern Day Strategy,SA,"Cape Town, South Africa",https://www.moderndaystrategy.com,29,5.028,1000,"['30% Mobile App Development', '20% Web Development', '10% Custom Software Development', '10% Low/No Code Development', '10% Web Design']",False,2436000.0,4,Medium
Clickmod,SA,"Centurion, South Africa",https://www.clickmod.co.za,29,4.73,25000,"['35% Custom Software Development', '20% Web Development', '20% Mobile App Development']",False,2436000.0,4,Medium
Agile Routes,SA,"Randburg, South Africa",https://agileroutes.com/,29,5.09,5000,"['75% Web Development', '10% Custom Software Development', '5% UX/UI Design', '5% Web Design']",False,2436000.0,4,Medium
WEBINK,SA,"Sandton, South Africa",https://webink.agency,29,4.95,1000,"['10% Web Development', '10% E-Commerce Development', '10% Search Engine Optimization', '10% UX/UI Design']",False,2436000.0,4,Medium
Geniusee,SA,Serves South Africa,https://ppc.clutch.co/ppc/click/%3Fs%3DeyJkZWNpc2lvbl9pZCI6IjNhMjU2ZGZiLTBhNzMtNGM5YS1hYjJlLTFiZjM3YWViMGMwNCIsImltcHJlc3Npb25faWQiOiJhYTQ4ZWNlNS02YTE0LTQ3NzUtODI0My1kMzliYjU4ZDlhN2MiLCJwcm92aWRlcl9pZCI6MTUzOTkxLCJmZWF0dXJlZF9saXN0aW5nX2lkIjoyLCJmZWF0dXJlZF9wb3NpdGlvbl9pZCI6Mjg5NjUxLCJwb3NpdGlvbiI6NywiaXNfc3BvdGxpZ2h0IjpmYWxzZX0:1vsthK:FgzzGEl5Vyh9o6IGk95L_oyb78gi_8Z-KjMUzyuFBmw,14,5.067,50000,"['40% Web Development', '40% Custom Software Development', '10% Cloud Consulting & SI']",False,1176000.0,2,Medium
"TRIARE, LLC",SA,Serves South Africa,https://ppc.clutch.co/ppc/click/%3Fs%3DeyJkZWNpc2lvbl9pZCI6IjNhMjU2ZGZiLTBhNzMtNGM5YS1hYjJlLTFiZjM3YWViMGMwNCIsImltcHJlc3Npb25faWQiOiJmNmFjZThiYS04OWY5LTQ4NDYtYTdjYS0xMGI0ZTQxNWE2YzciLCJwcm92aWRlcl9pZCI6Njg3NjgxLCJmZWF0dXJlZF9saXN0aW5nX2lkIjoyLCJmZWF0dXJlZF9wb3NpdGlvbl9pZCI6MjM5ODU0LCJwb3NpdGlvbiI6OCwiaXNfc3BvdGxpZ2h0IjpmYWxzZX0:1vsthK:LrhsRz1jzaMS_mjwNi_sDqUhdebgR5msG2HmHok27r0,29,4.937,10000,"['41% Mobile App Development', '35% Web Development', '12% UX/UI Design']",False,2436000.0,4,Medium
Arounda,SA,Completed projects in 19 countries,https://ppc.clutch.co/ppc/click/%3Fs%3DeyJkZWNpc2lvbl9pZCI6IjNhMjU2ZGZiLTBhNzMtNGM5YS1hYjJlLTFiZjM3YWViMGMwNCIsImltcHJlc3Npb25faWQiOiIzMThiNjk5OC1hZjBkLTRjOGMtYjU4ZC01OWNlOTA1YmRkYmMiLCJwcm92aWRlcl9pZCI6MTE1MzA3MCwiZmVhdHVyZWRfbGlzdGluZ19pZCI6MiwiZmVhdHVyZWRfcG9zaXRpb25faWQiOjM3MzE4NywicG9zaXRpb24iOjksImlzX3Nwb3RsaWdodCI6ZmFsc2V9:1vsthK:kfdnkkSkewUGOkoNsH00Eaj0wLs_ulb8pNIWRRk4Wzk,29,5.072,25000,"['30% Web Development', '30% UX/UI Design', '10% Branding']",False,2436000.0,4,Medium
Decode Development,SA,"Cape Town, South Africa",https://www.decodedev.com/,29,5.01,5000,['30% Web Development'],False,2436000.0,4,Medium
SovTech,SA,"Cape Town, South Africa",,29,4.17,10000,"['30% Web Development', '30% Mobile App Development', '15% Cloud Consulting & SI']",False,2030000.0,2,Medium
Dev Technosys,SA,Serves South Africa,https://ppc.clutch.co/ppc/click/%3Fs%3DeyJkZWNpc2lvbl9pZCI6IjNhMjU2ZGZiLTBhNzMtNGM5YS1hYjJlLTFiZjM3YWViMGMwNCIsImltcHJlc3Npb25faWQiOiIwYjlmYzhmNC1hOTgwLTRmNGItOWY2YS1iZGE3MDI4MDk4YjMiLCJwcm92aWRlcl9pZCI6NDYzMzQsImZlYXR1cmVkX2xpc3RpbmdfaWQiOjIsImZlYXR1cmVkX3Bvc2l0aW9uX2lkIjozNzc2ODUsInBvc2l0aW9uIjoxMCwiaXNfc3BvdGxpZ2h0IjpmYWxzZX0:1vsthK:ZS44QUD4UHySUXZB5DbnEeku1sG_iQyTZ2tlfNQFAOY,100,4.8201,10000,"['55% Blockchain', '35% Mobile App Development', '10% Web Development']",False,8400000.0,4,Medium
Rekos Agency,SA,Serves South Africa,https://ppc.clutch.co/ppc/click/%3Fs%3DeyJkZWNpc2lvbl9pZCI6IjNhMjU2ZGZiLTBhNzMtNGM5YS1hYjJlLTFiZjM3YWViMGMwNCIsImltcHJlc3Npb25faWQiOiJhYzliMTkzMi01YTFmLTRiY2UtYWE3Yy0zNjI1YjIwZGUxNzIiLCJwcm92aWRlcl9pZCI6MjA2NzA4NywiZmVhdHVyZWRfbGlzdGluZ19pZCI6MiwiZmVhdHVyZWRfcG9zaXRpb25faWQiOjI2NDIwMywicG9zaXRpb24iOjExLCJpc19zcG90bGlnaHQiOmZhbHNlfQ:1vsthK:sdUG_ueXb6SFv58ci-8aF6PnWDxdagF2KWl7qcFUsvg,29,4.926,5000,"['30% Web Development', '30% Web Design', '20% UX/UI Design']",False,2436000.0,4,Medium
Appello Software,SA,Serves South Africa,https://ppc.clutch.co/ppc/click/%3Fs%3DeyJkZWNpc2lvbl9pZCI6IjNhMjU2ZGZiLTBhNzMtNGM5YS1hYjJlLTFiZjM3YWViMGMwNCIsImltcHJlc3Npb25faWQiOiJiODE1ODZlZS1kNGU2LTQ4YTItOGMwYi1kM2NmNWViODgwYzMiLCJwcm92aWRlcl9pZCI6NTk1MDY2LCJmZWF0dXJlZF9saXN0aW5nX2lkIjoyLCJmZWF0dXJlZF9wb3NpdGlvbl9pZCI6MjM2MTQyLCJwb3NpdGlvbiI6MTIsImlzX3Nwb3RsaWdodCI6ZmFsc2V9:1vsthK:-MAQ5CpKlg-NtHyGbBeKyoUvf1XcId_afvrClXdzO_s,33,4.933,50000,"['55% Mobile App Development', '35% Custom Software Development', '10% Web Development']",False,2772000.0,4,Medium
Elemental,SA,"Cape Town, South Africa",,29,4.53,5000,"['60% Web Development', '40% Custom Software Development']",False,2436000.0,4,Medium
Liorra Tech,SA,"Cape Town, South Africa",,3,4.97,10000,"['30% Mobile App Development', '25% Web Development', '10% Application Testing', '10% Low/No Code Development']",False,252000.0,2,Medium
Read more,SA,South Africa,https://ppc.clutch.co/ppc/click/%3Fs%3DeyJkZWNpc2lvbl9pZCI6IjNhMjU2ZGZiLTBhNzMtNGM5YS1hYjJlLTFiZjM3YWViMGMwNCIsImltcHJlc3Npb25faWQiOiI4ZWE3Y2M5Yy03ZjVmLTRmMGMtYjBhOS01Zjc0MmMwODVkYWIiLCJwcm92aWRlcl9pZCI6MjUxNjkxNSwiZmVhdHVyZWRfbGlzdGluZ19pZCI6MiwiZmVhdHVyZWRfcG9zaXRpb25faWQiOjM4MjQ2NywicG9zaXRpb24iOjEzLCJpc19zcG90bGlnaHQiOmZhbHNlfQ:1vsthK:sURWkLxWTvwXEfto1y41DsG2wf9UyUTVzYYuwILdiUo,29,0.0,10000,"['20% Web Development', '20% AI Development', '20% Mobile App Development', '20% UX/UI Design']",False,2030000.0,2,Medium
ExpandX,SA,Serves South Africa,https://ppc.clutch.co/ppc/click/%3Fs%3DeyJkZWNpc2lvbl9pZCI6IjNhMjU2ZGZiLTBhNzMtNGM5YS1hYjJlLTFiZjM3YWViMGMwNCIsImltcHJlc3Npb25faWQiOiI4YjJkZjY2MC1iMzNjLTRkYTYtYWEwMS1hZGUyZDliYWM3MmIiLCJwcm92aWRlcl9pZCI6NzMyNTA0LCJmZWF0dXJlZF9saXN0aW5nX2lkIjoyLCJmZWF0dXJlZF9wb3NpdGlvbl9pZCI6Mzg1MTMxLCJwb3NpdGlvbiI6MTQsImlzX3Nwb3RsaWdodCI6ZmFsc2V9:1vsthK:038P8fBzT2pA4jBAIRntqGn0tsQIPCMjAQhrW_WYsEs,29,5.066,10000,"['30% Web Development', '20% E-Commerce Development', '10% Web Design']",False,2436000.0,4,Medium
Haefele Software,SA,"Cape Town, South Africa",,29,4.812,10000,"['40% Custom Software Development', '10% Web Development', '5% IT Staff Augmentation', '5% Mobile App Development']",False,2436000.0,4,Medium
Bluebird Technologies,SA,"Johannesburg, South Africa",,29,5.04,5000,"['30% Web Development', '20% Custom Software Development', '10% E-Commerce Development', '10% Low/No Code Development']",False,2436000.0,4,Medium
Melsoft,SA,"Johannesburg, South Africa",,29,4.824,1000,"['20% Web Development', '20% Custom Software Development', '10% AI Development', '10% E-Commerce Development', '10% Low/No Code Development', '10% Web Design']",False,2436000.0,4,Medium
Softserve Digital Development,SA,"Edenvale, South Africa",,29,5.03,5000,"['24% Custom Software Development', '16% Web Development', '15% UX/UI Design', '15% Web Design', '5% E-Commerce Development']",False,2436000.0,4,Medium
TypeDev.io,SA,"Cape Town, South Africa",,26,5.01,10000,"['15% Custom Software Development', '15% IT Staff Augmentation', '15% UX/UI Design', '10% Web Development', '10% E-Commerce Development', '10% Mobile App Development']",False,2184000.0,4,Medium
Scrums.com,SA,"Randburg, South Africa",,100,5.02,25000,"['20% Web Development', '20% Mobile App Development']",False,8400000.0,4,Medium
BluShift Consulting,SA,"Cape Town, South Africa",,50,4.94,1000,"['35% Mobile App Development', '25% Web Development', '10% Low/No Code Development']",False,4200000.0,4,Medium
Web SEM Online,SA,"Cape Town, South Africa",,29,5.02,1000,"['40% Search Engine Optimization', '20% Web Development', '10% Low/No Code Development']",False,2436000.0,4,Medium
CRT Digital,SA,"George, South Africa",,29,4.83,1000,"['25% Web Development', '25% E-Commerce Development', '10% Branding', '10% Mobile App Development', '10% Search Engine Optimization']",False,2436000.0,4,Medium
Helios Design,SA,"Johannesburg, South Africa",,29,5.03,0,"['40% Web Development', '30% Web Design', '10% Low/No Code Development']",False,2436000.0,4,Medium
SyberGrupe,SA,"Randburg, South Africa",,29,5.05,1000,"['10% Web Development', '10% E-Commerce Development', '10% Search Engine Optimization', '10% UX/UI Design', '10% Web Design', '5% Mobile App Development', '2% Branding', '2% Digital Strategy', '1% Custom Software Development']",False,2436000.0,4,Medium
AUX Studio,SA,"Cape Town, South Africa",,29,4.84,25000,"['50% UX/UI Design', '25% Web Development', '25% Mobile App Development']",False,2436000.0,4,Medium
Vegatech,SA,"Cape Town, South Africa",,29,5.012,1000,"['20% Web Development', '20% E-Commerce Development', '20% Search Engine Optimization', '20% Web Design']",False,2436000.0,4,Medium
Bermont,SA,"Cape Town, South Africa",,29,5.07,1000,"['20% Custom Software Development', '15% Web Development', '10% AI Development', '5% Generative AI', '5% Web Design']",False,2436000.0,4,Medium
Mut-Con (Pty) Ltd,SA,"Johannesburg, South Africa",,29,4.91,0,"['10% Web Development', '10% E-Commerce Development', '10% Pay Per Click', '10% Search Engine Optimization', '10% Web Design']",False,2436000.0,4,Medium
Terra Digital,SA,"Cape Town, South Africa",,29,5.02,1000,"['25% Web Development', '10% Digital Strategy', '10% E-Commerce Development', '10% Search Engine Optimization', '10% Web Design']",False,2436000.0,4,Medium
Evolvea Systems,SA,"Benoni, South Africa",,29,4.99,10000,"['30% Web Development', '30% Custom Software Development']",False,2436000.0,4,Medium
Moontu Digital Solutions,SA,"Cape Town, South Africa",,29,5.02,1000,"['30% Mobile App Development', '10% Web Development', '10% Blockchain', '10% UX/UI Design']",False,2436000.0,4,Medium
Pixel Perfect,SA,"Somerset West, South Africa",,29,5.07,5000,"['20% Web Development', '10% Branding', '10% E-Commerce Development', '10% Web Design', '5% Search Engine Optimization']",False,2436000.0,4,Medium
Fluidity Software Solutions,SA,"Cape Town, South Africa",,100,4.68,25000,"['25% Web Development', '25% Blockchain', '10% Application Testing', '5% Custom Software Development', '5% E-Commerce Development', '5% IoT Development']",False,8400000.0,4,Medium
Versys Media,SA,"Sandton, South Africa",,29,5.03,1000,"['40% Web Design', '20% Web Development', '10% Search Engine Optimization']",False,2436000.0,4,Medium
Netgen Custom Software,SA,"Cape Town, South Africa",,59,5.02,1000,"['50% Custom Software Development', '20% Web Development', '5% Digital Strategy']",False,4956000.0,4,Medium
FUTUREBORN®,SA,"Cape Town, South Africa",,29,4.83,1000,"['10% Web Development', '10% Digital Strategy', '10% E-Commerce Development', '10% UX/UI Design', '10% Web Design', '5% Branding']",False,2436000.0,4,Medium
PINECONEPIXEL APP DEVELOPMENT (PTY) LTD,SA,"Johannesburg, South Africa",,29,5.01,10000,"['50% Web Development', '50% Custom Software Development']",False,2436000.0,4,Medium
The Delta,SA,"Cape Town, South Africa",,29,4.82,5000,"['20% Mobile App Development', '20% UX/UI Design', '10% Web Development', '10% Low/No Code Development']",False,2436000.0,4,Medium
Realm Digital,SA,"Cape Town, South Africa",,29,4.64,10000,"['20% Web Development', '20% Custom Software Development', '20% Mobile App Development']",False,2436000.0,4,Medium
Crockett Produced (Pty) Ltd,SA,"Sandton, South Africa",,29,4.82,1000,['25% Web Development'],False,2436000.0,4,Medium
Octrotus Online Solutions,SA,"Pretoria, South Africa",,29,4.82,5000,"['50% Mobile App Development', '10% Web Development', '10% E-Commerce Development', '10% Low/No Code Development', '10% Web Design']",False,2436000.0,4,Medium
Adworth,SA,"Cape Town, South Africa",,29,5.01,1000,"['10% Web Development', '10% Search Engine Optimization', '10% UX/UI Design', '10% Web Design']",False,2436000.0,4,Medium
Digital Design Agency Group,SA,"Johannesburg, South Africa",,41,5.03,1000,"['40% E-Commerce Development', '10% Web Development', '10% Mobile App Development']",False,3444000.0,4,Medium
TransformIT Dynamics,SA,"Vanderbijlpark, South Africa",,29,4.82,5000,"['20% Web Development', '20% E-Commerce Development', '10% Custom Software Development', '10% IoT Development']",False,2436000.0,4,Medium
Codenatics,SA,"Cape Town, South Africa",,29,4.52,250000,"['30% Custom Software Development', '20% Mobile App Development', '10% Web Development', '10% AI Development', '10% Blockchain']",False,2436000.0,4,Medium
Monkey and River,SA,"Centurion, South Africa",,29,5.01,1000,"['20% Web Development', '20% Custom Software Development', '20% IT Staff Augmentation', '20% UX/UI Design']",False,2436000.0,4,Medium
Appstrax Technology,SA,"Cape Town, South Africa",,50,5.02,10000,"['30% Custom Software Development', '20% Web Development', '10% Blockchain', '10% IoT Development']",False,4200000.0,4,Medium
Kaitech (Pty) Ltd,SA,"Pretoria, South Africa",,29,4.83,1000,"['35% Web Development', '25% Web Design', '10% Pay Per Click', '10% Search Engine Optimization', '5% UX/UI Design']",False,2436000.0,4,Medium
The Mail Exchange CC,SA,"Cape Town, South Africa",,29,5.02,0,"['30% Web Design', '15% Web Development', '10% Pay Per Click', '10% Search Engine Optimization', '5% Digital Strategy']",False,2436000.0,4,Medium
Thought Inc.,SA,"Johannesburg, South Africa",,29,4.51,5000,"['30% Web Development', '30% Mobile App Development', '10% Custom Software Development', '10% UX/UI Design', '10% Web Design']",False,2436000.0,4,Medium
BNRY Digital,SA,"Cape Town, South Africa",,71,5.01,25000,"['20% Web Development', '20% Web Design']",False,5964000.0,4,Medium
SovTech,SA,"Randburg, South Africa",https://www.sovtech.com,29,0.0,10000,['30% Web Development'],False,2030000.0,2,Medium
Elemental,SA,"Cape Town, South Africa",https://www.elemental.agency/,29,0.0,5000,['60% Web Development'],False,2030000.0,2,Medium
Liorra Tech,SA,"Cape Town, South Africa",https://www.liorra.io/book-a-call%3Futm_source%3Dclutch.co%26utm_medium%3Dreferral%26utm_campaign%3Dza-web-developers,29,0.0,10000,['25% Web Development'],False,2030000.0,2,Medium
Haefele Software,SA,"Cape Town, South Africa",http://www.haefelesoftware.com/%3Futm_source%3Dclutch.co%26utm_medium%3Dreferral%26utm_campaign%3Ddirectory,29,0.0,10000,['10% Web Development'],False,2030000.0,2,Medium
Bluebird Technologies,SA,"Austin, TX",https://bluebird.tech,29,0.0,5000,['30% Web Development'],False,2030000.0,2,Medium
Melsoft,SA,"Johannesburg, South Africa",https://melsoft.io,29,0.0,1000,['20% Web Development'],False,2030000.0,2,Medium
Softserve Digital Development,SA,"Edenvale, South Africa",https://www.softserve.co.za,29,0.0,5000,['16% Web Development'],False,2030000.0,2,Medium
TypeDev.io,SA,"Centurion, South Africa",https://typedev.io,29,0.0,10000,['10% Web Development'],False,2030000.0,2,Medium
Scrums.com,SA,"New York, NY",https://www.scrums.com,29,0.0,25000,['20% Web Development'],False,2030000.0,2,Medium
BluShift Consulting,SA,"Johannesburg, South Africa",https://blushift.co.za,29,0.0,1000,['25% Web Development'],False,2030000.0,2,Medium
Web SEM Online,SA,"Cape Town, South Africa",https://websem.io/,29,0.0,1000,['20% Web Development'],False,2030000.0,2,Medium
CRT Digital,SA,"George, South Africa",https://www.crtdigital.co.za/,29,0.0,1000,['25% Web Development'],False,2030000.0,2,Medium
Helios Design,SA,"Johannesburg, South Africa",https://www.heliosdesign.com,29,0.0,0,['40% Web Development'],False,2030000.0,2,Medium
SyberGrupe,SA,"Randburg, South Africa",https://www.sybergrupe.com,29,0.0,1000,['10% Web Development'],False,2030000.0,2,Medium
AUX Studio,SA,"Cape Town, South Africa",https://aux.studio/,29,0.0,25000,['25% Web Development'],False,2030000.0,2,Medium
Vegatech,SA,"Cape Town, South Africa",https://vegatech.co.za/,29,0.0,1000,['20% Web Development'],False,2030000.0,2,Medium
Bermont,SA,"Cape Town, South Africa",https://bermont.digital,29,0.0,1000,['15% Web Development'],False,2030000.0,2,Medium
Mut-Con (Pty) Ltd,SA,"Johannesburg, South Africa",https://mut-con.co.za/,29,0.0,0,['10% Web Development'],False,2030000.0,2,Medium
Terra Digital,SA,"Cape Town, South Africa",https://www.terradigital.co.za/,29,0.0,1000,['25% Web Development'],False,2030000.0,2,Medium
Evolvea Systems,SA,"Benoni, South Africa",https://www.evolvea.digital/,29,0.0,10000,['30% Web Development'],False,2030000.0,2,Medium
Moontu Digital Solutions,SA,"Cape Town, South Africa",http://moontudigitalsolutions.co.za/,29,0.0,1000,['10% Web Development'],False,2030000.0,2,Medium
Pixel Perfect,SA,"Somerset West, South Africa",http://www.pixelperfect.co.za,29,0.0,5000,['20% Web Development'],False,2030000.0,2,Medium
Fluidity Software Solutions,SA,"Glen Vine, England",https://www.fluidity.solutions/,29,0.0,25000,['25% Web Development'],False,2030000.0,2,Medium
Versys Media,SA,"Sandton, South Africa",https://versysmedia.com/,29,0.0,1000,['20% Web Development'],False,2030000.0,2,Medium
Netgen Custom Software,SA,"Randburg, South Africa",https://www.netgen.co.za/,29,0.0,1000,['20% Web Development'],False,2030000.0,2,Medium
Coherent Solutions,SA,Serves South Africa,https://ppc.clutch.co/ppc/click/%3Fs%3DeyJkZWNpc2lvbl9pZCI6IjMzZTljNGQzLWJjOTktNDRmNi1iMzk2LWNlZWIxZjgzZGYzMyIsImltcHJlc3Npb25faWQiOiIzN2MzODhkYi01MTM1LTRjMWQtODM5Yi1jNzM1NDJhY2NiNTMiLCJwcm92aWRlcl9pZCI6ODI0NDksImZlYXR1cmVkX2xpc3RpbmdfaWQiOjIsImZlYXR1cmVkX3Bvc2l0aW9uX2lkIjozNDgyODIsInBvc2l0aW9uIjoxLCJpc19zcG90bGlnaHQiOmZhbHNlfQ:1vsthV:lNTNVbFuCezi8tpRq-LLW96-vV6Xgs-hPh4M8tiJmDw,29,4.73,50000,"['30% AI Development', '15% Web Development', '10% Cloud Consulting & SI']",False,2436000.0,4,Medium
Proven,SA,Serves South Africa,https://ppc.clutch.co/ppc/click/%3Fs%3DeyJkZWNpc2lvbl9pZCI6IjMzZTljNGQzLWJjOTktNDRmNi1iMzk2LWNlZWIxZjgzZGYzMyIsImltcHJlc3Npb25faWQiOiJmNTFmMTcwYS0zNjE3LTQ2NjQtOTUyZS00ZjE5ZjMyYjFlYWIiLCJwcm92aWRlcl9pZCI6MzUwNTgwLCJmZWF0dXJlZF9saXN0aW5nX2lkIjoyLCJmZWF0dXJlZF9wb3NpdGlvbl9pZCI6MjM3OTU4LCJwb3NpdGlvbiI6MiwiaXNfc3BvdGxpZ2h0IjpmYWxzZX0:1vsthV:GvSHpoGG0davLx6tNWyR6kwl86pYLQL1Kc3GYmS56Ec,29,4.912,25000,"['25% Web Development', '25% Web Design', '10% Custom Software Development', '10% UX/UI Design']",False,2436000.0,4,Medium
Storm Brain,SA,Serves South Africa,https://ppc.clutch.co/ppc/click/%3Fs%3DeyJkZWNpc2lvbl9pZCI6IjMzZTljNGQzLWJjOTktNDRmNi1iMzk2LWNlZWIxZjgzZGYzMyIsImltcHJlc3Npb25faWQiOiIwNjE3NzkwMi0xYWMxLTQyNjAtYWYzNi00OGQ2NDNkMjA1ZWIiLCJwcm92aWRlcl9pZCI6MTQ0MzUyLCJmZWF0dXJlZF9saXN0aW5nX2lkIjoyLCJmZWF0dXJlZF9wb3NpdGlvbl9pZCI6MzAzNTk5LCJwb3NpdGlvbiI6MywiaXNfc3BvdGxpZ2h0IjpmYWxzZX0:1vsthV:ToXg_OHMKk6-4ckJGXWNvu8mJxCc2Hq9eSB8BMdI7XU,29,5.0124,10000,"['40% Web Design', '20% Web Development', '10% E-Commerce Development', '10% Pay Per Click', '10% Search Engine Optimization']",False,2436000.0,4,Medium
KB Consulting,SA,"Sandton, South Africa",,29,5.01,0,"['16% Custom Software Development', '12% Web Development', '12% Blockchain', '12% E-Commerce Development', '12% Mobile App Development']",False,2436000.0,4,Medium
Exceed IT,SA,"Pretoria, South Africa",,29,5.02,1000,"['35% Mobile App Development', '15% Web Development', '10% Custom Software Development', '5% E-Commerce Development', '5% UX/UI Design', '1% Web Design']",False,2436000.0,4,Medium
DRUM'N'CODE,SA,Serves South Africa,https://ppc.clutch.co/ppc/click/%3Fs%3DeyJkZWNpc2lvbl9pZCI6IjMzZTljNGQzLWJjOTktNDRmNi1iMzk2LWNlZWIxZjgzZGYzMyIsImltcHJlc3Npb25faWQiOiI4MGJhMTA5MS0yYzk1LTQ3YzMtYjE3NC1iNTE5ODg3ODNjNTUiLCJwcm92aWRlcl9pZCI6MTE1NDM1OCwiZmVhdHVyZWRfbGlzdGluZ19pZCI6MiwiZmVhdHVyZWRfcG9zaXRpb25faWQiOjI1OTc1OCwicG9zaXRpb24iOjQsImlzX3Nwb3RsaWdodCI6ZmFsc2V9:1vsthV:oFYgWP8xG_9KDYXsgKYkygBlcWsNB8vnsxWPh2xs0rY,29,5.025,1000,"['30% Web Development', '30% Custom Software Development', '15% Web Design', '10% Mobile App Development']",False,2436000.0,4,Medium
Appunite,SA,Serves South Africa,https://ppc.clutch.co/ppc/click/%3Fs%3DeyJkZWNpc2lvbl9pZCI6IjMzZTljNGQzLWJjOTktNDRmNi1iMzk2LWNlZWIxZjgzZGYzMyIsImltcHJlc3Npb25faWQiOiJmODY3MjA4NS1jNjg1LTRjNDYtOGVmZS0wYWU5YjY5ZTZmZGMiLCJwcm92aWRlcl9pZCI6MzMyMTgsImZlYXR1cmVkX2xpc3RpbmdfaWQiOjIsImZlYXR1cmVkX3Bvc2l0aW9uX2lkIjoyMzc2MzYsInBvc2l0aW9uIjo1LCJpc19zcG90bGlnaHQiOmZhbHNlfQ:1vsthV:eT_JFPV-hbfh2JKxqgb1TvsvTzRuUBfef3ueV4aybPI,29,4.921,10000,"['20% Web Development', '20% Custom Software Development', '10% E-Commerce Development', '10% Generative AI', '10% Low/No Code Development', '10% Web Design']",False,2436000.0,4,Medium
TKX Media,SA,Serves South Africa,https://ppc.clutch.co/ppc/click/%3Fs%3DeyJkZWNpc2lvbl9pZCI6IjMzZTljNGQzLWJjOTktNDRmNi1iMzk2LWNlZWIxZjgzZGYzMyIsImltcHJlc3Npb25faWQiOiJmYThmYWYwZi0zYmY3LTQ5ZWYtOWVjMi02NDliN2RjNGEwZTkiLCJwcm92aWRlcl9pZCI6MjUzMTE5NCwiZmVhdHVyZWRfbGlzdGluZ19pZCI6MiwiZmVhdHVyZWRfcG9zaXRpb25faWQiOjM1MTI2MSwicG9zaXRpb24iOjYsImlzX3Nwb3RsaWdodCI6ZmFsc2V9:1vsthV:ezi5cu54zzTtGfAQfGTIBDEqQnwJBG-bWiEwVM3M9HA,29,5.011,5000,"['40% Search Engine Optimization', '40% Web Design', '20% Advertising']",False,2436000.0,4,Medium
ZonkeTech,SA,"Durban, South Africa",,29,4.82,1000,"['70% Custom Software Development', '10% Web Development', '4% Application Testing', '4% E-Commerce Development', '2% IoT Development']",False,2436000.0,4,Medium
Phantom Digital,SA,"Umhlanga, South Africa",,29,5.01,1000,"['30% Mobile App Development', '10% Web Development', '10% Custom Software Development', '10% E-Commerce Development']",False,2436000.0,4,Medium
Arcade,SA,"Cape Town, South Africa",,29,5.01,1000,"['30% Branding', '20% Web Development', '20% Web Design', '10% Search Engine Optimization']",False,2436000.0,4,Medium
Designtalks,SA,"Sandton, South Africa",,29,5.02,1000,"['20% Web Development', '20% Branding', '20% UX/UI Design', '20% Web Design']",False,2436000.0,4,Medium
The Grow Collective,SA,"Cape Town, South Africa",,29,5.02,1000,"['20% Search Engine Optimization', '15% Pay Per Click', '10% Web Development', '10% Web Design']",False,2436000.0,4,Medium
Geniusee,SA,Serves South Africa,https://ppc.clutch.co/ppc/click/%3Fs%3DeyJkZWNpc2lvbl9pZCI6IjMzZTljNGQzLWJjOTktNDRmNi1iMzk2LWNlZWIxZjgzZGYzMyIsImltcHJlc3Npb25faWQiOiJlN2JkZmRlNi0zOTI4LTRiY2ItOWRlZC05OWRjNWI5OGNkYjYiLCJwcm92aWRlcl9pZCI6MTUzOTkxLCJmZWF0dXJlZF9saXN0aW5nX2lkIjoyLCJmZWF0dXJlZF9wb3NpdGlvbl9pZCI6Mjg5NjUxLCJwb3NpdGlvbiI6NywiaXNfc3BvdGxpZ2h0IjpmYWxzZX0:1vsthV:JSa4oQhNATuS9NNcL2evV2F8q_iUqyWQGDEoyM4D47A,14,5.067,50000,"['40% Web Development', '40% Custom Software Development', '10% Cloud Consulting & SI']",False,1176000.0,2,Medium
"TRIARE, LLC",SA,Serves South Africa,https://ppc.clutch.co/ppc/click/%3Fs%3DeyJkZWNpc2lvbl9pZCI6IjMzZTljNGQzLWJjOTktNDRmNi1iMzk2LWNlZWIxZjgzZGYzMyIsImltcHJlc3Npb25faWQiOiIxYTYzMjI1My0yOWM0LTQ2ZDQtYWEwOC1hNWZiZmZhMDNkMmUiLCJwcm92aWRlcl9pZCI6Njg3NjgxLCJmZWF0dXJlZF9saXN0aW5nX2lkIjoyLCJmZWF0dXJlZF9wb3NpdGlvbl9pZCI6MjM5ODU0LCJwb3NpdGlvbiI6OCwiaXNfc3BvdGxpZ2h0IjpmYWxzZX0:1vsthV:udtW7tB5r7Ly0yN-pIKB611V_CwTqLVAP7w5wA9RsWU,29,4.937,10000,"['41% Mobile App Development', '35% Web Development', '12% UX/UI Design']",False,2436000.0,4,Medium
Arounda,SA,Completed projects in 19 countries,https://ppc.clutch.co/ppc/click/%3Fs%3DeyJkZWNpc2lvbl9pZCI6IjMzZTljNGQzLWJjOTktNDRmNi1iMzk2LWNlZWIxZjgzZGYzMyIsImltcHJlc3Npb25faWQiOiIwY2NlYzkyZi04ZGI5LTQwNWUtOGZkMS1jMGNiYjJiMmRhYjMiLCJwcm92aWRlcl9pZCI6MTE1MzA3MCwiZmVhdHVyZWRfbGlzdGluZ19pZCI6MiwiZmVhdHVyZWRfcG9zaXRpb25faWQiOjM3MzE4NywicG9zaXRpb24iOjksImlzX3Nwb3RsaWdodCI6ZmFsc2V9:1vsthV:KwRHy-X0ARAeF6ff-hALb1-FCHc3Kaz6Or6tdApgFc4,29,5.072,25000,"['30% Web Development', '30% UX/UI Design', '10% Branding']",False,2436000.0,4,Medium
Semantica Digital,SA,"Cape Town, South Africa",,29,4.51,5000,"['20% Web Development', '20% E-Commerce Development', '10% Search Engine Optimization', '10% UX/UI Design', '10% Web Design', '5% Branding']",False,2436000.0,4,Medium
Yobi Code,SA,"Randburg, South Africa",,29,4.51,5000,"['20% Web Development', '20% Custom Software Development', '10% E-Commerce Development', '10% UX/UI Design', '10% Web Design', '5% Application Testing']",False,2436000.0,4,Medium
Dev Technosys,SA,Serves South Africa,https://ppc.clutch.co/ppc/click/%3Fs%3DeyJkZWNpc2lvbl9pZCI6IjMzZTljNGQzLWJjOTktNDRmNi1iMzk2LWNlZWIxZjgzZGYzMyIsImltcHJlc3Npb25faWQiOiIwNzNiNDE4MS05ZjU1LTQ5NTMtODc2ZS1jODBhNzQxZjA2MmMiLCJwcm92aWRlcl9pZCI6NDYzMzQsImZlYXR1cmVkX2xpc3RpbmdfaWQiOjIsImZlYXR1cmVkX3Bvc2l0aW9uX2lkIjozNzc2ODUsInBvc2l0aW9uIjoxMCwiaXNfc3BvdGxpZ2h0IjpmYWxzZX0:1vsthV:hJ7a8ZNkvG-eAzINf5BIUbkCfxoZf4rIOBMF52vjtDc,29,4.8201,10000,"['55% Blockchain', '35% Mobile App Development', '10% Web Development']",False,2436000.0,4,Medium
Rekos Agency,SA,Serves South Africa,https://ppc.clutch.co/ppc/click/%3Fs%3DeyJkZWNpc2lvbl9pZCI6IjMzZTljNGQzLWJjOTktNDRmNi1iMzk2LWNlZWIxZjgzZGYzMyIsImltcHJlc3Npb25faWQiOiJiMjdhNzgxNC1lMzE2LTRjZWYtOTJiMy04YThhNzlhN2MyN2IiLCJwcm92aWRlcl9pZCI6MjA2NzA4NywiZmVhdHVyZWRfbGlzdGluZ19pZCI6MiwiZmVhdHVyZWRfcG9zaXRpb25faWQiOjI2NDIwMywicG9zaXRpb24iOjExLCJpc19zcG90bGlnaHQiOmZhbHNlfQ:1vsthV:c2mSVarmsLgMKKNtjU-kXt0hBpfJ-Xua_FuDVMEzBEE,29,4.926,5000,"['30% Web Development', '30% Web Design', '20% UX/UI Design']",False,2436000.0,4,Medium
Appello Software,SA,Serves South Africa,https://ppc.clutch.co/ppc/click/%3Fs%3DeyJkZWNpc2lvbl9pZCI6IjMzZTljNGQzLWJjOTktNDRmNi1iMzk2LWNlZWIxZjgzZGYzMyIsImltcHJlc3Npb25faWQiOiJhYTY5N2YyYi1mMDA5LTQ5ODktYTBlMS01ZWMzOWFhY2Q2OTMiLCJwcm92aWRlcl9pZCI6NTk1MDY2LCJmZWF0dXJlZF9saXN0aW5nX2lkIjoyLCJmZWF0dXJlZF9wb3NpdGlvbl9pZCI6MjM2MTQyLCJwb3NpdGlvbiI6MTIsImlzX3Nwb3RsaWdodCI6ZmFsc2V9:1vsthV:qoTtqGJynrfA3bhdEeHaO0-xMt-zCULsAo-MtGDWD-M,29,4.933,50000,"['55% Mobile App Development', '35% Custom Software Development', '10% Web Development']",False,2436000.0,4,Medium
Fanxy,SA,"Cape Town, South Africa",,29,5.012,1000,"['50% Web Design', '10% Web Development', '10% UX/UI Design']",False,2436000.0,4,Medium
Red Rabbit Media,SA,"Johannesburg, South Africa",,29,4.82,0,"['15% Web Design', '10% Web Development']",False,2436000.0,4,Medium
Read more,SA,South Africa,https://ppc.clutch.co/ppc/click/%3Fs%3DeyJkZWNpc2lvbl9pZCI6IjMzZTljNGQzLWJjOTktNDRmNi1iMzk2LWNlZWIxZjgzZGYzMyIsImltcHJlc3Npb25faWQiOiI2YWJjODM5Yi1kZWJiLTQxOWMtYTBhOC0yMDE1ZTJjMzFiOGUiLCJwcm92aWRlcl9pZCI6MjUxNjkxNSwiZmVhdHVyZWRfbGlzdGluZ19pZCI6MiwiZmVhdHVyZWRfcG9zaXRpb25faWQiOjM4MjQ2NywicG9zaXRpb24iOjEzLCJpc19zcG90bGlnaHQiOmZhbHNlfQ:1vsthV:h9ctqfe8o5R1XvtZ4KWTX2iJ3Bueswo3Mw7QWbc4EE8,29,0.0,10000,"['20% Web Development', '20% AI Development', '20% Mobile App Development', '20% UX/UI Design']",False,2030000.0,2,Medium
ExpandX,SA,Serves South Africa,https://ppc.clutch.co/ppc/click/%3Fs%3DeyJkZWNpc2lvbl9pZCI6IjMzZTljNGQzLWJjOTktNDRmNi1iMzk2LWNlZWIxZjgzZGYzMyIsImltcHJlc3Npb25faWQiOiIyZDc2MWEyYy0zOGQ1LTRlYmQtYTJjMi1kMDY0MjcyOTZjMDAiLCJwcm92aWRlcl9pZCI6NzMyNTA0LCJmZWF0dXJlZF9saXN0aW5nX2lkIjoyLCJmZWF0dXJlZF9wb3NpdGlvbl9pZCI6Mzg1MTMxLCJwb3NpdGlvbiI6MTQsImlzX3Nwb3RsaWdodCI6ZmFsc2V9:1vsthV:QdpT_qaNnwaZ25RnS_gPc533IPH9OW4QHdQb3Ejix6I,29,5.066,10000,"['30% Web Development', '20% E-Commerce Development', '10% Web Design']",False,2436000.0,4,Medium
Platinum Seed (Pty) Ltd,SA,"Cape Town, South Africa",,29,0.0,5000,"['20% Web Development', '20% Web Design', '10% Search Engine Optimization', '5% Branding', '5% Digital Strategy']",False,2030000.0,2,Medium
Edot Digital,SA,"Sandton, South Africa",,29,5.01,5000,"['15% Web Development', '15% E-Commerce Development', '15% Web Design', '10% Pay Per Click']",False,2436000.0,4,Medium
PixelTime,SA,"Johannesburg South, South Africa",,29,0.0,0,"['50% Web Development', '50% Web Design']",False,2030000.0,2,Medium
011 digital,SA,"Sandton, South Africa",,29,5.01,250000,"['20% Digital Strategy', '15% Web Development', '10% Custom Software Development', '10% Search Engine Optimization']",False,2436000.0,4,Medium
Bizco Tech South Africa,SA,"Pretoria, South Africa",,29,0.0,1000,"['20% Web Development', '20% Application Testing']",False,2030000.0,2,Medium
PrimeLogic,SA,"Cape Town, South Africa",,29,0.0,1000,"['40% Web Development', '30% Custom Software Development', '10% Search Engine Optimization', '10% Web Design']",False,2030000.0,2,Medium
SrsBsns,SA,"Germiston, South Africa",,29,0.0,0,"['35% Web Development', '30% Custom Software Development', '10% Search Engine Optimization', '5% Pay Per Click']",False,2030000.0,2,Medium
Kagiso Interactive,SA,"Durban, South Africa",,29,0.0,25000,"['30% Web Development', '30% Mobile App Development', '10% Search Engine Optimization', '10% Web Design']",False,2030000.0,2,Medium
iSimon Web Design and Development,SA,"Cape Town, South Africa",,29,0.0,1000,"['35% Web Design', '30% Web Development', '10% E-Commerce Development']",False,2030000.0,2,Medium
Simplr,SA,"Cape Town, South Africa",,29,0.0,5000,"['20% Branding', '15% Web Development', '15% Web Design', '5% E-Commerce Development']",False,2030000.0,2,Medium
Kingly Clark,SA,"Stellenbosch, South Africa",,29,0.0,1000,"['20% Web Development', '20% Custom Software Development', '20% UX/UI Design', '20% Web Design']",False,2030000.0,2,Medium
Studio112,SA,"Pretoria, South Africa",,112,0.0,0,"['25% Web Development', '25% Branding', '25% Web Design']",False,7840000.0,0,Medium
PYGIO,SA,"Johannesburg, South Africa",,29,0.0,10000,"['10% Web Development', '10% AI Development', '10% Application Testing', '10% Custom Software Development', '10% Generative AI', '10% IoT Development', '10% Mobile App Development', '10% UX/UI Design', '10% Web Design']",False,2030000.0,2,Medium
Empire Web (Pty)Ltd.,SA,"Brakpan, South Africa",,29,0.0,1000,"['70% Web Development', '30% Mobile App Development']",False,2030000.0,2,Medium
Blue Screen Media Marketing,SA,"Kloof, South Africa",,29,0.0,0,"['65% Web Development', '15% Search Engine Optimization']",False,2030000.0,2,Medium
Pytbyte Web and App Development,SA,"Malmesbury, South Africa",,29,0.0,1000,"['50% Web Development', '50% Mobile App Development']",False,2030000.0,2,Medium
Black Alsatian,SA,"Gqeberha, South Africa",,29,0.0,1000,['50% Web Development'],False,2030000.0,2,Medium
Daily Dose Marketing,SA,"George, South Africa",,29,0.0,0,"['50% Web Development', '50% Social Media Marketing']",False,2030000.0,2,Medium
Rocketsoft,SA,"Cape Town, South Africa",,29,0.0,1000,"['35% Mobile App Development', '25% Web Development', '15% Web Design']",False,2030000.0,2,Medium
Ignite Media (South Africa),SA,"Cape Town, South Africa",,29,0.0,1000,"['15% UX/UI Design', '10% Web Development', '10% Search Engine Optimization', '5% Digital Strategy', '5% Pay Per Click']",False,2030000.0,2,Medium
League Digital,SA,"Sandton, South Africa",,29,0.0,5000,"['20% Web Development', '20% Mobile App Development', '20% Search Engine Optimization']",False,2030000.0,2,Medium
Skywalk Innovations,SA,"Cape Town, South Africa",,29,5.01,10000,"['20% Web Development', '10% Custom Software Development', '10% Low/No Code Development']",False,2436000.0,4,Medium
Ravensdale Digital Services,SA,"Cape Town, South Africa",,50,0.0,1000,"['50% Web Development', '20% E-Commerce Development']",False,3500000.0,2,Medium
Philanthrosoft,SA,"Randburg, South Africa",,29,0.0,1000,"['80% Web Development', '20% Custom Software Development']",False,2030000.0,2,Medium
eTraverse,SA,"Sandton, South Africa",,38,5.02,1000,"['40% IT Staff Augmentation', '20% Web Development', '10% Custom Software Development', '10% Low/No Code Development']",False,3192000.0,4,Medium
Cosimo Web & Design,SA,"Johannesburg, South Africa",,29,0.0,1000,"['50% Web Development', '25% E-Commerce Development']",False,2030000.0,2,Medium
Bandelaweb,SA,"East London, South Africa",,29,0.0,1000,"['50% Web Development', '50% Web Design']",False,2030000.0,2,Medium
One Square Web,SA,"Sandton, South Africa",,29,0.0,1000,"['50% Web Development', '30% Search Engine Optimization', '20% Advertising']",False,2030000.0,2,Medium
Konten,SA,"Cape Town, South Africa",,29,0.0,1000,"['40% Web Development', '40% UX/UI Design', '10% Web Design']",False,2030000.0,2,Medium
Fishgate Advertising,SA,"Cape Town, South Africa",,29,0.0,5000,"['20% Web Development', '20% Branding', '20% UX/UI Design', '20% Web Design']",False,2030000.0,2,Medium
Online By Digital,SA,"Midrand, South Africa",,25,0.0,5000,"['45% Web Development', '5% Cloud Consulting & SI', '5% Pay Per Click', '5% Search Engine Optimization', '5% Web Design']",False,1750000.0,2,Medium
Hamba | Mobile App Developers,SA,"Sandton, South Africa",,29,0.0,1000,"['40% Mobile App Development', '30% Web Development', '30% E-Commerce Development']",False,2030000.0,2,Medium
DVTNot yet reviewed,SA,"Cape Town, South Africa",,18,0.0,10000,"['20% Web Development', '20% Application Testing', '20% Custom Software Development', '20% IT Staff Augmentation']",False,1260000.0,0,Medium
Codilation,SA,"Knysna, South Africa",,29,0.0,1000,"['50% Web Development', '10% Custom Software Development', '10% Mobile App Development', '10% UX/UI Design', '10% Web Design']",False,2030000.0,2,Medium
KB Alpha,SA,"Pinetown, South Africa",,29,0.0,5000,"['50% Web Development', '50% Mobile App Development']",False,2030000.0,2,Medium
HowdyPress,SA,"Cape Town, South Africa",,29,0.0,0,"['50% Web Development', '50% E-Commerce Development']",False,2030000.0,2,Medium
insync with tornado,SA,"eMalahleni, South Africa",,29,0.0,1000,"['50% Web Development', '25% Customs brokerage', '25% Web Design']",False,2030000.0,2,Medium
Wolfe&Co.,SA,"Cape Town, South Africa",,29,0.0,1000,"['25% Web Development', '25% Web Design', '10% Branding', '10% Search Engine Optimization', '5% Digital Strategy']",False,2030000.0,2,Medium
Runninghill software development,SA,"Roodepoort, South Africa",,29,0.0,0,"['35% Web Development', '35% Custom Software Development', '10% Application Testing']",False,2030000.0,2,Medium
Coherent Solutions,SA,Serves South Africa,https://ppc.clutch.co/ppc/click/%3Fs%3DeyJkZWNpc2lvbl9pZCI6IjY5NzdlNzkwLWFmYzAtNDA4Mi05MjA2LTIwYTdhMDA4NWFmOSIsImltcHJlc3Npb25faWQiOiIyNWY0YzllZS05NTI4LTRhODQtYmVlMS01NDI5NjQ5ZjM3MmEiLCJwcm92aWRlcl9pZCI6ODI0NDksImZlYXR1cmVkX2xpc3RpbmdfaWQiOjIsImZlYXR1cmVkX3Bvc2l0aW9uX2lkIjozNDgyODIsInBvc2l0aW9uIjoxLCJpc19zcG90bGlnaHQiOmZhbHNlfQ:1vsthe:gS3wozktOEtCeHM51mV-00wHJ5XJFu2At-ufIf-sIkc,14,4.73,50000,"['30% AI Development', '15% Web Development', '10% Cloud Consulting & SI']",False,1176000.0,2,Medium
Proven,SA,Serves South Africa,https://ppc.clutch.co/ppc/click/%3Fs%3DeyJkZWNpc2lvbl9pZCI6IjY5NzdlNzkwLWFmYzAtNDA4Mi05MjA2LTIwYTdhMDA4NWFmOSIsImltcHJlc3Npb25faWQiOiI3Zjk5ODljZi1iOWQzLTQ2OTMtYjcwNi03NzY4NDRlMTFhZGIiLCJwcm92aWRlcl9pZCI6MzUwNTgwLCJmZWF0dXJlZF9saXN0aW5nX2lkIjoyLCJmZWF0dXJlZF9wb3NpdGlvbl9pZCI6MjM3OTU4LCJwb3NpdGlvbiI6MiwiaXNfc3BvdGxpZ2h0IjpmYWxzZX0:1vsthe:Ed9wo4nUTdB8WqSAN1lFga46fS2ij5VJ6RdmNip-HjA,29,4.912,25000,"['25% Web Development', '25% Web Design', '10% Custom Software Development', '10% UX/UI Design']",False,2436000.0,4,Medium
Storm Brain,SA,Serves South Africa,https://ppc.clutch.co/ppc/click/%3Fs%3DeyJkZWNpc2lvbl9pZCI6IjY5NzdlNzkwLWFmYzAtNDA4Mi05MjA2LTIwYTdhMDA4NWFmOSIsImltcHJlc3Npb25faWQiOiJmYWZmYjJlOS02MzQ2LTRiM2UtYjAyZi1hYmQ5ZjUwMDhhNmQiLCJwcm92aWRlcl9pZCI6MTQ0MzUyLCJmZWF0dXJlZF9saXN0aW5nX2lkIjoyLCJmZWF0dXJlZF9wb3NpdGlvbl9pZCI6MzAzNTk5LCJwb3NpdGlvbiI6MywiaXNfc3BvdGxpZ2h0IjpmYWxzZX0:1vsthe:CqpULMEU6jBhSX6XtNYlAMKK4aKABhGhZZlNh7zpcDM,29,5.0124,10000,"['40% Web Design', '20% Web Development', '10% E-Commerce Development', '10% Pay Per Click', '10% Search Engine Optimization']",False,2436000.0,4,Medium
Sikadi Tech,SA,"Cape Town, South Africa",,29,0.0,1000,"['40% Web Development', '10% Branding', '10% Mobile App Development', '10% Web Design', '5% Digital Strategy', '5% UX/UI Design']",False,2030000.0,2,Medium
Flow Communications,SA,"Johannesburg, South Africa",,29,0.0,0,"['25% Web Development', '25% Web Design', '10% Branding']",False,2030000.0,2,Medium
DRUM'N'CODE,SA,Serves South Africa,https://ppc.clutch.co/ppc/click/%3Fs%3DeyJkZWNpc2lvbl9pZCI6IjY5NzdlNzkwLWFmYzAtNDA4Mi05MjA2LTIwYTdhMDA4NWFmOSIsImltcHJlc3Npb25faWQiOiJkNWM0NDc0NC02OWVhLTQ3MDMtYWRhNi04NzZkZWVmZDAxNmUiLCJwcm92aWRlcl9pZCI6MTE1NDM1OCwiZmVhdHVyZWRfbGlzdGluZ19pZCI6MiwiZmVhdHVyZWRfcG9zaXRpb25faWQiOjI1OTc1OCwicG9zaXRpb24iOjQsImlzX3Nwb3RsaWdodCI6ZmFsc2V9:1vsthe:mi1b-5ETIIu1a_MxCylnJ92O7biw5Blu3dOkDbSIXB0,29,5.025,1000,"['30% Web Development', '30% Custom Software Development', '15% Web Design', '10% Mobile App Development']",False,2436000.0,4,Medium
Appunite,SA,Serves South Africa,https://ppc.clutch.co/ppc/click/%3Fs%3DeyJkZWNpc2lvbl9pZCI6IjY5NzdlNzkwLWFmYzAtNDA4Mi05MjA2LTIwYTdhMDA4NWFmOSIsImltcHJlc3Npb25faWQiOiIyNDA2MjM3OC03N2YzLTQ5N2MtYmU4My00MDRjZTMzOTBmZmQiLCJwcm92aWRlcl9pZCI6MzMyMTgsImZlYXR1cmVkX2xpc3RpbmdfaWQiOjIsImZlYXR1cmVkX3Bvc2l0aW9uX2lkIjoyMzc2MzYsInBvc2l0aW9uIjo1LCJpc19zcG90bGlnaHQiOmZhbHNlfQ:1vsthe:0B9dkyeJM-EXU8LchWW63-18zVSMjEApavxKLdKyh8U,29,4.921,10000,"['20% Web Development', '20% Custom Software Development', '10% E-Commerce Development', '10% Generative AI', '10% Low/No Code Development', '10% Web Design']",False,2436000.0,4,Medium
TKX Media,SA,Serves South Africa,https://ppc.clutch.co/ppc/click/%3Fs%3DeyJkZWNpc2lvbl9pZCI6IjY5NzdlNzkwLWFmYzAtNDA4Mi05MjA2LTIwYTdhMDA4NWFmOSIsImltcHJlc3Npb25faWQiOiJlOWJmN2VjOS00NGQxLTQ1NWEtYWE2My04MzU0OGIwZGE1NDMiLCJwcm92aWRlcl9pZCI6MjUzMTE5NCwiZmVhdHVyZWRfbGlzdGluZ19pZCI6MiwiZmVhdHVyZWRfcG9zaXRpb25faWQiOjM1MTI2MSwicG9zaXRpb24iOjYsImlzX3Nwb3RsaWdodCI6ZmFsc2V9:1vsthe:B5n4cfmsmAAtcwetrIW19OVj-afEciMcis2-8TA5jqw,29,5.011,5000,"['40% Search Engine Optimization', '40% Web Design', '20% Advertising']",False,2436000.0,4,Medium
DiginamiX,SA,"Johannesburg, South Africa",,29,0.0,1000,"['15% Web Development', '15% Branding', '15% Pay Per Click', '15% Search Engine Optimization', '10% Mobile App Development']",False,2030000.0,2,Medium
WebFree.co.za,SA,"Bloemfontein, South Africa",,29,0.0,1000,"['40% Web Development', '40% Web Design', '10% Mobile App Development']",False,2030000.0,2,Medium
Southern Sons Group,SA,"Kempton Park, South Africa",,29,0.0,25000,"['40% Web Development', '40% Web Design', '20% Search Engine Optimization']",False,2030000.0,2,Medium
WDS Creative,SA,"Sandton, South Africa",,29,0.0,0,"['40% Web Development', '5% Branding', '5% Search Engine Optimization']",False,2030000.0,2,Medium
Pulacache,SA,"Roodepoort, South Africa",,29,0.0,1000,"['45% Web Development', '35% Web Design', '20% Graphic Design']",False,2030000.0,2,Medium
Geniusee,SA,Serves South Africa,https://ppc.clutch.co/ppc/click/%3Fs%3DeyJkZWNpc2lvbl9pZCI6IjY5NzdlNzkwLWFmYzAtNDA4Mi05MjA2LTIwYTdhMDA4NWFmOSIsImltcHJlc3Npb25faWQiOiJhNDYwNTU5OC05ZWY3LTRjYTItYWY0Ny1lNDhkN2MzY2EyNzgiLCJwcm92aWRlcl9pZCI6MTUzOTkxLCJmZWF0dXJlZF9saXN0aW5nX2lkIjoyLCJmZWF0dXJlZF9wb3NpdGlvbl9pZCI6Mjg5NjUxLCJwb3NpdGlvbiI6NywiaXNfc3BvdGxpZ2h0IjpmYWxzZX0:1vsthe:vkjuUCy0dLgNddHzm1SIkn9o0dPogFaPnnCRhKnYTNc,29,5.067,50000,"['40% Web Development', '40% Custom Software Development', '10% Cloud Consulting & SI']",False,2436000.0,4,Medium
"TRIARE, LLC",SA,Serves South Africa,https://ppc.clutch.co/ppc/click/%3Fs%3DeyJkZWNpc2lvbl9pZCI6IjY5NzdlNzkwLWFmYzAtNDA4Mi05MjA2LTIwYTdhMDA4NWFmOSIsImltcHJlc3Npb25faWQiOiJhNTBmOTQxNy01YTMzLTRiOWEtYTZkYy1kY2EzNmI3YzJhNTQiLCJwcm92aWRlcl9pZCI6Njg3NjgxLCJmZWF0dXJlZF9saXN0aW5nX2lkIjoyLCJmZWF0dXJlZF9wb3NpdGlvbl9pZCI6MjM5ODU0LCJwb3NpdGlvbiI6OCwiaXNfc3BvdGxpZ2h0IjpmYWxzZX0:1vsthe:3H4_mHAUm97g1ZC4LXv9u-r4XwaOXkbUJG-ADEUmBO4,29,4.937,10000,"['41% Mobile App Development', '35% Web Development', '12% UX/UI Design']",False,2436000.0,4,Medium
Arounda,SA,South Africa,https://ppc.clutch.co/ppc/click/%3Fs%3DeyJkZWNpc2lvbl9pZCI6IjY5NzdlNzkwLWFmYzAtNDA4Mi05MjA2LTIwYTdhMDA4NWFmOSIsImltcHJlc3Npb25faWQiOiIwNWEwY2RmMC1mZjA0LTQ2YzYtYmNhNC05M2VlNjljNDZlZTIiLCJwcm92aWRlcl9pZCI6MTE1MzA3MCwiZmVhdHVyZWRfbGlzdGluZ19pZCI6MiwiZmVhdHVyZWRfcG9zaXRpb25faWQiOjM3MzE4NywicG9zaXRpb24iOjksImlzX3Nwb3RsaWdodCI6ZmFsc2V9:1vsthe:bZBHPSwMyIpa_X3bOlBvcdyufpmjyN4UXr0EYbCqVwg,29,5.072,25000,"['30% Web Development', '30% UX/UI Design', '10% Branding']",False,2436000.0,4,Medium
WIthNova Blink Digital Marketing,SA,"Johannesburg, South Africa",,29,0.0,1000,"['20% Web Development', '20% Search Engine Optimization', '15% UX/UI Design', '10% E-Commerce Development']",False,2030000.0,2,Medium
XPNDIT DIGITAL,SA,"Sandton, South Africa",,29,0.0,1000,"['15% Web Development', '15% Branding']",False,2030000.0,2,Medium
Dev Technosys,SA,Serves South Africa,https://ppc.clutch.co/ppc/click/%3Fs%3DeyJkZWNpc2lvbl9pZCI6IjY5NzdlNzkwLWFmYzAtNDA4Mi05MjA2LTIwYTdhMDA4NWFmOSIsImltcHJlc3Npb25faWQiOiI4NzlkMzcyZC1iNTE5LTQ0MzYtODFmNi1kY2VlYmQ3OGRhMDgiLCJwcm92aWRlcl9pZCI6NDYzMzQsImZlYXR1cmVkX2xpc3RpbmdfaWQiOjIsImZlYXR1cmVkX3Bvc2l0aW9uX2lkIjozNzc2ODUsInBvc2l0aW9uIjoxMCwiaXNfc3BvdGxpZ2h0IjpmYWxzZX0:1vsthe:JUtFeIMUNRoIH7ONGekpZYxm1s2llryxQmgDsgnGKTE,29,4.8201,10000,"['55% Blockchain', '35% Mobile App Development', '10% Web Development']",False,2436000.0,4,Medium
Rekos Agency,SA,Serves South Africa,https://ppc.clutch.co/ppc/click/%3Fs%3DeyJkZWNpc2lvbl9pZCI6IjY5NzdlNzkwLWFmYzAtNDA4Mi05MjA2LTIwYTdhMDA4NWFmOSIsImltcHJlc3Npb25faWQiOiI3NjNjYWIwZS0wZTI0LTRjMzktYTY4OS02YzZkMDA3MzM3OTkiLCJwcm92aWRlcl9pZCI6MjA2NzA4NywiZmVhdHVyZWRfbGlzdGluZ19pZCI6MiwiZmVhdHVyZWRfcG9zaXRpb25faWQiOjI2NDIwMywicG9zaXRpb24iOjExLCJpc19zcG90bGlnaHQiOmZhbHNlfQ:1vsthe:C22MZV3EGbzoICFd_KFInLwMLbOY_6MlLvxlslZk7Is,29,4.926,5000,"['30% Web Development', '30% Web Design', '20% UX/UI Design']",False,2436000.0,4,Medium
Appello Software,SA,Serves South Africa,https://ppc.clutch.co/ppc/click/%3Fs%3DeyJkZWNpc2lvbl9pZCI6IjY5NzdlNzkwLWFmYzAtNDA4Mi05MjA2LTIwYTdhMDA4NWFmOSIsImltcHJlc3Npb25faWQiOiJjMDAzM2JhZi1mYTVjLTQyNTctOTdkNi1mYWZjNjU1OWVhZTgiLCJwcm92aWRlcl9pZCI6NTk1MDY2LCJmZWF0dXJlZF9saXN0aW5nX2lkIjoyLCJmZWF0dXJlZF9wb3NpdGlvbl9pZCI6MjM2MTQyLCJwb3NpdGlvbiI6MTIsImlzX3Nwb3RsaWdodCI6ZmFsc2V9:1vsthe:Y4fUJHmhn1m3RcI-l-1_i6Y6aEP7N7EYHzzKREellBo,33,4.933,50000,"['55% Mobile App Development', '35% Custom Software Development', '10% Web Development']",False,2772000.0,4,Medium
Delegate IT,SA,"Boksburg, South Africa",,29,0.0,5000,"['40% Web Development', '30% Custom Software Development', '5% Blockchain']",False,2030000.0,2,Medium
Pixelsinframe,SA,"Midrand, South Africa",,29,0.0,0,"['40% Web Development', '10% Pay Per Click', '10% Search Engine Optimization']",False,2030000.0,2,Medium
Read more,SA,South Africa,https://ppc.clutch.co/ppc/click/%3Fs%3DeyJkZWNpc2lvbl9pZCI6IjY5NzdlNzkwLWFmYzAtNDA4Mi05MjA2LTIwYTdhMDA4NWFmOSIsImltcHJlc3Npb25faWQiOiJkYmUxYTg2Ny0wOTYyLTRmZjUtYWY1ZC1hYjZjOThiZDVjMDMiLCJwcm92aWRlcl9pZCI6MjUxNjkxNSwiZmVhdHVyZWRfbGlzdGluZ19pZCI6MiwiZmVhdHVyZWRfcG9zaXRpb25faWQiOjM4MjQ2NywicG9zaXRpb24iOjEzLCJpc19zcG90bGlnaHQiOmZhbHNlfQ:1vsthe:TmSVQc6-XhfczEf0Nklx-CVC1JLK-sjIVJMsXFN5Z9M,29,0.0,10000,"['20% Web Development', '20% AI Development', '20% Mobile App Development', '20% UX/UI Design']",False,2030000.0,2,Medium
ExpandX,SA,Serves South Africa,https://ppc.clutch.co/ppc/click/%3Fs%3DeyJkZWNpc2lvbl9pZCI6IjY5NzdlNzkwLWFmYzAtNDA4Mi05MjA2LTIwYTdhMDA4NWFmOSIsImltcHJlc3Npb25faWQiOiIxMTUxYTcwYS1mYzYzLTQzYzYtOTZkZC00MzMxMDllZWMzM2MiLCJwcm92aWRlcl9pZCI6NzMyNTA0LCJmZWF0dXJlZF9saXN0aW5nX2lkIjoyLCJmZWF0dXJlZF9wb3NpdGlvbl9pZCI6Mzg1MTMxLCJwb3NpdGlvbiI6MTQsImlzX3Nwb3RsaWdodCI6ZmFsc2V9:1vsthe:3hYaONzxnTfYAthwfj6x_EEu0F4toqie_vzS5rxIpnc,29,5.066,10000,"['30% Web Development', '20% E-Commerce Development', '10% Web Design']",False,2436000.0,4,Medium
Adzonline,SA,"Pretoria, South Africa",,29,0.0,0,"['30% Web Development', '30% Web Design']",False,2030000.0,2,Medium
Industrial Growth Hub,SA,"Cape Town, South Africa",,29,0.0,1000,"['25% Web Development', '25% Custom Software Development']",False,2030000.0,2,Medium
CodePure,SA,"Bloemfontein, South Africa",,50,0.0,0,"['30% Web Development', '15% Custom Software Development', '5% IoT Development', '5% Mobile App Development', '5% Web Design']",False,3500000.0,2,Medium
Lilo Web Design,SA,"Cape Town, South Africa",,58,0.0,5000,"['25% Web Development', '25% E-Commerce Development', '25% Web Design']",False,4060000.0,2,Medium
ACJ Intro Designs (Pty) Ltd,SA,"Johannesburg South, South Africa",,29,0.0,1000,"['30% Web Development', '25% Search Engine Optimization', '10% Mobile App Development', '5% Pay Per Click', '5% Web Design']",False,2030000.0,2,Medium
PowerWeb,SA,"Johannesburg, South Africa",,29,0.0,10000,"['10% Web Development', '10% E-Commerce Development', '10% Pay Per Click', '10% Search Engine Optimization', '10% Web Design']",False,2030000.0,2,Medium
Mavis Strategic Partners,SA,"Midrand, South Africa",,29,0.0,0,"['35% Web Development', '35% Mobile App Development', '30% Social Media Marketing']",False,2030000.0,2,Medium
radiantWEB,SA,"Cape Town, South Africa",,29,0.0,1000,"['55% Web Design', '10% Web Development', '10% Search Engine Optimization']",False,2030000.0,2,Medium
Studio Vene Design,SA,"Centurion, South Africa",,29,5.07,10000,"['40% Web Development', '40% Web Design', '20% Graphic Design']",False,2436000.0,4,Medium
Web2Web,SA,"Cape Town, South Africa",,29,0.0,10000,"['10% Web Development', '10% Web Design', '5% Mobile App Development', '5% Pay Per Click', '5% Search Engine Optimization', '5% UX/UI Design']",False,2030000.0,2,Medium
Ukuyila Group,SA,"Wellington, South Africa",,29,0.0,0,"['30% Web Development', '10% Search Engine Optimization']",False,2030000.0,2,Medium
Rogerwilco,SA,"Cape Town, South Africa",,29,0.0,10000,"['20% Web Development', '20% Digital Strategy', '15% Pay Per Click', '10% UX/UI Design']",False,2030000.0,2,Medium
Khanyisa Real Systems,SA,"Cape Town, South Africa",,29,0.0,10000,"['40% Custom Software Development', '20% Web Development', '10% IT Staff Augmentation', '10% Mobile App Development']",False,2030000.0,2,Medium
Jthoka & Co,SA,"Midrand, South Africa",,29,0.0,1000,"['35% Web Development', '15% Custom Software Development', '10% Mobile App Development', '10% UX/UI Design', '10% Web Design']",False,2030000.0,2,Medium
Tech Genius,SA,"Cape Town, South Africa",,29,0.0,25000,"['35% Web Development', '35% Custom Software Development']",False,2030000.0,2,Medium
Dado,SA,"Cape Town, South Africa",,29,0.0,10000,"['50% E-Commerce Development', '30% Web Development', '20% Custom Software Development']",False,2030000.0,2,Medium
AdNotes Digital,SA,"Outer West Durban, South Africa",,29,0.0,10000,"['35% Search Engine Optimization', '35% Social Media Marketing', '30% Web Development']",False,2030000.0,2,Medium
Bitogiq,SA,"Johannesburg, South Africa",,29,0.0,1000,"['35% Mobile App Development', '25% Web Development']",False,2030000.0,2,Medium
19 Digital,SA,"Stellenbosch, South Africa",,29,0.0,1000,"['25% Web Development', '25% Search Engine Optimization', '15% Pay Per Click']",False,2030000.0,2,Medium
Vectra,SA,"Pretoria, South Africa",,29,0.0,25000,"['60% E-Commerce Development', '20% Web Development', '20% Mobile App Development']",False,2030000.0,2,Medium
Lucky Beard,SA,"Centurion, South Africa",,23,0.0,25000,"['20% Web Development', '20% Branding', '20% Mobile App Development', '20% UX/UI Design']",False,1610000.0,0,Medium
Tenacity Works,SA,"Cape Town, South Africa",,50,0.0,1000,"['25% Web Development', '25% Branding', '25% Web Design']",False,3500000.0,2,Medium
Global Software Services Pty Ltd,SA,"Vereeniging, South Africa",,29,4.51,0,"['10% Web Development', '10% Custom Software Development', '10% E-Commerce Development', '10% Mobile App Development', '10% UX/UI Design', '10% Web Design']",False,2436000.0,4,Medium
Iweb Interactive,SA,"Queensburgh, South Africa",,29,0.0,1000,"['60% Search Engine Optimization', '20% Web Development']",False,2030000.0,2,Medium
The Process Enterprise,SA,"Cape Town, South Africa",,29,0.0,0,"['30% Mobile App Development', '20% Web Development', '15% Web Design', '10% E-Commerce Development']",False,2030000.0,2,Medium
Dimension WebWorx,SA,"Bloemfontein, South Africa",,29,0.0,1000,"['25% Web Development', '25% Web Design']",False,2030000.0,2,Medium
MO Agency,SA,"Johannesburg, South Africa",,29,0.0,0,"['20% Web Development', '20% Digital Strategy', '10% Search Engine Optimization']",False,2030000.0,2,Medium
Tecbot,SA,"Edenvale, South Africa",,29,0.0,5000,"['20% Web Development', '20% Custom Software Development', '20% UX/UI Design', '20% Web Design']",False,2030000.0,2,Medium
BlaqBerry,SA,"Sandton, South Africa",,29,0.0,0,"['35% Web Development', '15% UX/UI Design', '15% Web Design']",False,2030000.0,2,Medium
SitePlug,SA,"Cape Town, South Africa",,29,0.0,0,"['35% Web Development', '35% Web Design', '15% Search Engine Optimization']",False,2030000.0,2,Medium
Ripple Digital,SA,"Cape Town, South Africa",,29,0.0,0,"['30% Web Development', '20% Search Engine Optimization', '20% Web Design', '10% Pay Per Click']",False,2030000.0,2,Medium
Software Couch,SA,"Durban North, South Africa",,29,0.0,25000,"['30% Web Development', '10% Low/No Code Development', '10% Mobile App Development']",False,2030000.0,2,Medium
eCommerce Development,SA,"Paarl, South Africa",,29,0.0,1000,"['80% E-Commerce Development', '10% Web Development', '10% Web Design']",False,2030000.0,2,Medium
Innovative Thinking,SA,"Sandton, South Africa",,29,0.0,1000,"['80% Custom Software Development', '20% Web Development']",False,2030000.0,2,Medium
Usably,SA,"Cape Town, South Africa",,29,0.0,10000,"['50% UX/UI Design', '25% Web Development', '25% Web Design']",False,2030000.0,2,Medium
Website Web Designs,SA,"Randburg, South Africa",,29,0.0,1000,"['25% Web Development', '25% E-Commerce Development', '25% Web Design']",False,2030000.0,2,Medium
Rubigo,SA,"Cape Town, South Africa",,29,5.03,1000,"['40% Web Development', '20% Custom Software Development', '5% E-Commerce Development', '5% UX/UI Design', '1% Web Design']",False,2436000.0,4,Medium
iMarttrends,SA,"Randburg, South Africa",,100,0.0,1000,"['30% Web Development', '30% Mobile App Development', '15% UX/UI Design', '10% Web Design']",False,7000000.0,2,Medium
idts,SA,"Cape Town, South Africa",,29,0.0,1000,"['30% Web Development', '30% Mobile App Development', '15% Web Design', '10% E-Commerce Development']",False,2030000.0,2,Medium
