country,source,name,website,location_city,clutch_rating,min_project_size_usd,employees,services,is_wp_specialist
US,clutch.co,Imaginovation,https://imaginovation.net/custom-web-mobile-app-development/%3Futm_source%3Dclutch.co%26utm_medium%3Dreferral%26utm_campaign%3Dus-web-developers,"Raleigh, NC",4.915,75000,29,"['25% Web Development', '25% AI Development', '25% Mobile App Development']",False
US,clutch.co,ChopDawg.com,https://www.chopdawg.com%3Futm_source%3Dclutch.co%26utm_medium%3Dreferrall%26utm_campaign%3Dus-web-developers,"Boston, MA",4.8105,1000,29,"['80% Mobile App Development', '20% Web Development']",False
US,clutch.co,Plego,https://www.plego.com/clutch-landing-page/%3Futm_source%3Dclutch.co%26utm_medium%3Dreferral%26utm_campaign%3Dus-web-developers,"Chicago, IL",5.026,25000,29,"['35% AI Development', '20% Web Development', '10% Mobile App Development']",False
US,clutch.co,Utility,https://utility.agency/%3Futm_source%3Dclutch.co%26utm_medium%3Dreferral%26utm_campaign%3Dus-web-developers,"Culver City, CA",4.826,50000,83,"['50% Mobile App Development', '10% Web Development', '10% Custom Software Development', '10% UX/UI Design', '10% Web Design']",False
US,clutch.co,3 Media Web,https://www.3mediaweb.com/digital-experience/build/%3Futm_source%3Dclutch.co%26utm_medium%3Dreferral%26utm_campaign%3Dus-web-developers,"Marlborough, MA",4.944,50000,29,"['40% Web Development', '40% Web Design']",False
US,clutch.co,Agency Partner Interactive LLC,https://agencypartner.com/web-design-and-development-lp/%3Futm_source%3Dclutch.co%26utm_medium%3Dreferral%26utm_campaign%3Dus-web-developers,"Plano, TX",4.966,5000,29,"['20% Mobile App Development', '15% E-Commerce Development', '10% Web Development', '10% AI Development', '10% Low/No Code Development', '10% Web Design']",False
US,clutch.co,Light IT Global,https://light-it.net%3Futm_source%3Dclutch.co%26utm_medium%3Dreferral%26utm_campaign%3Dus-web-developers,"San Jose, CA",4.952,25000,25,"['60% Web Development', '10% AI Development', '10% Low/No Code Development', '10% Mobile App Development']",False
US,clutch.co,Marcel Digital,https://www.marceldigital.com/contact%3Futm_source%3Dclutch.co%26utm_medium%3Dreferral%26utm_campaign%3Dus-web-developers,"Chicago, IL",4.819,5000,29,"['40% Web Development', '30% Search Engine Optimization', '10% Digital Strategy']",False
US,clutch.co,The Gnar Company,https://www.thegnar.com/web-development%3Futm_source%3Dclutch.co%26utm_medium%3Dreferral%26utm_campaign%3Dus-web-developers,"Needham, MA",4.819,25000,29,"['30% Web Development', '30% Mobile App Development', '10% AI Development', '10% UX/UI Design']",False
US,clutch.co,SumatoSoft,http://sumatosoft.com/%3Futm_source%3Dclutch.co%26utm_medium%3Dreferral%26utm_content%3Dmain%2520website%26utm_campaign%3DClutch,"Boston, MA",4.825,25000,29,"['25% Web Development', '25% IoT Development', '20% Mobile App Development', '5% Application Testing', '5% UX/UI Design']",False
US,clutch.co,Dedicated Developers,https://dedicateddevelopers.com/us/%3Futm_source%3Dclutch.co%26utm_medium%3Dreferral%26utm_campaign%3Dus-web-developers,"Atlanta, GA",5.05,25000,29,"['65% Mobile App Development', '35% Web Development']",False
US,clutch.co,thoughtbot,https://thoughtbot.com/%3Futm_source%3Dclutch.co%26utm_medium%3Dreferral%26utm_campaign%3Dus-web-developers,"New York, NY",4.939,10000,29,"['30% Web Development', '25% Mobile App Development', '10% Cloud Consulting & SI', '10% Custom Software Development', '10% Low/No Code Development']",False
US,clutch.co,Tekglide,https://tekglide.com/contact-us/%3Futm_source%3Dclutch.co%26utm_medium%3Dreferral%26utm_campaign%3Dus-web-developers,"Darien, IL",4.836,10000,29,"['20% Web Development', '20% E-Commerce Development', '10% Digital Strategy', '10% IT Staff Augmentation', '10% Low/No Code Development', '10% Search Engine Optimization', '10% Web Design']",False
US,clutch.co,BrandExtract,https://www.brandextract.com/Contact/%3Futm_source%3Dclutch.co%26utm_medium%3Dreferral%26utm_campaign%3Dus-web-developers,"Houston, TX",5.011,25000,29,"['50% Branding', '30% Web Development', '20% Marketing Strategy']",False
US,clutch.co,Temper And Forge,https://temperandforge.com/%3Futm_source%3Dclutch.co%26utm_medium%3Dreferral,"Boston, MA",5.05,10000,29,"['35% Web Development', '25% Web Design', '10% Low/No Code Development', '10% UX/UI Design']",False
US,clutch.co,The Brick Factory,https://thebrickfactory.com/%3Futm_source%3Dclutch.co%26utm_medium%3Dreferral%26utm_campaign%3Dus-web-developers,"Washington, DC",4.918,10000,29,"['40% Web Development', '20% Web Design', '10% Pay Per Click', '10% UX/UI Design']",False
US,clutch.co,EltexSoft,https://eltexsoft.com%3Futm_source%3Dclutch.co%26utm_medium%3Dreferral%26utm_campaign%3Dus-web-developers,"Burbank, CA",5.029,10000,29,"['25% Web Development', '25% IT Staff Augmentation', '10% Custom Software Development', '10% Generative AI', '10% Low/No Code Development', '10% Mobile App Development']",False
US,clutch.co,Lunarbyte.io,https://www.lunarbyte.io/%3Futm_source%3Dclutch.co%26utm_medium%3Dreferral%26utm_campaign%3Dus-web-developers,"Seattle, WA",5.09,25000,29,"['40% Web Development', '30% Custom Software Development', '30% Mobile App Development']",False
US,clutch.co,Susco Solutions,https://suscosolutions.com/clutch-co/%3Futm_source%3Dclutch.co%26utm_medium%3Dreferral%26utm_campaign%3Ddirectory,"Harvey, LA",4.911,50000,29,"['30% Web Development', '30% Custom Software Development', '15% Mobile App Development']",False
US,clutch.co,Wolf&Whale,https://www.wolfwhale.com/%3Futm_source%3Dclutch.co%26utm_medium%3Dreferral%26utm_campaign%3Dus-web-developers,"Brooklyn, NY",5.021,25000,29,"['25% Branding', '20% Web Design', '10% Web Development']",False
US,clutch.co,Solwey Consulting,https://solwey.com/%3Futm_source%3Dclutch.co%26utm_medium%3Dreferral%26utm_campaign%3Dus-web-developers,"Austin, TX",5.09,10000,29,"['13% UX/UI Design', '12% E-Commerce Development', '11% Low/No Code Development', '10% Web Development', '10% Custom Software Development', '10% Mobile App Development', '10% Web Design']",False
US,clutch.co,Coherent Solutions,https://ppc.clutch.co/ppc/click/%3Fs%3DeyJkZWNpc2lvbl9pZCI6ImQyNDJjNGE2LTU4M2ItNGZlNy1iZTUxLTQyMDI1MmYwYjRiNyIsImltcHJlc3Npb25faWQiOiJhMzUxNjJiZS0wNDIwLTQ0ZmUtOWNiNi1jYjNjYzBhOWQ2ZmEiLCJwcm92aWRlcl9pZCI6ODI0NDksImZlYXR1cmVkX2xpc3RpbmdfaWQiOjIsImZlYXR1cmVkX3Bvc2l0aW9uX2lkIjozNDgyODIsInBvc2l0aW9uIjoxLCJpc19zcG90bGlnaHQiOmZhbHNlfQ:1vtqby:zaT5t8lY41DOrWP9XEwIU5cObZCq-lgWtGK3U3cQNDg,Serves United States,4.73,50000,29,"['30% AI Development', '15% Web Development', '10% Cloud Consulting & SI']",False
US,clutch.co,Proven,https://ppc.clutch.co/ppc/click/%3Fs%3DeyJkZWNpc2lvbl9pZCI6ImQyNDJjNGE2LTU4M2ItNGZlNy1iZTUxLTQyMDI1MmYwYjRiNyIsImltcHJlc3Npb25faWQiOiJmNGU2NDI3Yi1lMjBhLTQ0MjctYTg2ZC1kZGQxNjFhMTg0YzYiLCJwcm92aWRlcl9pZCI6MzUwNTgwLCJmZWF0dXJlZF9saXN0aW5nX2lkIjoyLCJmZWF0dXJlZF9wb3NpdGlvbl9pZCI6MjM3OTU4LCJwb3NpdGlvbiI6MiwiaXNfc3BvdGxpZ2h0IjpmYWxzZX0:1vtqby:j1QrJS-ihmOx-agC2aNbKofblewxz-jkx71-TdhopU4,Serves United States,4.912,25000,29,"['25% Web Development', '25% Web Design', '10% Custom Software Development', '10% UX/UI Design']",False
US,clutch.co,Storm Brain,https://ppc.clutch.co/ppc/click/%3Fs%3DeyJkZWNpc2lvbl9pZCI6ImQyNDJjNGE2LTU4M2ItNGZlNy1iZTUxLTQyMDI1MmYwYjRiNyIsImltcHJlc3Npb25faWQiOiI0NmM0YjhiMS05NWNlLTQ1YTktYTU5ZS0yYTk2MDk2ZmI3YjkiLCJwcm92aWRlcl9pZCI6MTQ0MzUyLCJmZWF0dXJlZF9saXN0aW5nX2lkIjoyLCJmZWF0dXJlZF9wb3NpdGlvbl9pZCI6MzAzNTk5LCJwb3NpdGlvbiI6MywiaXNfc3BvdGxpZ2h0IjpmYWxzZX0:1vtqby:s9xXtiKLmJt5PZXhVRWatSonqOtpYYvjQUVzNFZMuSI,Serves United States,5.0124,10000,29,"['40% Web Design', '20% Web Development', '10% E-Commerce Development', '10% Pay Per Click', '10% Search Engine Optimization']",False
US,clutch.co,Cleveroad,https://www.cleveroad.com/offer/%3Futm_source%3Dclutch.co%26utm_medium%3Dreferral%26utm_campaign%3Dus-web-developers,"New York, NY",4.977,10000,29,"['30% Custom Software Development', '28% Web Development', '10% Mobile App Development', '5% Generative AI', '5% IT Staff Augmentation', '5% IoT Development']",False
US,clutch.co,BairesDev,https://www.bairesdev.com/lp/c/software-development/%3Futm_source%3Dclutch.co%26utm_medium%3Dreferral%26utm_campaign%3Ddirectory,"San Francisco, CA",4.962,50000,29,"['30% Custom Software Development', '20% Web Development', '10% AI Development', '10% Application Testing', '5% UX/UI Design']",False
US,clutch.co,DRUM'N'CODE,https://ppc.clutch.co/ppc/click/%3Fs%3DeyJkZWNpc2lvbl9pZCI6ImQyNDJjNGE2LTU4M2ItNGZlNy1iZTUxLTQyMDI1MmYwYjRiNyIsImltcHJlc3Npb25faWQiOiIyMWMyZWEyOC0yYmJlLTQxZWYtOTY0YS1mZTkyNzZjYTZjZDQiLCJwcm92aWRlcl9pZCI6MTE1NDM1OCwiZmVhdHVyZWRfbGlzdGluZ19pZCI6MiwiZmVhdHVyZWRfcG9zaXRpb25faWQiOjI1OTc1OCwicG9zaXRpb24iOjQsImlzX3Nwb3RsaWdodCI6ZmFsc2V9:1vtqby:m72s2gfPFrMn86ROzOWjSzZfclMXK35NIjXy8uRpbrY,Serves United States,5.025,1000,29,"['30% Web Development', '30% Custom Software Development', '15% Web Design', '10% Mobile App Development']",False
US,clutch.co,Appunite,https://ppc.clutch.co/ppc/click/%3Fs%3DeyJkZWNpc2lvbl9pZCI6ImQyNDJjNGE2LTU4M2ItNGZlNy1iZTUxLTQyMDI1MmYwYjRiNyIsImltcHJlc3Npb25faWQiOiJmYzI1OGJkMy1iZjVlLTQzNWMtYTYwZC0xZTRhZDkxMmJkYTEiLCJwcm92aWRlcl9pZCI6MzMyMTgsImZlYXR1cmVkX2xpc3RpbmdfaWQiOjIsImZlYXR1cmVkX3Bvc2l0aW9uX2lkIjoyMzc2MzYsInBvc2l0aW9uIjo1LCJpc19zcG90bGlnaHQiOmZhbHNlfQ:1vtqby:GKY2oMEXafAuVI_wZW-Yz47p79GL3bXCgm2xbBDlz90,Serves United States,4.921,10000,29,"['20% Web Development', '20% Custom Software Development', '10% E-Commerce Development', '10% Generative AI', '10% Low/No Code Development', '10% Web Design']",False
US,clutch.co,TKX Media,https://ppc.clutch.co/ppc/click/%3Fs%3DeyJkZWNpc2lvbl9pZCI6ImQyNDJjNGE2LTU4M2ItNGZlNy1iZTUxLTQyMDI1MmYwYjRiNyIsImltcHJlc3Npb25faWQiOiI1Yjk0ZGRkYy0yMjEwLTQ2MmUtYWQ5MC01YWFiZDNkODEyMTQiLCJwcm92aWRlcl9pZCI6MjUzMTE5NCwiZmVhdHVyZWRfbGlzdGluZ19pZCI6MiwiZmVhdHVyZWRfcG9zaXRpb25faWQiOjM1MTI2MSwicG9zaXRpb24iOjYsImlzX3Nwb3RsaWdodCI6ZmFsc2V9:1vtqby:Pbyy0aQ_8jZT4XO4viM2m29VvcFTfm6hW5Mgs38koW0,Serves United States,5.012,5000,29,"['40% Search Engine Optimization', '40% Web Design', '20% Advertising']",False
US,clutch.co,Urban Insight,https://urbaninsight.com/%3Futm_source%3Dclutch.co%26utm_medium%3Dreferral%26utm_campaign%3Dus-web-developers,"Los Angeles, CA",5.037,50000,29,"['50% Web Development', '20% Web Design', '15% UX/UI Design']",False
US,clutch.co,Social Driver,https://www.socialdriver.com/landing-pages/capabilities-services%3Futm_source%3Dclutch.co%26utm_medium%3Dreferral%26utm_campaign%3Ddirectory,"Bellingham, WA",4.975,25000,13,"['50% Web Development', '40% Web Design', '10% Low/No Code Development']",False
US,clutch.co,Orbit Media Studios,https://www.orbitmedia.com/%3Futm_source%3Dclutch.co%26utm_medium%3Dreferral%26utm_campaign%3Ddirectory,"Chicago, IL",5.031,50000,29,"['30% Web Development', '30% Web Design']",False
US,clutch.co,HUEMOR,https://huemor.rocks%3Futm_source%3Dclutch.co%26utm_medium%3Dreferral%26utm_campaign%3Dus-web-developers,"Pittsburgh, PA",4.872,25000,29,"['40% Web Design', '30% Web Development', '10% Search Engine Optimization', '10% UX/UI Design']",False
US,clutch.co,Lounge Lizard,https://www.loungelizard.com/%3Futm_source%3Dclutch.co%26utm_medium%3Dreferral%26utm_campaign%3Ddirectory,"Austin, TX",4.843,25000,29,"['55% Web Design', '35% Web Development', '10% Branding']",False
US,clutch.co,Geniusee,https://ppc.clutch.co/ppc/click/%3Fs%3DeyJkZWNpc2lvbl9pZCI6ImQyNDJjNGE2LTU4M2ItNGZlNy1iZTUxLTQyMDI1MmYwYjRiNyIsImltcHJlc3Npb25faWQiOiJjMTk2ODAxNi0zYjQ4LTRmY2MtYTM1Yy0xMWVlNWQ0YzI0YzgiLCJwcm92aWRlcl9pZCI6MTUzOTkxLCJmZWF0dXJlZF9saXN0aW5nX2lkIjoyLCJmZWF0dXJlZF9wb3NpdGlvbl9pZCI6Mjg5NjUxLCJwb3NpdGlvbiI6NywiaXNfc3BvdGxpZ2h0IjpmYWxzZX0:1vtqby:horPFRnTPgKwAyx60s3MHUTI4_2Rs7Sbe5gc0gMD4jE,Serves United States,5.067,50000,29,"['40% Web Development', '40% Custom Software Development', '10% Cloud Consulting & SI']",False
US,clutch.co,"TRIARE, LLC",https://ppc.clutch.co/ppc/click/%3Fs%3DeyJkZWNpc2lvbl9pZCI6ImQyNDJjNGE2LTU4M2ItNGZlNy1iZTUxLTQyMDI1MmYwYjRiNyIsImltcHJlc3Npb25faWQiOiI3MTA5OTFkYy0xNmE0LTQyNTYtOWVmMS1hY2Q1ODNmNjY0YjgiLCJwcm92aWRlcl9pZCI6Njg3NjgxLCJmZWF0dXJlZF9saXN0aW5nX2lkIjoyLCJmZWF0dXJlZF9wb3NpdGlvbl9pZCI6MjM5ODU0LCJwb3NpdGlvbiI6OCwiaXNfc3BvdGxpZ2h0IjpmYWxzZX0:1vtqby:0B_mfndRBl0dJ4ba4IIlbKSFI4C5ZsEKH9keNT1zzdI,Serves United States,4.937,10000,29,"['41% Mobile App Development', '35% Web Development', '12% UX/UI Design']",False
US,clutch.co,Arounda,https://ppc.clutch.co/ppc/click/%3Fs%3DeyJkZWNpc2lvbl9pZCI6ImQyNDJjNGE2LTU4M2ItNGZlNy1iZTUxLTQyMDI1MmYwYjRiNyIsImltcHJlc3Npb25faWQiOiI1MmE2NDAyZi05ZjdkLTQzYzMtYmI1YS0xM2Y1OGYyYzUyY2QiLCJwcm92aWRlcl9pZCI6MTE1MzA3MCwiZmVhdHVyZWRfbGlzdGluZ19pZCI6MiwiZmVhdHVyZWRfcG9zaXRpb25faWQiOjM3MzE4NywicG9zaXRpb24iOjksImlzX3Nwb3RsaWdodCI6ZmFsc2V9:1vtqby:r1nHxEvm4bY8UKmFV-UD7I-ZLsB0qRwuERoHmbWDQLo,Completed projects in 19 countries,5.072,25000,29,"['30% Web Development', '30% UX/UI Design', '10% Branding']",False
US,clutch.co,Five Jars,https://fivejars.com%3Futm_source%3Dclutch.co%26utm_medium%3Dreferral%26utm_campaign%3Dus-web-developers,"Arlington, VA",4.931,10000,29,"['50% Web Development', '20% Web Design', '15% Mobile App Development']",False
US,clutch.co,Scopic,https://scopicsoftware.com/web-development/%3Futm_source%3Dclutch.co%26utm_medium%3Dreferral%26utm_campaign%3Dus-web-developers,"Marlborough, MA",4.962,10000,29,"['30% AI Development', '25% Web Development', '10% Mobile App Development', '5% Cloud Consulting & SI']",False
US,clutch.co,Dev Technosys,https://ppc.clutch.co/ppc/click/%3Fs%3DeyJkZWNpc2lvbl9pZCI6ImQyNDJjNGE2LTU4M2ItNGZlNy1iZTUxLTQyMDI1MmYwYjRiNyIsImltcHJlc3Npb25faWQiOiIzZTE5YWMxOS1kZDMwLTRhYTMtYmYxMi0yZWNhOGFlZWYxYmYiLCJwcm92aWRlcl9pZCI6NDYzMzQsImZlYXR1cmVkX2xpc3RpbmdfaWQiOjIsImZlYXR1cmVkX3Bvc2l0aW9uX2lkIjozNzc2ODUsInBvc2l0aW9uIjoxMCwiaXNfc3BvdGxpZ2h0IjpmYWxzZX0:1vtqby:QEnrNXSTh_6aGv1ZzGmfDGnOiPp0-l6LOkONC8bidwk,Serves United States,4.8201,10000,100,"['55% Blockchain', '35% Mobile App Development', '10% Web Development']",False
US,clutch.co,Rekos Agency,https://ppc.clutch.co/ppc/click/%3Fs%3DeyJkZWNpc2lvbl9pZCI6ImQyNDJjNGE2LTU4M2ItNGZlNy1iZTUxLTQyMDI1MmYwYjRiNyIsImltcHJlc3Npb25faWQiOiJmZGJlZTg2Ny05OWFjLTQxOTAtOTJjOS02NDZiYTU4ZjViNTgiLCJwcm92aWRlcl9pZCI6MjA2NzA4NywiZmVhdHVyZWRfbGlzdGluZ19pZCI6MiwiZmVhdHVyZWRfcG9zaXRpb25faWQiOjI2NDIwMywicG9zaXRpb24iOjExLCJpc19zcG90bGlnaHQiOmZhbHNlfQ:1vtqby:_cEmpKyOyoXGHXc4O-aoajSRbbRzKdwDCDWt3ma2ugs,Serves United States,4.926,5000,29,"['30% Web Development', '30% Web Design', '20% UX/UI Design']",False
US,clutch.co,Crest Coder Private Limited,https://ppc.clutch.co/ppc/click/%3Fs%3DeyJkZWNpc2lvbl9pZCI6ImQyNDJjNGE2LTU4M2ItNGZlNy1iZTUxLTQyMDI1MmYwYjRiNyIsImltcHJlc3Npb25faWQiOiJiZGUxMWZjNS03NmVlLTQ1OGUtYmZiOS1jNWNkZWNjYjU3NjUiLCJwcm92aWRlcl9pZCI6NzA3NjE5LCJmZWF0dXJlZF9saXN0aW5nX2lkIjoyLCJmZWF0dXJlZF9wb3NpdGlvbl9pZCI6Mzg2MjM1LCJwb3NpdGlvbiI6MTIsImlzX3Nwb3RsaWdodCI6ZmFsc2V9:1vtqby:A2Kpr2IpfKeI3KG58tjqOEPWFQZ5zu_BgBR1JTOu2ZY,Serves United States,4.734,5000,29,"['50% Web Development', '50% Mobile App Development']",False
US,clutch.co,"Wakefly, Inc.",https://www.wakefly.com/%3Futm_source%3Dclutch.co%26utm_medium%3Dreferral%26utm_campaign%3Dus-web-developers,"Westborough, MA",4.824,25000,29,"['55% Web Development', '20% Custom Software Development', '10% UX/UI Design']",False
US,clutch.co,UPQODE,https://upqode.com/%3Futm_source%3Dclutch.co%26utm_medium%3Dreferral%26utm_campaign%3Ddirectory,"Atlanta, GA",4.994,5000,3,"['40% Web Design', '30% Web Development', '10% Mobile App Development', '10% UX/UI Design']",False
US,clutch.co,Appello Software,https://ppc.clutch.co/ppc/click/%3Fs%3DeyJkZWNpc2lvbl9pZCI6ImQyNDJjNGE2LTU4M2ItNGZlNy1iZTUxLTQyMDI1MmYwYjRiNyIsImltcHJlc3Npb25faWQiOiIyZmQ2ZDE5ZS1kYjBhLTRkNWItYjliOC00YjVlYjdjYWEzMmQiLCJwcm92aWRlcl9pZCI6NTk1MDY2LCJmZWF0dXJlZF9saXN0aW5nX2lkIjoyLCJmZWF0dXJlZF9wb3NpdGlvbl9pZCI6MjM2MTQyLCJwb3NpdGlvbiI6MTMsImlzX3Nwb3RsaWdodCI6ZmFsc2V9:1vtqby:5kXC2PUdUAoU8-FYIduNxsUyTH6-kTLAnBaNc16grCE,Serves United States,4.933,50000,33,"['55% Mobile App Development', '35% Custom Software Development', '10% Web Development']",False
US,clutch.co,Read more,https://ppc.clutch.co/ppc/click/%3Fs%3DeyJkZWNpc2lvbl9pZCI6ImQyNDJjNGE2LTU4M2ItNGZlNy1iZTUxLTQyMDI1MmYwYjRiNyIsImltcHJlc3Npb25faWQiOiJiZmFkNGVkMy1lMzQzLTQ4ZDctODNiOS0xYTA4MDZlZTliMTkiLCJwcm92aWRlcl9pZCI6MjUxNjkxNSwiZmVhdHVyZWRfbGlzdGluZ19pZCI6MiwiZmVhdHVyZWRfcG9zaXRpb25faWQiOjM4MjQ2NywicG9zaXRpb24iOjE0LCJpc19zcG90bGlnaHQiOmZhbHNlfQ:1vtqby:2HllJynRrtExftwBHCFwG4RrKYtB8VALibOQKzqtm2I,United States,0.0,10000,29,"['20% Web Development', '20% AI Development', '20% Mobile App Development', '20% UX/UI Design']",False
US,clutch.co,ExpandX,https://ppc.clutch.co/ppc/click/%3Fs%3DeyJkZWNpc2lvbl9pZCI6ImQyNDJjNGE2LTU4M2ItNGZlNy1iZTUxLTQyMDI1MmYwYjRiNyIsImltcHJlc3Npb25faWQiOiJiOGE2YWYyYy1mMGUyLTQzYzQtODZhZi00MmY5ZWI4MmEwN2UiLCJwcm92aWRlcl9pZCI6NzMyNTA0LCJmZWF0dXJlZF9saXN0aW5nX2lkIjoyLCJmZWF0dXJlZF9wb3NpdGlvbl9pZCI6Mzg1MTMxLCJwb3NpdGlvbiI6MTUsImlzX3Nwb3RsaWdodCI6ZmFsc2V9:1vtqby:yErKzjA9oEXK_tQhU5B2Dhnx4Dh-vvisjqHRT_NTR8o,Serves United States,5.066,10000,11,"['30% Web Development', '20% E-Commerce Development', '10% Web Design']",False
US,clutch.co,DOOR3,https://www.door3.com/%3Futm_source%3Dclutch.co%26utm_medium%3Dreferral,"New York, NY",4.945,25000,29,"['25% Web Development', '25% AI Development', '25% UX/UI Design']",False
US,clutch.co,Oshyn,https://www.oshyn.com/%3Futm_source%3Dclutch.co%26utm_medium%3Dreferral%26utm_campaign%3Dus-web-developers,"Cypress, CA",4.918,25000,29,['100% Web Development'],False
US,clutch.co,LLT Group,http://WWW.LLT-GROUP.COM,"Los Angeles, CA",4.985,25000,50,"['45% Web Design', '30% Web Development', '5% Search Engine Optimization']",False
US,clutch.co,Storm Brain,https://stormbrain.com/%3Futm_source%3Dclutch.co%26utm_medium%3Dreferral%26utm_campaign%3Ddirectory,"Carlsbad, CA",5.0124,10000,29,"['40% Web Design', '20% Web Development', '10% E-Commerce Development', '10% Pay Per Click', '10% Search Engine Optimization']",False
US,clutch.co,Collective42,https://collective42.com/%3Futm_source%3Dclutch.co%26utm_medium%3Dreferral%26utm_campaign%3Ddirectory,"Encinitas, CA",5.029,5000,29,"['35% Web Development', '35% Web Design', '10% Pay Per Click']",False
US,clutch.co,Orases,https://www.orases.com/%3Futm_source%3Dclutch.co%26utm_medium%3Dreferral%26utm_campaign%3Ddirectory,"Frederick, MD",5.071,75000,29,"['20% Web Development', '20% Custom Software Development', '20% Mobile App Development']",False
US,clutch.co,Vrrb - Web & Product Design Agency,http://www.vrrb.com/%3Futm_source%3Dclutch.co%26utm_medium%3Dreferral%26utm_campaign%3Dus-web-developers,"Los Angeles, CA",4.934,25000,29,"['25% Web Development', '25% Web Design', '10% Custom Software Development', '10% E-Commerce Development', '10% UX/UI Design']",False
US,clutch.co,JetRockets,https://jetrockets.com/,"Brooklyn, NY",4.946,25000,29,"['30% Web Development', '30% Custom Software Development', '10% AI Development']",False
US,clutch.co,Ignite Visibility,https://ignitevisibility.com/%3Futm_source%3Dclutch.co%26utm_medium%3Dreferral%26utm_campaign%3Ddirectory,"San Diego, CA",4.8171,10000,29,"['40% Search Engine Optimization', '10% Web Development', '10% Low/No Code Development', '10% Pay Per Click', '10% Web Design']",False
US,clutch.co,efelle creative,http://www.seattlewebdesign.com%3Futm_source%3Dclutch.co%26utm_medium%3Dreferral%26utm_campaign%3Dus-web-developers,"Seattle, WA",5.063,25000,29,"['30% Web Development', '30% Web Design', '10% Pay Per Click', '10% Search Engine Optimization']",False
US,clutch.co,"Oomph, Inc.",https://oomphinc.com/%3Futm_source%3Dclutch%26utm_medium%3Dreferral%26utm_campaign%3Dprofile,"Providence, RI",5.017,25000,29,"['30% Web Development', '20% Digital Strategy', '20% Web Design', '10% Custom Software Development']",False
US,clutch.co,Swovo,https://flatirons.com/services/web-development/%3Futm_source%3Dclutch.co%26utm_medium%3Dreferral%26utm_campaign%3Dus-web-developers,"Boulder, CO",5.027,50000,29,"['40% Web Development', '20% Mobile App Development', '10% Custom Software Development', '10% IT Staff Augmentation', '10% UX/UI Design']",False
US,clutch.co,Perpetual,http://www.perpetualny.com/services/web-development/%3Futm_source%3Dclutch.co/%26utm_medium%3Dreferral%26utm_campaign%3Dus-web-developers,"New York, NY",4.996,25000,29,"['30% UX/UI Design', '20% Web Development', '10% Custom Software Development', '10% Mobile App Development', '10% Web Design', '3% AI Development', '2% E-Commerce Development']",False
US,clutch.co,Three29,https://three29.com/top-web-developers/%3Futm_source%3Dclutch.co%26utm_medium%3Dreferral%26utm_campaign%3Dus-web-developers,"Jacksonville, FL",4.94,10000,29,"['25% Web Design', '20% Web Development', '10% Branding', '10% Search Engine Optimization']",False
US,clutch.co,Diffco,https://diffco.us/%3Futm_source%3Dclutch.co%26utm_medium%3Dreferral%26utm_campaign%3Dus-web-developers,"San Jose, CA",5.031,25000,29,"['25% AI Development', '20% IT Staff Augmentation', '15% Web Development', '15% Mobile App Development']",False
US,clutch.co,RoleModel Software,https://www.rolemodelsoftware.com%3Futm_source%3Dclutch.co%26utm_medium%3Dreferral%26utm_campaign%3Dus-web-developers,"Apex, NC",4.924,5000,29,"['40% Web Development', '40% Custom Software Development', '10% UX/UI Design']",False
US,clutch.co,Ammo Studio,https://www.ammo.studio/%3Futm_source%3Dclutch.co%26utm_medium%3Dreferral%26utm_campaign%3Ddirectory,"Dallas, TX",4.917,10000,100,"['35% Web Development', '35% Web Design', '10% Low/No Code Development', '10% UX/UI Design']",False
US,clutch.co,Culture Foundry,https://www.culturefoundry.com/%3Futm_source%3Dclutch.co%26utm_medium%3Dreferral%26utm_campaign%3Ddirectory,"Austin, TX",5.015,25000,29,"['30% Web Development', '30% Web Design', '10% Custom Software Development']",False
US,clutch.co,INOXOFT,https://inoxoft.com%3Futm_source%3Dclutch.co%26utm_medium%3Dreferral%26utm_campaign%3Dus-web-developers,"Newark, DE",0.0,25000,29,['40% Web Development'],False
US,clutch.co,Airdev,https://www.airdev.co/bubble-development/bubble-agency%3Fcontent%3Dgeneral%26utm_source%3Dclutch.co%26utm_medium%3Dreferral%26utm_campaign%3Ddirectory,"San Francisco, CA",0.0,10000,29,['40% Web Development'],False
US,clutch.co,KITRUM,https://kitrum.com/%3Futm_source%3Dclutch.co%26utm_medium%3Dreferral%26utm_campaign%3Ddirectory,"Tampa, FL",0.0,25000,29,['20% Web Development'],False
US,clutch.co,Dualboot Partners,https://dualbootpartners.com/clutch/web-development/%3Futm_source%3Dclutch.co%26utm_medium%3Dreferral%26utm_campaign%3Dus-web-developers,"Charlotte, NC",0.0,75000,29,['20% Web Development'],False
US,clutch.co,Toptal,https://www.toptal.com/%3Futm_source%3Dclutch,"San Francisco, CA",0.0,50000,29,['15% Web Development'],False
US,clutch.co,KrishaWeb,https://www.krishaweb.com%3Futm_source%3Dclutch.co%26utm_medium%3Dreferral%26utm_campaign%3Dus-web-developers,"Loveland, CO",0.0,5000,29,['40% Web Development'],False
US,clutch.co,Apptechies,https://www.apptechies.com%3Futm_source%3Dclutch%26utm_medium%3Ddirectory%26utm_campaign%3Dbusiness_listing,"Austin, TX",0.0,10000,29,['35% Web Development'],False
US,clutch.co,The Frontend Company,https://thefrontendcompany.com/%3Futm_source%3Dclutch.co%26utm_medium%3Dreferral%26utm_campaign%3Ddirectory,"Covina, CA",0.0,10000,29,['100% Web Development'],False
US,clutch.co,CyberCraft,https://cybercraftinc.com/%3Futm_source%3Dclutch.co%26utm_medium%3Dreferral%26utm_campaign%3Ddirectory,"San Francisco, CA",0.0,50000,29,['40% Web Development'],False
US,clutch.co,"Jahnel Group, Inc.",https://www.jahnelgroup.com/%3Futm_source%3Dclutch.co%26utm_medium%3Dreferral%26utm_campaign%3Ddirectory,"Schenectady, NY",0.0,25000,29,['40% Web Development'],False
US,clutch.co,Vincit,https://www.vincit.com/%3Futm_source%3Dclutch.co%26utm_medium%3Dreferral%26utm_campaign%3Dus-web-developers,"Irvine, CA",0.0,50000,29,['30% Web Development'],False
US,clutch.co,Bacancy,https://www.bacancytechnology.com%3Futm_source%3Dclutch.co%26utm_medium%3Dreferral%26utm_campaign%3Ddirectory,"Miami, FL",0.0,10000,29,['40% Web Development'],False
US,clutch.co,Freshy,https://freshysites.com/%3Futm_source%3Dclutch.co%26utm_medium%3Dreferral%26utm_campaign%3Ddirectory,"Binghamton, NY",0.0,5000,29,['45% Web Development'],False
US,clutch.co,Evince Development,https://evincedev.com/web-development-company/,"New York, NY",0.0,10000,29,['40% Web Development'],False
US,clutch.co,HTMLPanda,https://www.htmlpanda.com/ecommerce-development.php%3Futm_source%3Dclutch.co%26utm_medium%3Dreferral%26utm_campaign%3Ddevelopers-ecommerce,"Boston, MA",0.0,1000,29,['40% Web Development'],False
US,clutch.co,Coherent Solutions,https://ppc.clutch.co/ppc/click/%3Fs%3DeyJkZWNpc2lvbl9pZCI6ImMzNWQyZWUwLTBkZTYtNGE3NC1hNWJkLTNlYWNhZGRhNTZlMyIsImltcHJlc3Npb25faWQiOiI5OTdhMzZkZi1mZDZkLTRjNWUtYjc1ZC0zZjJkNGVkOTZkYTgiLCJwcm92aWRlcl9pZCI6ODI0NDksImZlYXR1cmVkX2xpc3RpbmdfaWQiOjIsImZlYXR1cmVkX3Bvc2l0aW9uX2lkIjozNDgyODIsInBvc2l0aW9uIjoxLCJpc19zcG90bGlnaHQiOmZhbHNlfQ:1vtqc9:ttU7_iAdvb7yMVcdA1Gku2Q6wsKfCZsDCNntekDo_FE,Serves United States,4.73,50000,29,"['30% AI Development', '15% Web Development', '10% Cloud Consulting & SI']",False
US,clutch.co,Proven,https://ppc.clutch.co/ppc/click/%3Fs%3DeyJkZWNpc2lvbl9pZCI6ImMzNWQyZWUwLTBkZTYtNGE3NC1hNWJkLTNlYWNhZGRhNTZlMyIsImltcHJlc3Npb25faWQiOiIxY2Q3YzY0Yy04ZDlkLTQ3NjgtODFhNy1jNzBjYjI3YzhiYmMiLCJwcm92aWRlcl9pZCI6MzUwNTgwLCJmZWF0dXJlZF9saXN0aW5nX2lkIjoyLCJmZWF0dXJlZF9wb3NpdGlvbl9pZCI6MjM3OTU4LCJwb3NpdGlvbiI6MiwiaXNfc3BvdGxpZ2h0IjpmYWxzZX0:1vtqc9:R1hp51TFtqi0jx9q-PssWQKRZXLTJtj7OEqiyMOnpz8,Serves United States,4.912,25000,29,"['25% Web Development', '25% Web Design', '10% Custom Software Development', '10% UX/UI Design']",False
US,clutch.co,Storm Brain,https://ppc.clutch.co/ppc/click/%3Fs%3DeyJkZWNpc2lvbl9pZCI6ImMzNWQyZWUwLTBkZTYtNGE3NC1hNWJkLTNlYWNhZGRhNTZlMyIsImltcHJlc3Npb25faWQiOiJjNjM3NDA0Zi00ZGMwLTRjOTQtYmI5ZC0wOTMwMjc5Y2I3YjgiLCJwcm92aWRlcl9pZCI6MTQ0MzUyLCJmZWF0dXJlZF9saXN0aW5nX2lkIjoyLCJmZWF0dXJlZF9wb3NpdGlvbl9pZCI6MzAzNTk5LCJwb3NpdGlvbiI6MywiaXNfc3BvdGxpZ2h0IjpmYWxzZX0:1vtqc9:w8VECIUqQdDklD4V_amSsNzUMVQZVqKaAizChIhiDPE,Serves United States,5.0124,10000,29,"['40% Web Design', '20% Web Development', '10% E-Commerce Development', '10% Pay Per Click', '10% Search Engine Optimization']",False
US,clutch.co,Orangesoft,https://orangesoft.co/%3Futm_source%3Dclutch%26utm_medium%3Dreferral,"San Francisco, CA",4.942,25000,29,"['40% Mobile App Development', '20% Web Development', '20% IoT Development']",False
US,clutch.co,Off-Site Services,https://www.oss-usa.com/%3Futm_source%3Dclutch.co%26utm_medium%3Dreferral%26utm_campaign%3Dus-web-developers,"New York, NY",5.05,10000,29,"['70% Web Development', '10% Application Testing', '10% IT Staff Augmentation']",False
US,clutch.co,DRUM'N'CODE,https://ppc.clutch.co/ppc/click/%3Fs%3DeyJkZWNpc2lvbl9pZCI6ImMzNWQyZWUwLTBkZTYtNGE3NC1hNWJkLTNlYWNhZGRhNTZlMyIsImltcHJlc3Npb25faWQiOiJjMzc3NTJjZS1iMWUyLTRlNmMtOTRlNy1kOTUyZjY0ZTY1MGIiLCJwcm92aWRlcl9pZCI6MTE1NDM1OCwiZmVhdHVyZWRfbGlzdGluZ19pZCI6MiwiZmVhdHVyZWRfcG9zaXRpb25faWQiOjI1OTc1OCwicG9zaXRpb24iOjQsImlzX3Nwb3RsaWdodCI6ZmFsc2V9:1vtqc9:TJffBIHnBL0Vp7TmhJOPy2EtBiZPo7tpKG4NJLWfBhE,Serves United States,5.025,1000,29,"['30% Web Development', '30% Custom Software Development', '15% Web Design', '10% Mobile App Development']",False
US,clutch.co,Appunite,https://ppc.clutch.co/ppc/click/%3Fs%3DeyJkZWNpc2lvbl9pZCI6ImMzNWQyZWUwLTBkZTYtNGE3NC1hNWJkLTNlYWNhZGRhNTZlMyIsImltcHJlc3Npb25faWQiOiJiZWUzY2M4NC1hMWE5LTRiYzItYWY0Mi00MGRlNzRjMmUxMzgiLCJwcm92aWRlcl9pZCI6MzMyMTgsImZlYXR1cmVkX2xpc3RpbmdfaWQiOjIsImZlYXR1cmVkX3Bvc2l0aW9uX2lkIjoyMzc2MzYsInBvc2l0aW9uIjo1LCJpc19zcG90bGlnaHQiOmZhbHNlfQ:1vtqc9:7hT4SpJnuTGc5vel9XQbMzpeb2nNAyKYx-_XbhDObtA,Serves United States,4.921,10000,29,"['20% Web Development', '20% Custom Software Development', '10% E-Commerce Development', '10% Generative AI', '10% Low/No Code Development', '10% Web Design']",False
US,clutch.co,TKX Media,https://ppc.clutch.co/ppc/click/%3Fs%3DeyJkZWNpc2lvbl9pZCI6ImMzNWQyZWUwLTBkZTYtNGE3NC1hNWJkLTNlYWNhZGRhNTZlMyIsImltcHJlc3Npb25faWQiOiJiYzI4ZDQyYy0yMjRjLTRmYjgtYTI5My01ZjNjY2U5OGQ4ZmQiLCJwcm92aWRlcl9pZCI6MjUzMTE5NCwiZmVhdHVyZWRfbGlzdGluZ19pZCI6MiwiZmVhdHVyZWRfcG9zaXRpb25faWQiOjM1MTI2MSwicG9zaXRpb24iOjYsImlzX3Nwb3RsaWdodCI6ZmFsc2V9:1vtqc9:mM3ul1RDtPCWQUh_guo2RnoLW8kFAn3d0-bVkyKHJv8,Serves United States,5.012,5000,29,"['40% Search Engine Optimization', '40% Web Design', '20% Advertising']",False
US,clutch.co,Baunfire,https://www.baunfire.com%3Futm_source%3Dclutch.co%26utm_medium%3Dreferral%26utm_campaign%3Dus-web-developers,"San Jose, CA",4.932,75000,29,"['55% Web Design', '20% Web Development', '10% UX/UI Design', '5% Digital Strategy']",False
US,clutch.co,Wve Labs,https://www.wvelabs.com/contactus%3Futm_source%3Dclutch.co%26utm_medium%3Dprofilebutton%26utm_campaign%3Dwveclutch,"Beverly Hills, CA",5.031,10000,29,"['50% Mobile App Development', '20% Web Development', '10% UX/UI Design']",False
US,clutch.co,Simpalm,https://www.simpalm.com/%3Futm_source%3Dclutch.co%26utm_medium%3Dreferral%26utm_campaign%3Dclutch-boosted-placements,"Chicago, IL",4.964,25000,29,"['50% Mobile App Development', '15% Web Development', '5% UX/UI Design']",False
US,clutch.co,Calibrate Software,https://www.calibrated.io/contact/%3Futm_source%3Dclutch.co%26utm_medium%3Dreferral%26utm_campaign%3Ddirectory,"Chicago, IL",4.937,25000,29,"['40% Mobile App Development', '25% Web Development', '10% Custom Software Development', '10% Web Design']",False
US,clutch.co,Sembit,https://www.sembit.com/Clutch/%3Futm_source%3Dclutch%26utm_medium%3Dreferral%26utm_campaign%3Ddirectory,"Portland, OR",4.932,5000,29,"['40% Mobile App Development', '30% Web Development', '10% Web Design']",False
US,clutch.co,Geniusee,https://ppc.clutch.co/ppc/click/%3Fs%3DeyJkZWNpc2lvbl9pZCI6ImMzNWQyZWUwLTBkZTYtNGE3NC1hNWJkLTNlYWNhZGRhNTZlMyIsImltcHJlc3Npb25faWQiOiI4ZjYxYjE5OS1mYjI5LTRjZGQtYmQ3Yy1jZDBmMDBmODI5YjgiLCJwcm92aWRlcl9pZCI6MTUzOTkxLCJmZWF0dXJlZF9saXN0aW5nX2lkIjoyLCJmZWF0dXJlZF9wb3NpdGlvbl9pZCI6Mjg5NjUxLCJwb3NpdGlvbiI6NywiaXNfc3BvdGxpZ2h0IjpmYWxzZX0:1vtqc9:IEoqeKvSxxEcHpz_WCPeNTQ4V-Y08QZ0gTFPGNwpaI0,Serves United States,5.067,50000,29,"['40% Web Development', '40% Custom Software Development', '10% Cloud Consulting & SI']",False
US,clutch.co,"TRIARE, LLC",https://ppc.clutch.co/ppc/click/%3Fs%3DeyJkZWNpc2lvbl9pZCI6ImMzNWQyZWUwLTBkZTYtNGE3NC1hNWJkLTNlYWNhZGRhNTZlMyIsImltcHJlc3Npb25faWQiOiI3ZDkwNGQ2Zi1iYmNkLTRhNzYtYWU3NC1hNzM1YzYyMjBkM2MiLCJwcm92aWRlcl9pZCI6Njg3NjgxLCJmZWF0dXJlZF9saXN0aW5nX2lkIjoyLCJmZWF0dXJlZF9wb3NpdGlvbl9pZCI6MjM5ODU0LCJwb3NpdGlvbiI6OCwiaXNfc3BvdGxpZ2h0IjpmYWxzZX0:1vtqc9:J6AcbDTHs-CU0_5zrJ7jrXAKMCUtczBKsLpJUjRY1AI,Serves United States,4.937,10000,29,"['41% Mobile App Development', '35% Web Development', '12% UX/UI Design']",False
US,clutch.co,Arounda,https://ppc.clutch.co/ppc/click/%3Fs%3DeyJkZWNpc2lvbl9pZCI6ImMzNWQyZWUwLTBkZTYtNGE3NC1hNWJkLTNlYWNhZGRhNTZlMyIsImltcHJlc3Npb25faWQiOiIwMjM2YTc1MC1kNzBkLTRjY2QtOTA0OC1lMGFlZGI1Y2I1Y2QiLCJwcm92aWRlcl9pZCI6MTE1MzA3MCwiZmVhdHVyZWRfbGlzdGluZ19pZCI6MiwiZmVhdHVyZWRfcG9zaXRpb25faWQiOjM3MzE4NywicG9zaXRpb24iOjksImlzX3Nwb3RsaWdodCI6ZmFsc2V9:1vtqc9:BRdcv50RTe6xiUyiDSFExGVNQqfo6sXai1ECmxZ1X98,Completed projects in 19 countries,5.072,25000,29,"['30% Web Development', '30% UX/UI Design', '10% Branding']",False
US,clutch.co,VisualFizz,https://www.visualfizz.com/services/web-development-agency/%3Futm_source%3Dclutch.co%26utm_medium%3Dreferral%26utm_campaign%3Dus-web-developers,"Chicago, IL",5.026,5000,29,"['25% Web Development', '20% Search Engine Optimization', '10% Pay Per Click']",False
US,clutch.co,N4 Studio®,https://www.n4.studio/webflow-enterprise-agency,"Los Angeles, CA",5.021,5000,29,"['50% Web Development', '50% Web Design']",False
US,clutch.co,Dev Technosys,https://ppc.clutch.co/ppc/click/%3Fs%3DeyJkZWNpc2lvbl9pZCI6ImMzNWQyZWUwLTBkZTYtNGE3NC1hNWJkLTNlYWNhZGRhNTZlMyIsImltcHJlc3Npb25faWQiOiI2MGQ0N2E5NS1hN2MzLTRmYjEtYjM2ZC0wMTM0NmViYjk4ZDAiLCJwcm92aWRlcl9pZCI6NDYzMzQsImZlYXR1cmVkX2xpc3RpbmdfaWQiOjIsImZlYXR1cmVkX3Bvc2l0aW9uX2lkIjozNzc2ODUsInBvc2l0aW9uIjoxMCwiaXNfc3BvdGxpZ2h0IjpmYWxzZX0:1vtqc9:jsJEvotNs-4YNJZcmDfvpkTuBOJPfXPIhglw3eFHZEI,Serves United States,4.8201,10000,29,"['55% Blockchain', '35% Mobile App Development', '10% Web Development']",False
US,clutch.co,Rekos Agency,https://ppc.clutch.co/ppc/click/%3Fs%3DeyJkZWNpc2lvbl9pZCI6ImMzNWQyZWUwLTBkZTYtNGE3NC1hNWJkLTNlYWNhZGRhNTZlMyIsImltcHJlc3Npb25faWQiOiI3YTI1YWRhYy0wMWM4LTQ2ODgtYjE5My0yMjExMzc1M2VlYWQiLCJwcm92aWRlcl9pZCI6MjA2NzA4NywiZmVhdHVyZWRfbGlzdGluZ19pZCI6MiwiZmVhdHVyZWRfcG9zaXRpb25faWQiOjI2NDIwMywicG9zaXRpb24iOjExLCJpc19zcG90bGlnaHQiOmZhbHNlfQ:1vtqc9:qcPc2u3papO8o2DTUYIUi4t8E6AnCcmNVzM-mQPr5-o,Serves United States,4.926,5000,29,"['30% Web Development', '30% Web Design', '20% UX/UI Design']",False
US,clutch.co,Crest Coder Private Limited,https://ppc.clutch.co/ppc/click/%3Fs%3DeyJkZWNpc2lvbl9pZCI6ImMzNWQyZWUwLTBkZTYtNGE3NC1hNWJkLTNlYWNhZGRhNTZlMyIsImltcHJlc3Npb25faWQiOiJjNzVhMzI2Yy1kMDRhLTRkMmEtOTQ0YS0zYzM2MzM0NDBiOWYiLCJwcm92aWRlcl9pZCI6NzA3NjE5LCJmZWF0dXJlZF9saXN0aW5nX2lkIjoyLCJmZWF0dXJlZF9wb3NpdGlvbl9pZCI6Mzg2MjM1LCJwb3NpdGlvbiI6MTIsImlzX3Nwb3RsaWdodCI6ZmFsc2V9:1vtqc9:amXe9C0FtNbgQjSrs5Xoj2RYEKZMyYupdyFHuoqlpl0,Serves United States,4.734,5000,29,"['50% Web Development', '50% Mobile App Development']",False
US,clutch.co,Emergent Software,https://www.emergentsoftware.net/%3Futm_source%3Dclutch.co%26utm_medium%3Dreferral%26utm_campaign%3Dweb%2Bdevelopment%2Bus,"Minneapolis, MN",4.935,25000,29,"['30% Custom Software Development', '25% Web Development']",False
US,clutch.co,Clockwork,https://www.clockwork.com/%3Futm_source%3Dclutch.co%26utm_medium%3Dreferral%26utm_campaign%3Ddirectory,"Minneapolis, MN",5.01,75000,29,"['20% Web Development', '20% Digital Strategy', '15% Custom Software Development', '15% Web Design', '10% Mobile App Development']",False
US,clutch.co,Appello Software,https://ppc.clutch.co/ppc/click/%3Fs%3DeyJkZWNpc2lvbl9pZCI6ImMzNWQyZWUwLTBkZTYtNGE3NC1hNWJkLTNlYWNhZGRhNTZlMyIsImltcHJlc3Npb25faWQiOiI3Y2JlN2FiYy00ZDk0LTQ2NWUtOTRmMy00NWQ3YmVjZmNkZGYiLCJwcm92aWRlcl9pZCI6NTk1MDY2LCJmZWF0dXJlZF9saXN0aW5nX2lkIjoyLCJmZWF0dXJlZF9wb3NpdGlvbl9pZCI6MjM2MTQyLCJwb3NpdGlvbiI6MTMsImlzX3Nwb3RsaWdodCI6ZmFsc2V9:1vtqc9:CaSVEB8smpveTjnwu-WRzfwc1koVxIXq7XiH81Ei4xE,Serves United States,4.933,50000,29,"['55% Mobile App Development', '35% Custom Software Development', '10% Web Development']",False
US,clutch.co,Read more,https://ppc.clutch.co/ppc/click/%3Fs%3DeyJkZWNpc2lvbl9pZCI6ImMzNWQyZWUwLTBkZTYtNGE3NC1hNWJkLTNlYWNhZGRhNTZlMyIsImltcHJlc3Npb25faWQiOiI5NGFiYjk1OS1iMjlhLTQ3NjUtYmI0NS1mMDc1NWQxOWVjN2YiLCJwcm92aWRlcl9pZCI6MjUxNjkxNSwiZmVhdHVyZWRfbGlzdGluZ19pZCI6MiwiZmVhdHVyZWRfcG9zaXRpb25faWQiOjM4MjQ2NywicG9zaXRpb24iOjE0LCJpc19zcG90bGlnaHQiOmZhbHNlfQ:1vtqc9:AaH_KOVguU75F2USe4rCIgYYMm3QicmiDnc_VN2-Ld0,United States,0.0,10000,29,"['20% Web Development', '20% AI Development', '20% Mobile App Development', '20% UX/UI Design']",False
US,clutch.co,ExpandX,https://ppc.clutch.co/ppc/click/%3Fs%3DeyJkZWNpc2lvbl9pZCI6ImMzNWQyZWUwLTBkZTYtNGE3NC1hNWJkLTNlYWNhZGRhNTZlMyIsImltcHJlc3Npb25faWQiOiJlNDkyODc5OC1iMTIxLTQwN2YtOGI3MC1lYjEzYjkwODRhMTMiLCJwcm92aWRlcl9pZCI6NzMyNTA0LCJmZWF0dXJlZF9saXN0aW5nX2lkIjoyLCJmZWF0dXJlZF9wb3NpdGlvbl9pZCI6Mzg1MTMxLCJwb3NpdGlvbiI6MTUsImlzX3Nwb3RsaWdodCI6ZmFsc2V9:1vtqc9:s3Rm8DV1v-xjmWnPVygwnkN5o_2Lf28WCaIMt2m7fMY,Serves United States,5.066,10000,11,"['30% Web Development', '20% E-Commerce Development', '10% Web Design']",False
US,clutch.co,Topflight Apps,https://topflightapps.com/%3Futm_source%3Dclutch.co%26utm_medium%3Dreferral%26utm_campaign%3Dus-web-developers,"Irvine, CA",4.94,50000,29,"['30% Mobile App Development', '15% Web Development', '15% UX/UI Design', '10% Low/No Code Development']",False
US,clutch.co,August Ash,https://www.augustash.com/%3Futm_source%3Dclutch.co%26utm_medium%3Dreferral%26utm_campaign%3Ddirectory,"Bloomington, MN",4.823,10000,29,"['30% Web Development', '10% Digital Strategy', '10% Pay Per Click', '10% Search Engine Optimization', '10% UX/UI Design', '10% Web Design']",False
US,clutch.co,"Six Feet Up, Inc.",https://sixfeetup.com/%3Futm_source%3Dclutch.co%26utm_medium%3Dreferral%26utm_campaign%3Ddirectory,"Fishers, IN",5.024,50000,29,"['50% Custom Software Development', '10% Web Development']",False
US,clutch.co,Synergy Labs,https://www.synergylabs.co/top-app-development,"Atlanta, GA",4.945,25000,29,"['60% Mobile App Development', '10% Web Development', '10% Custom Software Development', '10% Generative AI']",False
US,clutch.co,Bluelight,https://bluelight.co/landing/hire-top-us-web-developers%3Futm_source%3Dclutch.co%26utm_medium%3Dreferral%26utm_campaign%3Dus-web-developers,"Sacramento, CA",5.017,10000,29,"['30% Custom Software Development', '20% Web Development', '10% AI Development', '10% IT Staff Augmentation', '10% UX/UI Design']",False
US,clutch.co,AppMakers USA,https://appmakersla.com/clutch/mobile/us/%3Futm_source%3Dclutch.co%26utm_medium%3Dreferral%26utm_campaign%3Dprofile,"Los Angeles, CA",5.096,10000,29,"['55% Mobile App Development', '10% Web Development', '10% UX/UI Design']",False
US,clutch.co,Groundwrk,https://www.groundwrk.com/clutch-home/,"Denver, CO",5.017,25000,29,"['45% Web Design', '35% Web Development']",False
US,clutch.co,Moonstone Interactive,https://www.msinteractive.com/is-your-website-helping-you-grow/%3Futm_source%3Dclutch.co%26utm_medium%3Dreferral%26utm_campaign%3Dus-web-developers,"San Ramon, CA",5.011,10000,29,"['35% Web Development', '15% Web Design', '10% Custom Software Development', '10% Mobile App Development']",False
US,clutch.co,VALMAX,https://valmax.agency/%3Futm_source%3Dclutch.co%26utm_medium%3Dreferral%26utm_campaign%3Dprofile,"Chicago, IL",5.09,5000,29,"['35% Web Design', '20% UX/UI Design', '10% Web Development', '10% E-Commerce Development']",False
US,clutch.co,Phenomenon Studio,https://phenomenonstudio.com/%3Futm_source%3Dclutch.co%26utm_medium%3Dreferral%26utm_campaign%3Ddirectory,"Allentown, PA",5.05,10000,29,"['25% UX/UI Design', '15% Web Development', '10% Custom Software Development', '10% Low/No Code Development', '10% Mobile App Development', '10% Web Design']",False
US,clutch.co,Capitol Tech Solutions,https://www.capitoltechsolutions.com%3Futm_source%3Dclutch.co%26utm_medium%3Dreferral%26utm_campaign%3Ddirectory,"Sacramento, CA",5.014,10000,29,"['30% Web Development', '30% Custom Software Development', '10% IoT Development']",False
US,clutch.co,Red Foundry,http://www.redfoundry.com/%3Futm_source%3Dclutch.co%26utm_medium%3Dreferral,"Chicago, IL",4.845,50000,29,"['60% Mobile App Development', '20% Web Development', '10% UX/UI Design']",False
US,clutch.co,Facet Interactive,https://facetinteractive.com/services/web-msp%3Futm_source%3Dclutch.co%26utm_medium%3Dreferral%26utm_campaign%3Dus-web-developers,"El Segundo, CA",4.923,5000,29,"['10% Web Development', '10% Cloud Consulting & SI', '10% Custom Software Development', '10% Digital Strategy', '10% IT Staff Augmentation']",False
US,clutch.co,iTech4Web,https://itech4web.com/%3Futm_source%3Dclutch.co%26utm_medium%3Dreferral%26utm_campaign%3Ddirectory,"Lisle, IL",4.91,10000,29,"['70% Web Development', '30% UX/UI Design']",False
US,clutch.co,Saritasa,https://www.saritasa.com/%3Futm_source%3Dclutch.co%26utm_medium%3Dreferral%26utm_campaign%3Dclutch_profile,"Chicago, IL",4.8101,50000,29,"['40% Custom Software Development', '10% Web Development', '10% AI Development', '10% Mobile App Development']",False
US,clutch.co,Lform Design,https://lform.com%3Futm_source%3Dclutch.co%26utm_medium%3Dreferral%26utm_campaign%3Dus-web-developers,"Montclair, NJ",4.833,25000,29,"['35% Web Development', '35% Web Design', '10% UX/UI Design']",False
US,clutch.co,Coalition Technologies,https://coalitiontechnologies.com/contact/%3Futm_source%3Dclutch.co%26utm_medium%3Dreferral%26utm_campaign%3Ddirectory,"Austin, TX",4.8158,1000,2,"['70% Search Engine Optimization', '10% Web Development', '10% Web Design']",False
US,clutch.co,Buzzworthy Studio,https://buzzworthystudio.com/contact,"Brooklyn, NY",5.021,25000,29,"['25% Web Development', '25% E-Commerce Development', '15% Custom Software Development', '10% Search Engine Optimization']",False
US,clutch.co,Twin Sun,https://twinsunsolutions.com/%3Futm_source%3Dclutch.co%26utm_medium%3Dreferral%26utm_campaign%3Dus-web-developers,"Nashville, TN",5.02,25000,29,"['25% Web Development', '25% Custom Software Development', '10% Generative AI', '5% AI Development', '5% UX/UI Design']",False
US,clutch.co,VOLTAGE,https://voltage.digital/%3Futm_source%3Dclutch.co%26utm_medium%3Dreferral%26utm_campaign%3Ddirectory,"Kansas City, MO",5.09,5000,29,"['25% Search Engine Optimization', '20% Web Development', '20% Pay Per Click', '15% Web Design']",False
US,clutch.co,"New Target, Inc. - The Digital Agency",http://www.newtarget.com/%3Futm_source%3Dclutch.co%26utm_medium%3Dreferral%26utm_campaign%3Ddirectory,"Alexandria, VA",4.932,10000,29,"['20% Web Development', '20% Search Engine Optimization', '10% Branding', '10% Pay Per Click']",False
US,clutch.co,Troy Web Consulting,https://www.troyweb.com,"Cohoes, NY",4.913,25000,29,"['25% Custom Software Development', '20% Web Development', '15% UX/UI Design', '15% Web Design', '10% AI Development']",False
US,clutch.co,Mantyweb LLC,https://mantyweb.com/web-services/%3Futm_source%3Dclutch.co%26utm_medium%3Dreferral%26utm_campaign%3Dus-web-developers,"Cypress, TX",5.01,5000,29,"['50% Web Development', '15% Pay Per Click', '10% Digital Strategy', '10% Web Design']",False
US,clutch.co,Big Red Jelly,https://bigredjelly.com%3Futm_source%3Dclutch.co%26utm_medium%3Dreferral%26utm_campaign%3Dus-web-developers,"Provo, UT",4.916,1000,29,"['20% Branding', '10% Web Development', '10% Digital Strategy', '10% Search Engine Optimization', '5% Pay Per Click']",False
US,clutch.co,Taoti Creative,https://taoti.com/%3Futm_source%3Dclutch.co%26utm_medium%3Dreferral%26utm_campaign%3Dus-web-developers,"Washington, DC",4.916,25000,29,"['20% Web Development', '10% Digital Strategy', '10% UX/UI Design']",False
US,clutch.co,Imarc,https://info.imarc.com/top-web-development-agency-on-clutch,"Amesbury, MA",4.833,75000,29,"['25% Web Development', '25% Web Design', '15% AI Development', '15% UX/UI Design']",False
US,clutch.co,NEWMEDIA.COM,https://newmedia.com/%3Futm_source%3Dclutch.co%26utm_medium%3Dreferral%26utm_campaign%3Ddirectory,"Denver, CO",5.021,10000,29,"['15% Web Development', '15% Search Engine Optimization', '10% Digital Strategy', '10% E-Commerce Development', '10% Web Design']",False
US,clutch.co,Plaudit Design,https://www.plaudit.com/%3Futm_source%3Dclutch.co%26utm_medium%3Dreferral,"New York, NY",5.01,25000,23,"['25% Web Development', '25% Web Design', '15% Pay Per Click', '15% Search Engine Optimization']",False
US,clutch.co,Landslide Creative,https://landslidecreative.com/%3Futm_source%3Dclutch.co%26utm_medium%3Dreferral%26utm_campaign%3Ddirectory,"Nashville, TN",4.98,10000,29,"['30% Web Development', '30% Web Design', '10% Search Engine Optimization']",False
US,clutch.co,CyberOptik,https://www.cyberoptik.net/%3Futm_source%3Dclutch.co%26utm_medium%3Dreferral%26utm_campaign%3Ddirectory,"Elmhurst, IL",4.987,1000,29,"['50% Web Design', '10% Web Development', '10% Pay Per Click', '10% Search Engine Optimization', '10% UX/UI Design']",False
US,clutch.co,Dragon Army,https://dragonarmy.com/our-work%3Futm_source%3Dclutch.co%26utm_medium%3Dreferral%26utm_campaign%3Dus-web-developers,"Atlanta, GA",4.916,25000,29,"['20% Web Development', '20% Web Design', '15% UX/UI Design', '10% Mobile App Development']",False
US,clutch.co,Non-Linear Studio,https://non-linear.studio/%3Futm_source%3Dclutch.co%26utm_medium%3Dreferral%26utm_campaign%3Ddirectory,"Park City, UT",5.05,25000,29,"['40% Web Development', '40% Web Design', '20% Branding']",False
US,clutch.co,Gatorworks,https://gatorworks.net/%3Futm_source%3Dclutch.co%26utm_medium%3Dreferral%26utm_campaign%3Ddirectory,"Baton Rouge, LA",4.925,10000,29,"['20% Digital Strategy', '20% Web Design', '10% Web Development', '10% Pay Per Click']",False
US,clutch.co,LaunchPad Lab,https://launchpadlab.com/%3Futm_source%3Dclutch.co%26utm_medium%3Dreferral%26utm_campaign%3Dus-web-developers,"Chicago, IL",4.842,10000,29,"['20% Web Development', '15% AI Development', '15% Custom Software Development', '10% Cloud Consulting & SI']",False
US,clutch.co,ParallelStaff,https://parallelstaff.com,"Richardson, TX",4.88,25000,29,"['40% IT Staff Augmentation', '10% Web Development', '10% AI Development', '10% Cloud Consulting & SI', '10% Custom Software Development', '10% Mobile App Development']",False
US,clutch.co,Jalasoft,https://jalasoft.com/%3Futm_source%3Dclutch.co%26utm_medium%3Dreferral%26utm_campaign%3Ddirectory,"Houston, TX",4.97,100000,29,"['20% IT Staff Augmentation', '10% Web Development', '10% Application Testing', '10% Blockchain', '10% Custom Software Development', '10% Mobile App Development']",False
US,clutch.co,Visceral,https://thisisvisceral.com%3Futm_source%3Dclutch.co%26utm_medium%3Dreferral%26utm_campaign%3Dseo-firms,"San Diego, CA",5.025,50000,29,"['30% Web Design', '25% Web Development', '15% Digital Strategy', '5% Search Engine Optimization']",False
US,clutch.co,Windmill Strategy,https://www.windmillstrategy.com/%3Futm_source%3Dclutch.co%26utm_medium%3Dreferral%26utm_campaign%3Ddirectory,"Minneapolis, MN",4.924,25000,29,"['25% Web Development', '25% Digital Strategy', '25% Web Design']",False
US,clutch.co,Eastern Standard,https://easternstandard.com/%3Futm_source%3Dclutch.co%26utm_medium%3Dreferral%26utm_campaign%3Dus-web-developers,"Philadelphia, PA",5.06,25000,29,"['25% Web Development', '25% Web Design', '15% UX/UI Design', '10% Digital Strategy', '10% Search Engine Optimization']",False
US,clutch.co,Coherent Solutions,https://ppc.clutch.co/ppc/click/%3Fs%3DeyJkZWNpc2lvbl9pZCI6ImMyODQ2OGFmLTJmOTctNDQxYi05ZWUyLThkMzliZGE1YjkxNyIsImltcHJlc3Npb25faWQiOiJiYzM4Njc1Zi1mNzk1LTQ1ZjMtYmQyYi0wZjZmMmM5ZmJjMWYiLCJwcm92aWRlcl9pZCI6ODI0NDksImZlYXR1cmVkX2xpc3RpbmdfaWQiOjIsImZlYXR1cmVkX3Bvc2l0aW9uX2lkIjozNDgyODIsInBvc2l0aW9uIjoxLCJpc19zcG90bGlnaHQiOmZhbHNlfQ:1vtqcJ:_seRZO4wSaR0xrQiQ2ryx9E8tUHA5OQP0-JtQGa73b0,Serves United States,4.73,50000,29,"['30% AI Development', '15% Web Development', '10% Cloud Consulting & SI']",False
US,clutch.co,Proven,https://ppc.clutch.co/ppc/click/%3Fs%3DeyJkZWNpc2lvbl9pZCI6ImMyODQ2OGFmLTJmOTctNDQxYi05ZWUyLThkMzliZGE1YjkxNyIsImltcHJlc3Npb25faWQiOiIyZWEzZjJiOS1hNTNmLTRjOWMtYTRhYy02MzM2Y2VhNDk5MTUiLCJwcm92aWRlcl9pZCI6MzUwNTgwLCJmZWF0dXJlZF9saXN0aW5nX2lkIjoyLCJmZWF0dXJlZF9wb3NpdGlvbl9pZCI6MjM3OTU4LCJwb3NpdGlvbiI6MiwiaXNfc3BvdGxpZ2h0IjpmYWxzZX0:1vtqcJ:3rngrhq1csIZlsze3covfflSq0QT2tEck8jsxgRfwfI,Serves United States,4.912,25000,29,"['25% Web Development', '25% Web Design', '10% Custom Software Development', '10% UX/UI Design']",False
US,clutch.co,Storm Brain,https://ppc.clutch.co/ppc/click/%3Fs%3DeyJkZWNpc2lvbl9pZCI6ImMyODQ2OGFmLTJmOTctNDQxYi05ZWUyLThkMzliZGE1YjkxNyIsImltcHJlc3Npb25faWQiOiIwNDA1YjgzZS04OTY5LTQxNWQtYWUzOS02NTE5MjJmNDFkMWQiLCJwcm92aWRlcl9pZCI6MTQ0MzUyLCJmZWF0dXJlZF9saXN0aW5nX2lkIjoyLCJmZWF0dXJlZF9wb3NpdGlvbl9pZCI6MzAzNTk5LCJwb3NpdGlvbiI6MywiaXNfc3BvdGxpZ2h0IjpmYWxzZX0:1vtqcJ:GktlL13_Cfbq8Rn1kAXEdb_bLkPQWF1LmQgP5Vpv6dI,Serves United States,5.0124,10000,29,"['40% Web Design', '20% Web Development', '10% E-Commerce Development', '10% Pay Per Click', '10% Search Engine Optimization']",False
US,clutch.co,The Media Captain,https://www.themediacaptain.com/%3Futm_source%3Dclutch.co%26utm_medium%3Dreferral%26utm_campaign%3Ddirectory,"Columbus, OH",4.946,1000,29,"['35% Web Design', '15% Search Engine Optimization', '10% Web Development']",False
US,clutch.co,Agency Jet,https://www.agencyjet.com/%3Futm_source%3Dclutch.co%26utm_medium%3Dreferral%26utm_campaign%3Ddirectory,"Las Vegas, NV",4.855,1000,29,"['35% Search Engine Optimization', '25% Web Development', '15% Pay Per Click']",False
US,clutch.co,DRUM'N'CODE,https://ppc.clutch.co/ppc/click/%3Fs%3DeyJkZWNpc2lvbl9pZCI6ImMyODQ2OGFmLTJmOTctNDQxYi05ZWUyLThkMzliZGE1YjkxNyIsImltcHJlc3Npb25faWQiOiI3OTM5NTE2OC1jY2RjLTQ0ZWYtODI5Yy00ZTcxNDRmYjI5MzQiLCJwcm92aWRlcl9pZCI6MTE1NDM1OCwiZmVhdHVyZWRfbGlzdGluZ19pZCI6MiwiZmVhdHVyZWRfcG9zaXRpb25faWQiOjI1OTc1OCwicG9zaXRpb24iOjQsImlzX3Nwb3RsaWdodCI6ZmFsc2V9:1vtqcJ:BdxMepjfAf0N1J0kyO_O4o69NcBXvf1s9f6CpsEMN38,Serves United States,5.025,1000,29,"['30% Web Development', '30% Custom Software Development', '15% Web Design', '10% Mobile App Development']",False
US,clutch.co,Appunite,https://ppc.clutch.co/ppc/click/%3Fs%3DeyJkZWNpc2lvbl9pZCI6ImMyODQ2OGFmLTJmOTctNDQxYi05ZWUyLThkMzliZGE1YjkxNyIsImltcHJlc3Npb25faWQiOiJjYWFiM2MwZS0yYTAzLTRjY2UtYTQzYy0yYTMxMmU0YzdlNDciLCJwcm92aWRlcl9pZCI6MzMyMTgsImZlYXR1cmVkX2xpc3RpbmdfaWQiOjIsImZlYXR1cmVkX3Bvc2l0aW9uX2lkIjoyMzc2MzYsInBvc2l0aW9uIjo1LCJpc19zcG90bGlnaHQiOmZhbHNlfQ:1vtqcJ:UghFtdlxOZ9Bw8C6jICb0J3uFw_UrFn8tmMKOOXxu4E,Serves United States,4.921,10000,29,"['20% Web Development', '20% Custom Software Development', '10% E-Commerce Development', '10% Generative AI', '10% Low/No Code Development', '10% Web Design']",False
US,clutch.co,TKX Media,https://ppc.clutch.co/ppc/click/%3Fs%3DeyJkZWNpc2lvbl9pZCI6ImMyODQ2OGFmLTJmOTctNDQxYi05ZWUyLThkMzliZGE1YjkxNyIsImltcHJlc3Npb25faWQiOiJkYzA3OWIyNC0yMjA3LTQ4ODYtOTY4My1lODgwMTJjZGM1ZTIiLCJwcm92aWRlcl9pZCI6MjUzMTE5NCwiZmVhdHVyZWRfbGlzdGluZ19pZCI6MiwiZmVhdHVyZWRfcG9zaXRpb25faWQiOjM1MTI2MSwicG9zaXRpb24iOjYsImlzX3Nwb3RsaWdodCI6ZmFsc2V9:1vtqcJ:t5t1-7zCAOH_0xEYLEQyncosF4D_8UnGrJeM_DRWjT0,Serves United States,5.012,5000,29,"['40% Search Engine Optimization', '40% Web Design', '20% Advertising']",False
US,clutch.co,Flamingo Agency,https://www.flamingoagency.com%3Futm_source%3Dclutch.co%26utm_medium%3Dreferral,"Chicago, IL",5.052,1000,29,"['80% Web Design', '10% Web Development', '10% Search Engine Optimization']",False
US,clutch.co,ThreeSixtyEight,https://www.threesixtyeight.com/clutch%3Futm_source%3Dclutch%26utm_medium%3Dreferral,"Baton Rouge, LA",4.951,25000,29,"['35% Web Design', '15% Web Development', '15% Low/No Code Development', '10% UX/UI Design']",False
US,clutch.co,Atmosphere Apps,https://www.atmosphereapps.com/clutch/%3Futm_source%3Dclutch.co%26utm_medium%3Dreferral%26utm_campaign%3Dus-web-developers,"Gainesville, FL",4.918,25000,29,"['30% Mobile App Development', '20% Web Development', '10% AI Development']",False
US,clutch.co,Isadora Agency,https://isadoradigitalagency.com%3Futm_source%3Dclutch.co%26utm_medium%3Dreferral%26utm_campaign%3Dus-web-developers,"Manhattan Beach, CA",4.818,75000,29,"['25% Web Development', '25% Pay Per Click', '20% Web Design', '10% UX/UI Design']",False
US,clutch.co,GenAI.Labs USA,https://www.genai-labs.io%3Futm_source%3Dclutch.co%26utm_medium%3Dreferral%26utm_campaign%3Dus-web-developers,"San Diego, CA",5.023,5000,29,"['50% AI Development', '10% Web Development', '10% Mobile App Development']",False
US,clutch.co,Geniusee,https://ppc.clutch.co/ppc/click/%3Fs%3DeyJkZWNpc2lvbl9pZCI6ImMyODQ2OGFmLTJmOTctNDQxYi05ZWUyLThkMzliZGE1YjkxNyIsImltcHJlc3Npb25faWQiOiJlN2JkZGM5YS0wYWU3LTQ4YTctODI3My0wZjA5ZTBkMDAzMzMiLCJwcm92aWRlcl9pZCI6MTUzOTkxLCJmZWF0dXJlZF9saXN0aW5nX2lkIjoyLCJmZWF0dXJlZF9wb3NpdGlvbl9pZCI6Mjg5NjUxLCJwb3NpdGlvbiI6NywiaXNfc3BvdGxpZ2h0IjpmYWxzZX0:1vtqcJ:ynPd-iqPegJMTaYUKk1EE6NQZ8GVRr9DUjrrgUGMChQ,Serves United States,5.067,50000,14,"['40% Web Development', '40% Custom Software Development', '10% Cloud Consulting & SI']",False
US,clutch.co,"TRIARE, LLC",https://ppc.clutch.co/ppc/click/%3Fs%3DeyJkZWNpc2lvbl9pZCI6ImMyODQ2OGFmLTJmOTctNDQxYi05ZWUyLThkMzliZGE1YjkxNyIsImltcHJlc3Npb25faWQiOiI0OTNhYjVmNy02MmJiLTQ4NGItOWZkMi1kZTQ2ZjVkMzhiNWMiLCJwcm92aWRlcl9pZCI6Njg3NjgxLCJmZWF0dXJlZF9saXN0aW5nX2lkIjoyLCJmZWF0dXJlZF9wb3NpdGlvbl9pZCI6MjM5ODU0LCJwb3NpdGlvbiI6OCwiaXNfc3BvdGxpZ2h0IjpmYWxzZX0:1vtqcJ:8_tZ8UWnm5zPyW8OSu8V7M96qxrXzaIUSP6QpgvUxRI,Serves United States,4.937,10000,29,"['41% Mobile App Development', '35% Web Development', '12% UX/UI Design']",False
US,clutch.co,Arounda,https://ppc.clutch.co/ppc/click/%3Fs%3DeyJkZWNpc2lvbl9pZCI6ImMyODQ2OGFmLTJmOTctNDQxYi05ZWUyLThkMzliZGE1YjkxNyIsImltcHJlc3Npb25faWQiOiI2ZjRkZjUzMy01ZTZkLTQxZWEtODlmNS01OTk3ZWU1OGY0NDUiLCJwcm92aWRlcl9pZCI6MTE1MzA3MCwiZmVhdHVyZWRfbGlzdGluZ19pZCI6MiwiZmVhdHVyZWRfcG9zaXRpb25faWQiOjM3MzE4NywicG9zaXRpb24iOjksImlzX3Nwb3RsaWdodCI6ZmFsc2V9:1vtqcJ:CFW-MvVLSCIhIFngrjTwg7_WJHh2Qgfad1r2Fo19xyI,United States,5.072,25000,29,"['30% Web Development', '30% UX/UI Design', '10% Branding']",False
US,clutch.co,LookFar Labs,http://lookfar.com/labs%3Futm_source%3Dclutch.co%26utm_medium%3Dreferral,"New Orleans, LA",4.926,50000,29,"['15% Web Development', '15% Custom Software Development', '15% UX/UI Design', '10% AI Development', '10% E-Commerce Development', '10% Mobile App Development']",False
US,clutch.co,Blacksmith Agency,https://blacksmith.agency/web-design-development-clutch/%3Futm_source%3Dclutch%26utm_medium%3Dreferral%26utm_campaign%3Dprofile,"Phoenix, AZ",4.717,50000,29,"['30% Web Development', '30% Web Design', '10% Custom Software Development']",False
US,clutch.co,Dev Technosys,https://ppc.clutch.co/ppc/click/%3Fs%3DeyJkZWNpc2lvbl9pZCI6ImMyODQ2OGFmLTJmOTctNDQxYi05ZWUyLThkMzliZGE1YjkxNyIsImltcHJlc3Npb25faWQiOiI1ZDEyMjA4NC00ZjE1LTRjYTEtOTU1ZC1lZDY4ODkyOTg0YzMiLCJwcm92aWRlcl9pZCI6NDYzMzQsImZlYXR1cmVkX2xpc3RpbmdfaWQiOjIsImZlYXR1cmVkX3Bvc2l0aW9uX2lkIjozNzc2ODUsInBvc2l0aW9uIjoxMCwiaXNfc3BvdGxpZ2h0IjpmYWxzZX0:1vtqcJ:LsGN4mUZjmp5rXKyrtuAeIuJt5L7z-l4XlJbRrBtI3E,Serves United States,4.8201,10000,100,"['55% Blockchain', '35% Mobile App Development', '10% Web Development']",False
US,clutch.co,Rekos Agency,https://ppc.clutch.co/ppc/click/%3Fs%3DeyJkZWNpc2lvbl9pZCI6ImMyODQ2OGFmLTJmOTctNDQxYi05ZWUyLThkMzliZGE1YjkxNyIsImltcHJlc3Npb25faWQiOiJjYjM0MTVlZC0zNmFiLTRiY2QtYjk5Yy01YzgxNjMzZGM2ZjQiLCJwcm92aWRlcl9pZCI6MjA2NzA4NywiZmVhdHVyZWRfbGlzdGluZ19pZCI6MiwiZmVhdHVyZWRfcG9zaXRpb25faWQiOjI2NDIwMywicG9zaXRpb24iOjExLCJpc19zcG90bGlnaHQiOmZhbHNlfQ:1vtqcJ:kDSvI-pW81eFo0_W-HAa8V85bvlldg5z16YKbhZ6u0k,Serves United States,4.926,5000,29,"['30% Web Development', '30% Web Design', '20% UX/UI Design']",False
US,clutch.co,Crest Coder Private Limited,https://ppc.clutch.co/ppc/click/%3Fs%3DeyJkZWNpc2lvbl9pZCI6ImMyODQ2OGFmLTJmOTctNDQxYi05ZWUyLThkMzliZGE1YjkxNyIsImltcHJlc3Npb25faWQiOiI2MWRhZmU4Zi1kOWMzLTQ2NWMtODkyYi0yOWNiYTZmOTIwMWQiLCJwcm92aWRlcl9pZCI6NzA3NjE5LCJmZWF0dXJlZF9saXN0aW5nX2lkIjoyLCJmZWF0dXJlZF9wb3NpdGlvbl9pZCI6Mzg2MjM1LCJwb3NpdGlvbiI6MTIsImlzX3Nwb3RsaWdodCI6ZmFsc2V9:1vtqcJ:Y2odFtBBRe_fZc3u_SVuH1dioPyRoWpGDcw61O9TL6I,Serves United States,4.734,5000,29,"['50% Web Development', '50% Mobile App Development']",False
US,clutch.co,Dotlogics,https://www.dotlogics.com/services/website-and-digital-experience%3Futm_source%3Dclutch.co%26utm_medium%3Dreferral%26utm_campaign%3Ddirectory,"Hicksville, NY",5.028,25000,29,"['50% Web Design', '15% Digital Strategy', '10% Web Development', '10% Low/No Code Development']",False
US,clutch.co,Burst Digital,https://burstdgtl.com/%3Futm_source%3Dclutch.co%26utm_medium%3Dreferral%26utm_campaign%3Dprofile,"New York, NY",4.926,5000,29,"['10% Web Development', '10% Branding', '10% Pay Per Click', '10% Search Engine Optimization']",False
US,clutch.co,Appello Software,https://ppc.clutch.co/ppc/click/%3Fs%3DeyJkZWNpc2lvbl9pZCI6ImMyODQ2OGFmLTJmOTctNDQxYi05ZWUyLThkMzliZGE1YjkxNyIsImltcHJlc3Npb25faWQiOiIzZWJmNWZlOS04ZjE0LTQzNDktYTMyZi1lMmI5ZGI3YjIzYTkiLCJwcm92aWRlcl9pZCI6NTk1MDY2LCJmZWF0dXJlZF9saXN0aW5nX2lkIjoyLCJmZWF0dXJlZF9wb3NpdGlvbl9pZCI6MjM2MTQyLCJwb3NpdGlvbiI6MTMsImlzX3Nwb3RsaWdodCI6ZmFsc2V9:1vtqcJ:RdrhPbHE9Dnp55nql7Tg3Gz_S4VkKRVhHuEXVjFFcpg,Serves United States,4.933,50000,33,"['55% Mobile App Development', '35% Custom Software Development', '10% Web Development']",False
US,clutch.co,Read more,https://ppc.clutch.co/ppc/click/%3Fs%3DeyJkZWNpc2lvbl9pZCI6ImMyODQ2OGFmLTJmOTctNDQxYi05ZWUyLThkMzliZGE1YjkxNyIsImltcHJlc3Npb25faWQiOiJhYzMwNWYyMC1kZjE1LTRmY2UtYmRkNC0wNjM1OTQzMjhjMWIiLCJwcm92aWRlcl9pZCI6MjUxNjkxNSwiZmVhdHVyZWRfbGlzdGluZ19pZCI6MiwiZmVhdHVyZWRfcG9zaXRpb25faWQiOjM4MjQ2NywicG9zaXRpb24iOjE0LCJpc19zcG90bGlnaHQiOmZhbHNlfQ:1vtqcJ:JDkQ5hnWglMeylHejpJf_sL5F6PIZ8ibTgaKqJgzdvw,United States,0.0,10000,29,"['20% Web Development', '20% AI Development', '20% Mobile App Development', '20% UX/UI Design']",False
US,clutch.co,ExpandX,https://ppc.clutch.co/ppc/click/%3Fs%3DeyJkZWNpc2lvbl9pZCI6ImMyODQ2OGFmLTJmOTctNDQxYi05ZWUyLThkMzliZGE1YjkxNyIsImltcHJlc3Npb25faWQiOiI1ODczNDRiZC1lMzYyLTQwYTctYTNhNy00ZTJmOGIzMWU5NWIiLCJwcm92aWRlcl9pZCI6NzMyNTA0LCJmZWF0dXJlZF9saXN0aW5nX2lkIjoyLCJmZWF0dXJlZF9wb3NpdGlvbl9pZCI6Mzg1MTMxLCJwb3NpdGlvbiI6MTUsImlzX3Nwb3RsaWdodCI6ZmFsc2V9:1vtqcJ:YMHW9m4fkOPmTEvDxb0TslaZEfnryW9X7CMl5qCKzdk,Serves United States,5.066,10000,11,"['30% Web Development', '20% E-Commerce Development', '10% Web Design']",False
US,clutch.co,Hooked On Code,https://hookedoncode.com/%3Futm_source%3Dclutch.co%26utm_medium%3Dreferral%26utm_campaign%3Ddirectory,"Dallas, TX",5.034,5000,29,"['50% Web Design', '20% Web Development', '10% Low/No Code Development']",False
US,clutch.co,Cantilever Web Design & Development,http://cantilever.co/%3Futm_source%3Dclutch.co%26utm_medium%3Dreferral,"New York, NY",4.934,10000,29,"['40% Web Development', '40% Web Design']",False
US,clutch.co,Embark,https://embarkwork.com/%3Futm_source%3Dclutch.co%26utm_medium%3Dreferral%26utm_campaign%3Ddirectory,"Corona, CA",5.017,5000,29,"['40% Web Design', '25% Web Development']",False
US,clutch.co,"Blueshoon, inc",http://www.blueshoon.com/%3Fsource%3Dclutch%26utm_source%3Dclutch.co%26utm_medium%3Dreferral%26utm_campaign%3Ddirectory,"Chicago, IL",4.83,10000,29,"['50% Web Development', '25% Web Design', '12% E-Commerce Development']",False
US,clutch.co,Captivation Agency,https://captivation.agency/%3Futm_source%3Dclutch.co%26utm_medium%3Dreferral%26utm_campaign%3Dvendor-profile,"Sarasota, FL",5.019,5000,29,"['20% Branding', '15% Web Development', '10% Low/No Code Development', '10% Web Design']",False
US,clutch.co,Bilberrry,https://bilberrry.com/%3Futm_source%3Dclutch.co%26utm_campaign%3Dclutch_software,"Seattle, WA",5.034,25000,29,"['50% Custom Software Development', '10% Web Development', '10% Web Design']",False
US,clutch.co,Rootstack,http://www.rootstack.com/%3Futm_source%3Dother%26utm_medium%3Dclutch.co%26utm_campaign%3Ddirectory,"Austin, TX",4.82,10000,29,"['30% Custom Software Development', '20% IT Staff Augmentation', '20% Mobile App Development', '10% Web Development']",False
US,clutch.co,thunder::tech,https://www.thundertech.com/%3Futm_source%3Dclutch%26utm_medium%3Dreferral,"Cleveland, OH",4.716,10000,29,"['10% Web Development', '10% Pay Per Click', '10% Search Engine Optimization', '10% Web Design']",False
US,clutch.co,Black Airplane,https://www.blackairplane.com/%3Futm_source%3Dclutch.co%26utm_medium%3Dreferral%26utm_campaign%3Ddirectory,"Woodstock, GA",4.913,25000,29,"['30% Custom Software Development', '25% Web Design', '20% Web Development']",False
US,clutch.co,Tepia,https://www.tepia.co/%3Futm_source%3Dclutch.co%26utm_medium%3Dreferral%26utm_campaign%3Ddirectory,"Atlanta, GA",4.939,50000,14,"['50% Mobile App Development', '10% Web Development', '10% Custom Software Development']",False
US,clutch.co,Cascade Web Development,https://cascadewebdev.com/%3Futm_source%3Dclutch.co%26utm_medium%3Dreferral%26utm_campaign%3Ddirectory,"West Linn, OR",4.71,5000,29,"['40% Web Development', '10% E-Commerce Development', '10% Search Engine Optimization', '10% Web Design']",False
US,clutch.co,Zealth Digital Marketing,https://zealth.net,"Downers Grove, IL",5.016,5000,29,"['30% Web Development', '30% Web Design', '15% Search Engine Optimization', '10% UX/UI Design']",False
US,clutch.co,Ajroni,https://ajroni.com%3Futm_source%3Dclutch.co%26utm_medium%3Dreferral%26utm_campaign%3Dus-web-developers,"Atlanta, GA",5.09,1000,29,"['20% Web Development', '20% Web Design', '10% E-Commerce Development', '10% Mobile App Development', '10% Pay Per Click', '10% Search Engine Optimization', '10% UX/UI Design']",False
US,clutch.co,ThirstySprout,https://www.thirstysprout.com/,"Seattle, WA",5.022,50000,29,"['20% Generative AI', '10% Web Development', '10% AI Development', '10% Custom Software Development', '10% Low/No Code Development', '10% Mobile App Development']",False
US,clutch.co,App Maisters Inc.,https://www.appmaisters.com/%3Futm_source%3Dclutch%2B%26utm_medium%3Dclutch%2B%26utm_id%3Dhome%2B,"Dallas, TX",4.923,5000,23,"['25% Mobile App Development', '10% Web Development', '10% Cloud Consulting & SI', '10% Custom Software Development', '5% Generative AI', '5% IoT Development']",False
US,clutch.co,imaga ~ When UX & AI Both Matter,https://imaga.ai%3Futm_source%3Dclutch.co%26utm_medium%3Dreferral%26utm_campaign%3Dweb-developers-usa,"San Mateo, CA",4.928,10000,29,"['20% Web Development', '20% AI Development', '20% E-Commerce Development', '20% Mobile App Development']",False
US,clutch.co,Very,https://www.verytechnology.com/book-a-meeting,"Bozeman, MT",4.819,250000,29,"['35% IoT Development', '10% Web Development', '10% Mobile App Development', '10% UX/UI Design', '10% Web Design']",False
US,clutch.co,Cleartail Marketing,https://cleartailmarketing.com/%3Futm_source%3Dclutch.co%26utm_medium%3Dreferral%26utm_campaign%3Ddirectory,"St. Petersburg, FL",4.917,1000,29,"['35% Web Development', '35% Search Engine Optimization', '30% Pay Per Click']",False
US,clutch.co,Mojo Media,https://mojo-agency.com/%3Futm_source%3Dclutch.co%26utm_medium%3Dreferral%26utm_campaign%3Ddirectory,"Austin, TX",5.05,1000,29,"['70% Web Design', '10% Web Development']",False
US,clutch.co,Neologic Software,http://neologic.dev/%3Futm_source%3Dclutch.co%26utm_medium%3Dreferral%26utm_campaign%3Ddirectory,"Northbrook, IL",5.044,5000,29,"['40% Custom Software Development', '25% Web Development']",False
US,clutch.co,Anderson Collaborative™,http://andersoncollaborative.com%3Futm_source%3Dclutch.co%26utm_medium%3Dreferral%26utm_campaign%3Dus-web-developers,"Fort Lauderdale, FL",4.923,5000,29,"['10% Web Development', '10% Pay Per Click', '10% Web Design']",False
US,clutch.co,ActiveColor,https://www.activecolor.com/%3Futm_source%3Dclutch.co%26utm_medium%3Dreferral%26utm_campaign%3Ddirectory,"Los Angeles, CA",5.016,25000,29,"['30% UX/UI Design', '25% Web Development', '15% Low/No Code Development', '10% Web Design']",False
US,clutch.co,MeanPug Digital,https://www.meanpug.com/contact-us/%3Futm_source%3Dclutch.co%26utm_medium%3Dreferral%26utm_campaign%3Ddirectory,"New York, NY",5.01,10000,29,"['35% Search Engine Optimization', '10% Web Development', '10% Custom Software Development', '10% Web Design']",False
US,clutch.co,Lil Big Things,https://www.lilbigthings.com%3Futm_source%3Dclutch.co%26utm_medium%3Dreferral%26utm_campaign%3Dus-web-developers,"New York, NY",5.011,1000,100,"['35% Web Development', '25% Web Design', '10% AI Development', '10% UX/UI Design', '5% E-Commerce Development']",False
US,clutch.co,Pen & Mug,https://penandmug.com/%3Futm_source%3Dclutch.co%26utm_medium%3Dreferral%26utm_campaign%3Ddirectory,"Nashville, TN",5.041,10000,29,"['20% Branding', '20% Web Design', '15% Web Development', '15% UX/UI Design']",False
US,clutch.co,Symmetri Marketing,https://symmetrimarketing.com/%3Futm_source%3Dclutch.co%26utm_medium%3Dreferral%26utm_campaign%3Ddirectory,"Chicago, IL",4.88,50000,29,"['35% Web Development', '25% UX/UI Design', '10% Web Design']",False
US,clutch.co,Lightspace,https://www.lightspace.com/%3Futm_source%3Dclutch.co%26utm_medium%3Dreferral%26utm_campaign%3Dus-web-developers,"San Diego, CA",5.013,10000,29,"['25% Branding', '15% Web Development', '15% Low/No Code Development', '15% UX/UI Design', '10% Web Design']",False
US,clutch.co,Jax Media Team,https://jaxmediateam.com/%3Futm_source%3Dclutch.co%26utm_medium%3Dreferral%26utm_campaign%3Ddirectory,"Jacksonville, FL",5.027,1000,29,"['35% Search Engine Optimization', '15% Web Development', '10% Web Design']",False
US,clutch.co,Idea Maker,https://ideamaker.agency%3Futm_source%3Dclutch.co%26utm_medium%3Dreferral%26utm_campaign%3Dus-web-developers,"Irvine, CA",4.927,25000,29,"['20% Web Development', '20% AI Development', '20% Mobile App Development', '20% Web Design']",False
US,clutch.co,Materiell,https://materiell.com/%3Futm_source%3Dclutch.co%26utm_medium%3Dreferral%26utm_campaign%3Ddirectory,"Arlington, VA",4.927,25000,29,"['45% Web Development', '10% Cloud Consulting & SI']",False
US,clutch.co,Five Pack,https://fivepackcreative.com/%3Futm_source%3Dclutch.co%26utm_medium%3Dreferral%26utm_campaign%3Dus-web-developers,"Atlanta, GA",4.919,50000,4,"['35% Mobile App Development', '20% IT Staff Augmentation', '15% Web Development', '10% UX/UI Design']",False
US,clutch.co,Designocracy,https://thedesignocracy.com/web-design-and-development%3Futm_source%3Dclutch.co%26utm_medium%3Dreferral%26utm_campaign%3Ddirectory,"Dover, DE",5.029,5000,29,"['35% Web Design', '20% Web Development', '15% Mobile App Development', '10% Search Engine Optimization']",False
US,clutch.co,Prolific Digital,https://prolificdigital.com/,"Louisville, KY",4.814,25000,29,"['25% Web Development', '25% Branding', '25% Web Design']",False
US,clutch.co,metajive,http://www.metajive.com/%3Futm_source%3Dclutch.co%26utm_medium%3Dreferral%26utm_campaign%3Ddirectory,"Encinitas, CA",4.93,100000,29,"['40% Web Design', '25% Web Development', '10% UX/UI Design']",False
US,clutch.co,Top Notch Dezigns®,https://www.topnotchdezigns.com/%3Futm_source%3Dclutch.co%26utm_medium%3Dreferral%26utm_campaign%3Ddirectory,"Los Angeles, CA",5.016,10000,16,"['50% Web Design', '10% Web Development', '10% Pay Per Click', '10% Search Engine Optimization', '10% UX/UI Design']",False
US,clutch.co,Proven,https://hs.proven.us/en/clutch%3Futm_source%3Dclutch.co%26utm_medium%3Dreferral%26utm_campaign%3Dus-web-developers,"Princeton, NJ",4.912,25000,29,"['25% Web Development', '25% Web Design', '10% Custom Software Development', '10% UX/UI Design']",False
US,clutch.co,Flower Press Interactive,https://www.theflowerpress.net,"Medina, WA",4.929,10000,29,"['20% AI Development', '15% UX/UI Design', '10% Web Development', '10% Branding', '10% Custom Software Development', '10% Mobile App Development', '10% Web Design']",False
US,clutch.co,Iron Forge Development,https://www.ironforge.co/%3Futm_source%3Dclutch.co%26utm_medium%3Dreferral%26utm_campaign%3Ddirectory,"Palm Beach Gardens, FL",4.819,25000,29,"['20% Custom Software Development', '10% Web Development', '10% Blockchain', '10% Mobile App Development', '10% UX/UI Design']",False
US,clutch.co,Fifteen4,https://fifteen4.com/%3Futm_source%3Dclutch.co%26utm_medium%3Dreferral%26utm_campaign%3Dus-web-developers,"Baltimore, MD",4.99,10000,29,"['15% Web Development', '15% Branding', '15% Web Design']",False
UK,clutch.co,Tech Alchemy,https://techalchemy.com/lp/web-dev%3Futm_source%3Dclutch.co%26utm_medium%3Dreferral%26utm_campaign%3Dta_clutch_web-development_uk,"London, England",5.033,25000,29,"['40% Blockchain', '20% Web Development', '10% Custom Software Development']",False
UK,clutch.co,Vention,https://ventionteams.com/%3Futm_source%3Dclutch%26utm_medium%3Dreferral%26utm_campaign%3Dprofile,"Wien, Austria",4.998,50000,5,"['10% Web Development', '10% Blockchain', '10% Cloud Consulting & SI', '10% Custom Software Development', '10% IT Staff Augmentation', '10% Mobile App Development']",False
UK,clutch.co,Uinno,https://uinno.io/product-development/web-development-services/%3Futm_source%3Dclutch.co%26utm_medium%3Dreferral%26utm_campaign%3Duk-web-developers,"Kingston upon Thames, England",4.927,10000,15,"['25% AI Development', '15% Low/No Code Development', '10% Web Development', '10% UX/UI Design', '5% IT Staff Augmentation']",False
UK,clutch.co,Journi,https://journi.uk%3Futm_source%3Dclutch.co%26utm_medium%3Dreferral%26utm_campaign%3Dweb-developers-uk,"London, England",5.013,25000,29,"['20% Web Development', '15% AI Development', '15% IT Staff Augmentation', '10% Low/No Code Development']",False
UK,clutch.co,Light IT Global,https://light-it.net/%3Futm_source%3Dclutch.co%26utm_medium%3Dreferral%26utm_campaign%3Duk-web-developers,"Rickmansworth, England",4.952,25000,29,"['60% Web Development', '10% AI Development', '10% Low/No Code Development', '10% Mobile App Development']",False
UK,clutch.co,thoughtbot,https://thoughtbot.com/%3Futm_source%3Dclutch.co%26utm_medium%3Dreferral%26utm_campaign%3Duk-web-developers,"London, England",4.939,10000,29,"['30% Web Development', '25% Mobile App Development', '10% Cloud Consulting & SI', '10% Custom Software Development', '10% Low/No Code Development']",False
UK,clutch.co,Mentor Digital,https://mentordigital.co.uk/%3Futm_source%3Dclutch.co%26utm_medium%3Dreferral%26utm_campaign%3Duk-web-developers,"Bristol, England",4.94,10000,29,"['25% Web Development', '15% Web Design', '10% Search Engine Optimization', '10% UX/UI Design', '5% Mobile App Development', '5% Pay Per Click']",False
UK,clutch.co,CTI Digital,http://www.ctidigital.com%3Futm_source%3Dclutch.co%26utm_medium%3Dreferral%26utm_campaign%3Dweb-developers-uk,"Lancaster, England",4.69,10000,50,"['20% Web Development', '10% Pay Per Click', '10% Search Engine Optimization', '10% Web Design']",False
UK,clutch.co,Clock Limited,https://www.clock.co.uk/%3Futm_source%3Dclutch.co%26utm_medium%3Dreferral%26utm_campaign%3Duk-web-developers,"London, England",4.819,50000,29,"['50% Custom Software Development', '15% Web Development', '15% UX/UI Design']",False
UK,clutch.co,"TRIARE, LLC",https://ppc.clutch.co/ppc/click/%3Fs%3DeyJkZWNpc2lvbl9pZCI6ImU3ZjI2M2E5LWE0YzAtNDg4MS1iZDI1LWFjMmM5MTY5Nzk2MyIsImltcHJlc3Npb25faWQiOiI5NzEyN2EyZS05YmFmLTQ4N2MtYWNkZi1kMGFmNGUyMjNiMjYiLCJwcm92aWRlcl9pZCI6Njg3NjgxLCJmZWF0dXJlZF9saXN0aW5nX2lkIjo0NjgsImZlYXR1cmVkX3Bvc2l0aW9uX2lkIjoyMzY3NTUsInBvc2l0aW9uIjoxLCJpc19zcG90bGlnaHQiOmZhbHNlfQ:1vtqca:sRHLGVUHooqZ31MausYZMQzgyuTFqexi46an_9j3XQw,Serves United Kingdom,4.937,10000,29,"['41% Mobile App Development', '35% Web Development', '12% UX/UI Design']",False
UK,clutch.co,Magora,https://ppc.clutch.co/ppc/click/%3Fs%3DeyJkZWNpc2lvbl9pZCI6ImU3ZjI2M2E5LWE0YzAtNDg4MS1iZDI1LWFjMmM5MTY5Nzk2MyIsImltcHJlc3Npb25faWQiOiI4ZmEwYjE4Mi1mYTVlLTQyNjAtYmQyNC00NzJiZThmMjU2MGQiLCJwcm92aWRlcl9pZCI6MjUyNDMsImZlYXR1cmVkX2xpc3RpbmdfaWQiOjQ2OCwiZmVhdHVyZWRfcG9zaXRpb25faWQiOjIzODk0MSwicG9zaXRpb24iOjIsImlzX3Nwb3RsaWdodCI6ZmFsc2V9:1vtqca:nv8XV3XAvp8__duML_xDqMjuOulz2Lnh8SDhDJcXO6I,Serves United Kingdom,4.77,25000,29,"['30% Custom Software Development', '15% Web Development', '15% AI Development', '5% Generative AI']",False
UK,clutch.co,STX Next,https://stxnext.com/%3Futm_source%3Dclutch%26utm_medium%3Dreferral,"London, England",4.7101,50000,1,"['55% AI Development', '35% Web Development', '10% Generative AI']",False
UK,clutch.co,"Digis, a Fiverr company (NYSE: FVRR)",https://digiscorp.com/%3Futm_source%3Dclutch.co%26utm_medium%3Dreferral%26utm_campaign%3Ddirectory,"Toronto, Canada",4.988,5000,29,"['40% Web Development', '40% Custom Software Development', '20% IT Staff Augmentation']",False
UK,clutch.co,unicrew,https://unicrew.com,"London, England",5.058,50000,29,"['40% Web Development', '40% Custom Software Development', '10% Mobile App Development']",False
UK,clutch.co,Human Made,https://humanmade.com/%3Futm_source%3Dclutch.co%26utm_medium%3Dreferral%26utm_campaign%3Ddirectory,"Matlock, England",4.717,50000,29,['100% Web Development'],False
UK,clutch.co,TatvaSoft,https://www.tatvasoft.com/%3Futm_source%3Dclutch.co%26utm_medium%3Dreferral%26utm_campaign%3Dprofile,"Melbourne, Australia",4.947,25000,1,"['50% Custom Software Development', '20% Web Development', '10% Cloud Consulting & SI', '10% Mobile App Development']",False
UK,clutch.co,Infinum,https://infinum.com/clutch-lp/%3Futm_source%3Dclutch.co%26utm_campaign%3Dprofile-info-company-website%26utm_medium%3Dreferral,"Zagreb, Croatia",4.854,50000,29,"['20% Web Development', '20% Custom Software Development', '10% AI Development', '10% IoT Development', '10% UX/UI Design']",False
UK,clutch.co,Webskitters,https://www.webskitters.com/%3Futm_source%3Dclutch.co%26utm_medium%3Dreferral%26utm_campaign%3Ddirectory,"London, England",4.9102,10000,29,"['30% Mobile App Development', '20% Web Development', '20% IoT Development', '10% Low/No Code Development']",False
UK,clutch.co,GeekyAnts,https://geekyants.com/%3Futm_source%3Dclutch%26utm_medium%3Dreferral%26utm_campaign%3Dsponsorship,"London, England",4.9111,10000,29,"['25% Custom Software Development', '15% Web Development', '15% AI Development', '10% UX/UI Design']",False
UK,clutch.co,Old.St Labs,https://www.old.st/contact/%3Futm_source%3Dclutch.co%26utm_medium%3Dreferral%26utm_campaign%3Dweb-developers-uk,"London, England",5.021,10000,29,"['30% Web Development', '30% Custom Software Development', '20% Mobile App Development']",False
UK,clutch.co,Visions Design,https://www.visionsdesign.co.uk%3Futm_source%3Dclutch.co%26utm_medium%3Dreferral%26utm_campaign%3Dweb-developers-uk,"Lymm , England",5.067,10000,29,"['30% Web Development', '30% Branding', '10% Search Engine Optimization']",False
UK,clutch.co,Empat,https://empat.tech/%3Futm_source%3Dclutch.co%26utm_medium%3Dreferral%26utm_campaign%3Ddirectory,"London, England",5.0142,50000,29,"['50% Mobile App Development', '40% Custom Software Development', '10% Web Development']",False
UK,clutch.co,Konstant Infosolutions,https://www.konstantinfo.com/%3Frequest-a-quote%26utm_source%3Dclutch.co%26utm_medium%3Dreferral%26utm_campaign%3Dclutch,"London, England",4.8166,5000,1,"['60% Mobile App Development', '10% Web Development', '10% UX/UI Design']",False
UK,clutch.co,Future Processing,http://www.future-processing.com/%3Futm_source%3Dclutch%26utm_medium%3Dreferral%26utm_campaign%3Dprofile,"London, England",4.751,25000,1,"['45% Custom Software Development', '10% Web Development', '10% AI Development']",False
UK,clutch.co,Solar Digital,https://solar-digital.com/%3Futm_source%3Dclutch.co%26utm_medium%3Dreferral%26utm_campaign%3Ddirectory,"London, England",5.075,10000,29,"['20% Web Development', '10% Custom Software Development', '10% E-Commerce Development', '10% Low/No Code Development', '10% Mobile App Development', '10% UX/UI Design', '10% Web Design']",False
UK,clutch.co,Codal,https://www.codal.com/,"Lincoln, England",4.921,75000,7,"['45% Web Development', '40% UX/UI Design', '15% E-Commerce Development']",False
UK,clutch.co,COMPU-VISION S.A.R.L.,https://www.compu-vision.me/%3Futm_source%3Dclutch.co%26utm_medium%3Dreferral%26utm_campaign%3Ddirectory,"London, England",4.875,10000,29,"['40% Web Development', '40% Mobile App Development', '20% Custom Software Development']",False
UK,clutch.co,ExpandX,http://expandx.com/%3Futm_source%3Dclutch.co%26utm_medium%3Dreferral%26utm_campaign%3Ddirectory,"Sofia, Bulgaria",5.066,10000,29,"['30% Web Development', '20% E-Commerce Development', '10% Web Design']",False
UK,clutch.co,Goodface agency,https://goodface.agency/%3Futm_source%3Dclutch.co%26utm_medium%3Dreferral,"Bromley, England",4.947,10000,18,"['35% Custom Software Development', '35% UX/UI Design', '30% Web Development']",False
UK,clutch.co,Snotor,https://snotor.pro/web-development-company-snotor%3Futm_source%3Dclutch.co%26utm_medium%3Dreferral%26utm_campaign%3Dweb-developers-uk,"London, England",5.031,10000,29,"['30% Web Development', '30% Mobile App Development', '10% Generative AI', '10% IT Staff Augmentation', '10% UX/UI Design']",False
UK,clutch.co,Halo Lab,https://www.halo-lab.com/services/web-development-services%3Futm_source%3Dclutch.co%26utm_medium%3Dreferral%26utm_campaign%3Dweb-developers-uk,"08, Andorra",4.994,10000,29,"['10% Web Development', '10% Custom Software Development', '10% IT Staff Augmentation', '10% Low/No Code Development', '10% Mobile App Development', '10% UX/UI Design', '10% Web Design']",False
UK,clutch.co,*instinctools,https://www.instinctools.com/contact-us/%3Futm_source%3Dclutch.co%26utm_medium%3Dreferral%26utm_campaign%3Dcompanyprofile,"Mississauga, Canada",4.732,10000,2,"['10% Web Development', '10% AI Development', '10% Cloud Consulting & SI', '10% Custom Software Development', '10% IT Staff Augmentation', '10% Mobile App Development', '10% UX/UI Design', '3% E-Commerce Development', '1% Generative AI', '1% Web Design']",False
UK,clutch.co,Soap Media,https://www.soapmedia.co.uk/%3Futm_source%3Dclutch.co%26utm_medium%3Dreferral%26utm_campaign%3Dweb-developers-uk,"Manchester, England",4.938,1000,29,"['15% Pay Per Click', '10% Web Development', '10% Digital Strategy', '10% Search Engine Optimization']",False
UK,clutch.co,IIH Global,https://www.iihglobal.com/%3Futm_source%3Dclutch.co%26utm_medium%3Dreferral%26utm_campaign%3Ddirectory,"Hertfordshire, England",4.875,1000,29,"['35% Custom Software Development', '10% Web Development', '10% AI Development', '10% Web Design']",False
UK,clutch.co,3 SIDED CUBE,https://marketing.3sidedcube.com%3Futm_source%3Dclutch.co%26utm_medium%3Dreferral%26utm_campaign%3Dweb-developers-uk,"Bournemouth, England",4.947,50000,29,"['15% Web Development', '15% Mobile App Development', '10% Custom Software Development', '10% UX/UI Design']",False
UK,clutch.co,Magora,https://magora-systems.com/%3Futm_source%3Dclutch.co%26utm_medium%3Dreferral%26utm_campaign%3Duk-web-developers,"Sydney, Australia",4.77,25000,29,"['30% Custom Software Development', '15% Web Development', '15% AI Development', '5% Generative AI']",False
UK,clutch.co,Tapptitude,https://tapptitude.com/%3Futm_source%3Dclutch.co%26utm_medium%3Dreferral%26utm_campaign%3Duk-web-developers,"London, England",4.969,5000,29,"['50% Mobile App Development', '20% Web Development', '10% Low/No Code Development', '10% UX/UI Design']",False
UK,clutch.co,Lightflows,https://www.lightflows.co.uk/web-development-agency-london/%3Futm_source%3Dclutch.co%26utm_medium%3Dreferral%26utm_campaign%3Duk-web-developers,"Guildford, England",5.09,10000,29,"['40% Web Development', '20% Mobile App Development', '15% UX/UI Design', '10% Web Design']",False
UK,clutch.co,Inventiff.,https://inventiff.io%3Futm_source%3Dclutch.co%26utm_medium%3Dreferral%26utm_campaign%3Ddirectory,"London, England",5.032,0,29,"['35% Web Development', '35% Mobile App Development', '10% Low/No Code Development']",False
UK,clutch.co,TLVTech,https://www.tlvtech.io/%3Futm_source%3Dclutch.co%26utm_medium%3Dreferral%26utm_campaign%3Ddirectory,"London, England",4.912,10000,12,"['25% Web Development', '25% Mobile App Development', '10% Cloud Consulting & SI', '10% Custom Software Development']",False
UK,clutch.co,CubeZoo,https://www.cubezoo.co.za/project-kickoff/%3Futm_source%3Dclutch.co%26utm_medium%3Dreferral,"London, England",4.931,10000,29,"['30% Mobile App Development', '20% Web Development', '15% Custom Software Development', '15% UX/UI Design']",False
UK,clutch.co,Wozify,https://wozify.com/,"Preston, England",5.018,10000,31,"['40% Web Development', '20% AI Development', '20% Mobile App Development']",False
UK,clutch.co,Plavno,https://plavno.io/%3Futm_source%3Dclutch%26utm_id%3Dclutch%3Futm_source%3Dclutch.co%26utm_medium%3Dreferral%26utm_campaign%3Dweb-developers-uk,"London, England",4.955,25000,29,"['30% Mobile App Development', '10% Web Development', '10% Custom Software Development', '10% Generative AI']",False
UK,clutch.co,CodeLeap,https://codeleap.co.uk/%3Futm_source%3Dclutch.co%26utm_medium%3Dreferral%26utm_campaign%3Ddirectory,"London, England",4.99,10000,29,"['35% Mobile App Development', '20% Web Development', '10% IoT Development', '10% UX/UI Design']",False
UK,clutch.co,Republic Marketing,https://www.republicmarketing.co.uk/,"Birmingham, England",5.02,5000,29,"['50% Web Design', '20% Web Development', '10% Pay Per Click']",False
UK,clutch.co,KOTA,https://kota.co.uk/%3Futm_source%3Dclutch.co%26utm_medium%3Dreferral%26utm_campaign%3Ddirectory,"London, England",5.029,25000,29,"['40% Branding', '10% Web Development']",False
UK,clutch.co,Offshorly,https://offshorly.com/cl-ldng-1/%3Futm_source%3Dclutch.co%26utm_medium%3Dreferral%26utm_campaign%3Ddirectory,"Stamford, England",4.921,5000,29,"['20% AI Development', '15% Web Development', '15% Web Design', '10% IT Staff Augmentation', '10% UX/UI Design']",False
UK,clutch.co,Takeaway Reality,https://takeaway-reality.com/%3Futm_source%3Dclutch.co%26utm_medium%3Dreferral%26utm_campaign%3Duk-web-developers,"Zagreb, Croatia",5.012,1000,50,"['15% Custom Software Development', '10% Web Development', '10% AI Development']",False
UK,clutch.co,Dotsquares,https://clutch.dotsquares.com%3Futm_source%3Dclutch.co%26utm_medium%3Dreferral%26utm_campaign%3Dweb-developers-uk,"London, England",0.0,1000,29,['20% Web Development'],False
UK,clutch.co,Imaginary Cloud,https://www.imaginarycloud.com/%3Futm_source%3Dclutch.co%26utm_medium%3Dreferral%26utm_campaign%3Duk-web-developers,"London, England",0.0,25000,29,['40% Web Development'],False
UK,clutch.co,Devsinc,https://www.devsinc.com%3Futm_source%3Dclutch.co%26utm_medium%3Dreferral%26utm_campaign%3Dweb-developers-uk,"San Jose, CA",0.0,10000,29,['35% Web Development'],False
UK,clutch.co,dotcode,https://dotcode.pro/top-rated-company-by-clutch/,"L'viv, Ukraine",0.0,25000,29,['40% Web Development'],False
UK,clutch.co,Torchbox,https://torchbox.com/%3Futm_source%3Dclutch.co%26utm_medium%3Dreferral%26utm_campaign%3Duk-web-developers,"Bristol, England",0.0,50000,29,['40% Web Development'],False
UK,clutch.co,Marzee,https://marzee.co/%3Futm_source%3Dclutch.co%26utm_medium%3Dreferral%26utm_campaign%3Duk-web-developers,"Porto, Portugal",0.0,10000,29,['65% Web Development'],False
UK,clutch.co,SENLA,https://senlainc.com/%3Futm_source%3Dclutch.co%26utm_medium%3Dreferral%26utm_campaign%3Duk-web-developers,"Warszawa, Poland",0.0,10000,29,['20% Web Development'],False
UK,clutch.co,Shout Digital,https://shoutdigital.com/%3Futm_source%3Dclutch.co%26utm_medium%3Dreferral%26utm_campaign%3Duk-web-developers,"Newcastle upon Tyne, England",0.0,50000,29,['40% Web Development'],False
UK,clutch.co,Influential Software,https://www.influentialsoftware.com/%3Futm_source%3Dclutch.co%26utm_medium%3Dreferral%26utm_campaign%3Duk-web-dev,"London, England",0.0,10000,29,['35% Web Development'],False
AU,clutch.co,Webential,https://www.webential.com/%3Futm_source%3Dclutch.co%26utm_medium%3Dreferral%26utm_campaign%3Ddirectory,"Wentworthville, Australia",4.942,5000,29,"['25% Web Development', '25% E-Commerce Development', '20% Search Engine Optimization', '10% Web Design']",False
AU,clutch.co,Appello Software,http://www.appello.com.au%3Futm_source%3Dclutch.co%26utm_medium%3Dreferral%26utm_campaign%3Dau-web-developers,"Brisbane City, Australia",4.933,50000,29,"['55% Mobile App Development', '35% Custom Software Development', '10% Web Development']",False
AU,clutch.co,Appello Software,https://ppc.clutch.co/ppc/click/%3Fs%3DeyJkZWNpc2lvbl9pZCI6ImVkYjVmOTM1LTllMDItNGQ5OS1hYjlhLTJjZWE1NDE2YjgxYSIsImltcHJlc3Npb25faWQiOiJkMGY2YzkzNi0wZTNiLTRmMGEtYWVlMS03NDJjYjdhMzNmOTEiLCJwcm92aWRlcl9pZCI6NTk1MDY2LCJmZWF0dXJlZF9saXN0aW5nX2lkIjo0NTgsImZlYXR1cmVkX3Bvc2l0aW9uX2lkIjoyMzYyMTgsInBvc2l0aW9uIjoxLCJpc19zcG90bGlnaHQiOmZhbHNlfQ:1vtqd9:Cn4jwOywSn65X7asX9b3bCqLPuUMCft-p6NeGgnLKyY,Serves Australia,4.933,50000,29,"['55% Mobile App Development', '35% Custom Software Development', '10% Web Development']",False
AU,clutch.co,Innowise,https://ppc.clutch.co/ppc/click/%3Fs%3DeyJkZWNpc2lvbl9pZCI6ImVkYjVmOTM1LTllMDItNGQ5OS1hYjlhLTJjZWE1NDE2YjgxYSIsImltcHJlc3Npb25faWQiOiIyNWJjZjU3ZS03MDQ3LTQ3MDQtOTUwMi0yODcwNTFmZWFmNWUiLCJwcm92aWRlcl9pZCI6NDc3NjUzLCJmZWF0dXJlZF9saXN0aW5nX2lkIjo0NTgsImZlYXR1cmVkX3Bvc2l0aW9uX2lkIjozNzk1OTgsInBvc2l0aW9uIjoyLCJpc19zcG90bGlnaHQiOmZhbHNlfQ:1vtqd9:C7bphWF8hQPualtBnO4CG4kEKDXBtokKFaeM0-WzeS8,Serves Australia,4.972,10000,29,"['10% Web Development', '10% AI Development', '10% Blockchain', '10% Cloud Consulting & SI', '10% Custom Software Development', '10% E-Commerce Development', '10% IT Staff Augmentation', '10% Mobile App Development']",False
AU,clutch.co,WP Creative,https://ppc.clutch.co/ppc/click/%3Fs%3DeyJkZWNpc2lvbl9pZCI6ImVkYjVmOTM1LTllMDItNGQ5OS1hYjlhLTJjZWE1NDE2YjgxYSIsImltcHJlc3Npb25faWQiOiI3M2FjMzkyYy0yMzI3LTQ4N2EtYmVlNi0xZDEwMzU3NGM0MjkiLCJwcm92aWRlcl9pZCI6MTY5MDQyMSwiZmVhdHVyZWRfbGlzdGluZ19pZCI6NDU4LCJmZWF0dXJlZF9wb3NpdGlvbl9pZCI6MzMyNTgwLCJwb3NpdGlvbiI6MywiaXNfc3BvdGxpZ2h0IjpmYWxzZX0:1vtqd9:0ta89yj8iXtY30AaEUN8-gXXguykqBdhCiHQCQKredU,Serves Australia,5.024,10000,29,"['70% Web Development', '20% Web Design', '10% E-Commerce Development']",False
AU,clutch.co,xfive,https://www.xfive.co%3Futm_campaign%3D305765621-CLUTCH_Q1-Q2-26%26utm_source%3Dclutch.co%26utm_medium%3Dpaid%26utm_content%3Dmain-profile,"Hawthorn, Australia",5.059,25000,50,"['70% Web Development', '20% Web Design', '10% Low/No Code Development']",False
AU,clutch.co,WP Creative,https://wpcreative.com.au/clutch-top-rated-wordpress-agency/%3Futm_source%3Dclutch.co%26utm_medium%3Dreferral%26utm_campaign%3Ddirectory,"Ultimo, Australia",5.024,10000,29,"['70% Web Development', '20% Web Design', '10% E-Commerce Development']",False
AU,clutch.co,Chromatix,https://www.chromatix.com.au/%3Futm_source%3Dclutch.co%26utm_medium%3Dreferral%26utm_campaign%3Dau-web-developers,"Camberwell, Australia",5.012,5000,29,"['30% Web Development', '30% Web Design', '15% E-Commerce Development']",False
AU,clutch.co,DianApps,https://dianapps.com%3Futm_source%3Dclutch.co%26utm_medium%3Dreferral%26utm_campaign%3Dau-web-developers,"Tarneit, Australia",4.879,5000,29,"['50% Mobile App Development', '10% Web Development', '10% AI Development', '10% Low/No Code Development']",False
AU,clutch.co,Luminary,https://www.luminary.com%3Futm_source%3Dclutch.co%26utm_medium%3Dreferral%26utm_campaign%3Dau-web-developers,"Brisbane City, Australia",4.81,25000,29,"['20% Web Development', '20% Web Design', '15% UX/UI Design', '10% Custom Software Development', '10% Mobile App Development', '10% Search Engine Optimization']",False
AU,clutch.co,Incipient Infotech,https://incipientinfo.tech%3Futm_source%3Dclutch.co%26utm_medium%3Dreferral%26utm_campaign%3Dau-web-developers,"Klemzig, Australia",5.017,1000,29,"['30% Custom Software Development', '25% Web Development', '15% AI Development']",False
AU,clutch.co,Labrys,https://labrys.io/%3Futm_source%3Dclutch.co%26utm_medium%3Dreferral%26utm_campaign%3Ddirectory,"Milton, Australia",5.011,10000,29,"['50% Blockchain', '20% Web Development', '10% UX/UI Design']",False
AU,clutch.co,Appetiser,https://appetiser.com.au/just-build-it/%3Futm_source%3Dclutch%26utm_medium%3Dreferral%26utm_campaign%3Dau-web-developers,"Bondi Junction, Australia",4.824,10000,2,"['60% Mobile App Development', '10% Web Development', '10% UX/UI Design']",False
AU,clutch.co,Emote Digital,http://www.emotedigital.com.au/%3Futm_source%3Dclutch.co%26utm_medium%3Dreferral%26utm_campaign%3Ddirectory,"Hawthorn, Australia",4.716,1000,29,"['20% E-Commerce Development', '10% Web Development', '10% Digital Strategy', '10% Pay Per Click', '10% Search Engine Optimization', '10% UX/UI Design', '10% Web Design']",False
AU,clutch.co,Intesols,https://www.intesols.com.au/%3Futm_source%3DOrganic%26utm_medium%3DWeb%26utm_campaign%3DClutch,"Moorabbin, Australia",4.924,1000,29,"['40% Search Engine Optimization', '10% Web Development', '10% Generative AI', '10% Web Design', '5% Mobile App Development']",False
AU,clutch.co,MyWork,https://mywork.com.au%3Futm_source%3Dclutch.co%26utm_medium%3Dreferral%26utm_campaign%3Ddirectory,"Daisy Hill, Australia",4.512,1000,29,"['25% Web Design', '15% Web Development', '15% UX/UI Design', '10% Search Engine Optimization']",False
AU,clutch.co,Salt & Fuessel,https://www.saltandfuessel.com.au/%3Futm_source%3Dclutch.co%26utm_medium%3Dreferral%26utm_campaign%3Ddirectory,"South Yarra, Australia",4.815,1000,29,"['25% Web Development', '25% Pay Per Click', '15% UX/UI Design']",False
AU,clutch.co,EUX Digital,https://eux.com.au%3Futm_source%3Dclutch.co%26utm_medium%3Dreferral%26utm_campaign%3Dau-web-developers,"Sydney, Australia",5.03,10000,29,"['30% Web Development', '30% E-Commerce Development', '10% UX/UI Design']",False
AU,clutch.co,Still Not Scared,http://stillnotscared.com.au/%3Futm_source%3Dclutch.co%26utm_medium%3Dreferral%26utm_campaign%3Ddirectory,"Melbourne, Australia",5.07,5000,29,"['40% Branding', '10% Web Development', '10% Low/No Code Development', '10% UX/UI Design', '10% Web Design']",False
AU,clutch.co,PixelForce,https://pixelforce.com%3Futm_source%3Dclutch.co%26utm_medium%3Dreferral%26utm_campaign%3Dau-web-developers,"Kent Town, Australia",5.08,50000,29,"['50% Mobile App Development', '10% Web Development', '10% E-Commerce Development', '10% UX/UI Design']",False
AU,clutch.co,Ecompapi Digital Agency,https://ecompapi.com.au%3Futm_source%3Dclutch.co%26utm_medium%3Dreferral%26utm_campaign%3Dau-web-developers,"Richmond, Australia",4.812,5000,29,"['40% Search Engine Optimization', '20% Web Development', '20% Web Design']",False
AU,clutch.co,BFJ Digital,https://bfj.digital/%3Futm_source%3Dclutch.co%26utm_medium%3Dreferral%26utm_campaign%3Ddirectory,"Spring Hill, Australia",5.035,1000,29,"['10% Web Development', '10% Digital Strategy', '10% Pay Per Click', '10% Search Engine Optimization', '10% Web Design', '1% Branding']",False
AU,clutch.co,Sentia,https://www.sentia.com.au,"Sydney, Australia",4.86,25000,29,"['25% Web Development', '25% Mobile App Development', '10% UX/UI Design', '10% Web Design']",False
AU,clutch.co,Pixite,https://pixite.com.au/,"Penrith, Australia",5.014,5000,29,"['20% Web Design', '15% Search Engine Optimization', '10% Web Development', '10% Digital Strategy', '5% Branding', '5% UX/UI Design']",False
AU,clutch.co,Devika Creations,https://devika.com,"Barangaroo, Australia",5.07,5000,29,"['15% Web Development', '15% Custom Software Development', '15% Mobile App Development', '15% UX/UI Design', '15% Web Design', '10% AI Development']",False
AU,clutch.co,Digital Thing,https://www.digitalthing.com.au/%3Futm_source%3Dclutch.co%26utm_medium%3Dreferral%26utm_campaign%3Ddirectory,"Eltham, Australia",5.017,5000,29,"['35% Web Development', '35% UX/UI Design', '30% Web Design']",False
AU,clutch.co,Wolf IQ,https://www.wolfiq.com.au/,"Sydney, Australia",4.91,5000,29,"['60% Web Design', '40% Web Development']",False
AU,clutch.co,e intelligence,https://eintelligenceweb.com/digital-marketing-services-clutch/,"Windsor, Australia",4.926,1000,23,"['50% Search Engine Optimization', '10% Web Development', '10% Low/No Code Development']",False
AU,clutch.co,Bearplus,https://www.bear.plus%3Futm_source%3Dclutch.co%26utm_medium%3Dreferral%26utm_campaign%3Dau-web-developers,"Sydney, Australia",4.918,10000,29,"['50% Web Design', '25% Web Development', '25% UX/UI Design']",False
AU,clutch.co,Magora,https://magora-systems.com/%3Futm_source%3Dclutch.co%26utm_medium%3Dreferral,"Sydney, Australia",4.77,25000,29,"['30% Custom Software Development', '15% Web Development', '15% AI Development', '5% Generative AI']",False
AU,clutch.co,Top Remotely,https://topremotely.com/,"Melbourne, Australia",5.089,5000,3,"['45% IT Staff Augmentation', '10% Web Development', '10% Custom Software Development']",False
AU,clutch.co,Fingent,https://www.fingent.com/custom-software-development/%3Futm_source%3Dclutch%26utm_medium%3Dreferral%26utm_campaign%3Dprofile,"Melbourne, Australia",4.965,25000,29,"['50% Custom Software Development', '10% Web Development', '10% Mobile App Development']",False
AU,clutch.co,INSIDEA,https://insidea.com/%3Futm_source%3Dclutch.co%26utm_medium%3Dreferral%26utm_campaign%3Ddirectory,"Balmain, Australia",5.054,1000,4,"['10% Web Development', '10% UX/UI Design', '10% Web Design']",False
AU,clutch.co,Warp Development,https://www.warpdevelopment.com/offshore-software-development/,"Adelaide, Australia",4.922,25000,6,"['45% Custom Software Development', '10% Web Development', '10% Low/No Code Development', '10% Mobile App Development']",False
AU,clutch.co,Logical Wings Infoweb Private Limited,http://www.logicalwings.com/%3Futm_source%3Dclutch.co%26utm_medium%3Dreferral%26utm_campaign%3Ddirectory,"Point Cook, Australia",5.03,1000,3,"['25% Web Development', '25% Cloud Consulting & SI', '25% Mobile App Development']",False
AU,clutch.co,Shaligram Infotech,https://shaligraminfotech.com%3Futm_source%3Dclutch.co%26utm_medium%3Dreferral%26utm_campaign%3Dau-web-developers,"Brisbane City, Australia",4.961,5000,29,"['45% Custom Software Development', '35% Web Development']",False
AU,clutch.co,Skynet Technologies,https://www.skynettechnologies.com/%3Futm_source%3Dclutch.co%26utm_medium%3Dreferral%26utm_campaign%3Ddirectory,"Melbourne, Australia",5.01,5000,29,"['20% Web Development', '20% Search Engine Optimization', '15% E-Commerce Development', '15% Web Design']",False
AU,clutch.co,Soto Group,http://www.sotogroup.co/%3Futm_source%3Dclutch.co%26utm_medium%3Dreferral%26utm_campaign%3Ddirectory,"Brisbane City, Australia",4.95,5000,29,"['40% Branding', '10% Web Development']",False
AU,clutch.co,Greenhat,https://www.greenhat.net/,"Fortitude Valley, Australia",5.02,10000,29,"['30% Web Development', '15% Branding', '15% Web Design', '10% Mobile App Development', '10% Search Engine Optimization']",False
AU,clutch.co,Wave Digital,http://wavedigital.com.au/%3Futm_source%3Dclutch.co%26utm_medium%3Dreferral,"North Melbourne, Australia",4.97,10000,29,"['60% Mobile App Development', '20% Web Development', '20% UX/UI Design']",False
AU,clutch.co,DreamWalk App Development,https://dreamwalk.com.au/%3Futm_source%3Dclutch.co%26utm_medium%3Dreferral%26utm_campaign%3Ddirectory,"Paddington, Australia",4.415,25000,23,"['70% Mobile App Development', '20% UX/UI Design', '10% Web Development']",False
AU,clutch.co,White Peak Digital,https://www.whitepeakdigital.com/%3Futm_source%3Dclutch.co%26utm_medium%3Dreferral%26utm_campaign%3Ddirectory,"Melbourne, Australia",5.01,5000,10,"['40% Web Design', '30% Web Development', '10% Search Engine Optimization', '10% UX/UI Design']",False
AU,clutch.co,Shtudio,https://www.shtudio.com.au/%3Futm_source%3Dclutch.co%26utm_medium%3Dreferral%26utm_campaign%3Ddirectory,"Woollahra, Australia",5.03,5000,29,"['50% Web Design', '30% Graphic Design', '20% Web Development']",False
AU,clutch.co,Rock Agency,https://rockagency.com.au%3Futm_source%3Dclutch.co%26utm_medium%3Dreferral%26utm_campaign%3Dau-web-developers,"Cremorne, Australia",0.0,10000,29,"['25% Web Development', '25% Web Design', '10% E-Commerce Development', '10% Pay Per Click', '10% Search Engine Optimization']",False
AU,clutch.co,Vivo Group,https://www.vivogroup.com.au/%3Futm_source%3Dclutch.co%26utm_medium%3Dreferral%26utm_campaign%3Ddirectory,"Newstead, Australia",0.0,10000,29,"['40% Web Design', '30% Web Development']",False
AU,clutch.co,Synoviq,https://synoviq.com/%3Futm_source%3Dclutch.co%26utm_medium%3Dreferral%26utm_campaign%3Ddirectory,"Melbourne, Australia",5.06,1000,16,"['10% Web Development', '10% Search Engine Optimization', '5% AI Development', '5% Blockchain', '5% Custom Software Development', '5% E-Commerce Development', '5% Mobile App Development', '5% Pay Per Click', '5% UX/UI Design', '5% Web Design']",False
AU,clutch.co,Arcanys,http://www.arcanys.com/%3Futm_source%3Dclutch%26utm_medium%3Dreferral,"Camberwell, Australia",5.027,100000,29,"['40% Custom Software Development', '30% Web Development', '10% IT Staff Augmentation']",False
AU,clutch.co,RailsFactory,https://railsfactory.com/%3Futm_source%3Dclutch.co%26utm_medium%3Dreferral%26utm_campaign%3Ddirectory,"Melbourne, Australia",0.0,10000,29,"['25% Custom Software Development', '10% Web Development', '10% AI Development', '10% Mobile App Development', '5% E-Commerce Development']",False
AU,clutch.co,Task Virtual,https://taskvirtual.com%3Fref%3DClutch.co%3Futm_source%3Dclutch.co%26utm_medium%3Dreferral%26utm_campaign%3Ddirectory,"Sydney, Australia",4.954,1000,29,"['10% Web Development', '10% Web Design']",False
AU,clutch.co,CBTW APAC,https://collaborationbetterstheworld.com/%3Futm_source%3Dclutch.co%26utm_medium%3Dreferral%26utm_campaign%3Ddirectory,"Melbourne, Australia",4.73,0,29,"['30% Custom Software Development', '10% Web Development', '10% Cloud Consulting & SI', '10% Mobile App Development', '5% Application Testing', '5% Generative AI', '5% UX/UI Design']",False
AU,clutch.co,Intuji,,"Brisbane City, Australia",4.924,10000,8,"['40% Web Development', '15% Low/No Code Development', '10% E-Commerce Development', '10% UX/UI Design', '10% Web Design', '5% Mobile App Development']",False
AU,clutch.co,Intuji,https://intuji.com/get-in-touch/%3Futm_source%3Dclutch.co%26utm_medium%3Dreferral%26utm_campaign%3Dau-web-developers,"Perth, Australia",0.0,10000,29,['40% Web Development'],False
AU,clutch.co,Enterprise Monkey,https://enterprisemonkey.com.au%3Futm_source%3Dclutch.co%26utm_medium%3Dreferral%26utm_campaign%3Dau-web-developers,"Melbourne, Australia",0.0,5000,29,['35% Web Development'],False
AU,clutch.co,Stone Digital,https://stonedigital.com.au/%3Futm_source%3Dclutch.co%26utm_medium%3Dreferral%26utm_campaign%3Dau-web-developers,"Pyrmont, Australia",0.0,5000,29,['50% Web Development'],False
AU,clutch.co,StartupCraft,http://startupcraft.io/%3Futm_source%3Dclutch.co%26utm_medium%3Dreferral%26utm_campaign%3Ddirectory,"Sydney, Australia",0.0,25000,29,['35% Web Development'],False
AU,clutch.co,Idea Box,https://ideabox.com.au/,"Chippendale, Australia",0.0,25000,29,['30% Web Development'],False
AU,clutch.co,Launchpad App Development,http://www.launchpadapps.co%3Futm_source%3Dclutch.co%26utm_medium%3Dreferral%26utm_campaign%3Dau-web-developers,"Richmond, Australia",0.0,10000,29,['10% Web Development'],False
AU,clutch.co,Croissant & Baguette,https://croissantbaguette.com.au/,"Sydney, Australia",0.0,10000,29,['40% Web Development'],False
AU,clutch.co,Butterfly,http://www.butterfly.com.au/%3Futm_source%3Dclutch.co%26utm_medium%3Dreferral%26utm_campaign%3Ddirectory,"Melbourne, Australia",0.0,10000,29,['30% Web Development'],False
AU,clutch.co,Airteam,https://www.airteam.com.au/landing-page/web-development-company%3Futm_source%3Dclutch%26utm_medium%3Dorganic%26utm_campaign%3Dclutch-profile%26utm_term%3Dlogo%26utm_content%3Dimage,"Pyrmont, Australia",0.0,10000,29,['20% Web Development'],False
AU,clutch.co,Jhavtech Studios,https://www.jhavtech.com.au/,"Melbourne, Australia",0.0,10000,29,['15% Web Development'],False
AU,clutch.co,Nuclieos,https://www.nuclieos.com/,"Melbourne, Australia",0.0,5000,29,['20% Web Development'],False
AU,clutch.co,Seriously Good Design,https://sgd.com.au,"Hawthorn East, Australia",0.0,5000,29,['30% Web Development'],False
AU,clutch.co,Kombee Private Limited,https://www.kombee.com/in,"Boronia, Australia",0.0,10000,29,['25% Web Development'],False
AU,clutch.co,Mainstay Digital,https://mainstay.digital/%3Futm_source%3Dclutch.co%26utm_medium%3Dreferral%26utm_campaign%3Dau-web-developers,"Geelong, Australia",0.0,5000,29,['30% Web Development'],False
AU,clutch.co,Appello Software,https://ppc.clutch.co/ppc/click/%3Fs%3DeyJkZWNpc2lvbl9pZCI6IjI1OTc3MGJlLWZmZjMtNDJlOC05ZjU3LTg2NWQ0MTY0Nzg0NyIsImltcHJlc3Npb25faWQiOiIxNzZkNWRjNy1hY2QyLTRjNjItOTUyZi1hNDA4NWUwNGUzOWYiLCJwcm92aWRlcl9pZCI6NTk1MDY2LCJmZWF0dXJlZF9saXN0aW5nX2lkIjo0NTgsImZlYXR1cmVkX3Bvc2l0aW9uX2lkIjoyMzYyMTgsInBvc2l0aW9uIjoxLCJpc19zcG90bGlnaHQiOmZhbHNlfQ:1vtqdJ:TrQVBwEi04qKLTiCM9bwM2nuIyw76PREm3jR62V10VQ,Serves Australia,4.933,50000,29,"['55% Mobile App Development', '35% Custom Software Development', '10% Web Development']",False
AU,clutch.co,Innowise,https://ppc.clutch.co/ppc/click/%3Fs%3DeyJkZWNpc2lvbl9pZCI6IjI1OTc3MGJlLWZmZjMtNDJlOC05ZjU3LTg2NWQ0MTY0Nzg0NyIsImltcHJlc3Npb25faWQiOiJiNTNmNzU0NS00N2IyLTRmMGUtYThlYS0yYTQyY2ZiYTljNTYiLCJwcm92aWRlcl9pZCI6NDc3NjUzLCJmZWF0dXJlZF9saXN0aW5nX2lkIjo0NTgsImZlYXR1cmVkX3Bvc2l0aW9uX2lkIjozNzk1OTgsInBvc2l0aW9uIjoyLCJpc19zcG90bGlnaHQiOmZhbHNlfQ:1vtqdJ:NLAyYDxjLLxVQGNjBM2tyLn4FT-dvSDfi8pUIsmjyNU,Serves Australia,4.972,10000,29,"['10% Web Development', '10% AI Development', '10% Blockchain', '10% Cloud Consulting & SI', '10% Custom Software Development', '10% E-Commerce Development', '10% IT Staff Augmentation', '10% Mobile App Development']",False
AU,clutch.co,WP Creative,https://ppc.clutch.co/ppc/click/%3Fs%3DeyJkZWNpc2lvbl9pZCI6IjI1OTc3MGJlLWZmZjMtNDJlOC05ZjU3LTg2NWQ0MTY0Nzg0NyIsImltcHJlc3Npb25faWQiOiIzOTdkNWZkMi00NjRjLTRjMGYtYjNjMy03ZmU5YTYxOWRhYmIiLCJwcm92aWRlcl9pZCI6MTY5MDQyMSwiZmVhdHVyZWRfbGlzdGluZ19pZCI6NDU4LCJmZWF0dXJlZF9wb3NpdGlvbl9pZCI6MzMyNTgwLCJwb3NpdGlvbiI6MywiaXNfc3BvdGxpZ2h0IjpmYWxzZX0:1vtqdJ:hZyNaOsPvYHrvnZRaX231-hQu__R2Pfc5suBOAxEjWE,Serves Australia,5.024,10000,29,"['70% Web Development', '20% Web Design', '10% E-Commerce Development']",False
AU,clutch.co,Enterprise Monkey,,"Geelong, Australia",5.062,5000,50,"['35% Web Development', '35% Custom Software Development', '15% Mobile App Development']",False
AU,clutch.co,Stone Digital,,"Pyrmont, Australia",5.024,5000,29,"['50% Web Development', '50% Web Design']",False
AU,clutch.co,StartupCraft,,"Sydney, Australia",5.023,25000,29,"['35% Web Development', '30% AI Development', '5% Blockchain']",False
AU,clutch.co,Idea Box,,"Chippendale, Australia",4.812,25000,29,"['35% AI Development', '35% Mobile App Development', '30% Web Development']",False
AU,clutch.co,Launchpad App Development,,"Richmond, Australia",5.026,10000,29,"['70% Mobile App Development', '10% Web Development', '10% Low/No Code Development']",False
AU,clutch.co,Croissant & Baguette,,"Sydney, Australia",5.04,10000,29,"['40% Web Development', '20% E-Commerce Development', '10% Mobile App Development', '10% UX/UI Design', '10% Web Design']",False
AU,clutch.co,Butterfly,,"Melbourne, Australia",5.07,10000,29,"['30% Web Development', '15% UX/UI Design', '15% Web Design', '10% Digital Strategy']",False
AU,clutch.co,Airteam,,"Pyrmont, Australia",5.02,10000,29,"['20% Web Development', '20% Custom Software Development', '20% Mobile App Development', '20% UX/UI Design']",False
AU,clutch.co,Jhavtech Studios,,"Melbourne, Australia",4.823,10000,29,"['40% Mobile App Development', '15% Web Development', '10% UX/UI Design']",False
AU,clutch.co,Nuclieos,,"Melbourne, Australia",4.86,5000,29,"['30% Custom Software Development', '20% Web Development', '15% IT Staff Augmentation', '10% Low/No Code Development']",False
AU,clutch.co,Seriously Good Design,,"Hawthorn East, Australia",5.01,5000,29,"['30% Web Development', '25% Search Engine Optimization', '15% Pay Per Click', '10% UX/UI Design']",False
AU,clutch.co,Kombee Private Limited,,"Boronia, Australia",5.04,10000,29,"['50% Mobile App Development', '25% Web Development', '25% E-Commerce Development']",False
AU,clutch.co,Mainstay Digital,,"Geelong, Australia",4.83,5000,29,"['45% Custom Software Development', '30% Web Development', '10% UX/UI Design']",False
AU,clutch.co,UPCORE,,"Barangaroo, Australia",5.03,10000,29,"['70% Mobile App Development', '20% AI Development', '10% Web Development']",False
AU,clutch.co,Itomic,,"Perth, Australia",5.05,5000,29,"['30% Web Development', '20% Mobile App Development', '10% Custom Software Development', '10% Digital Strategy', '10% Search Engine Optimization']",False
AU,clutch.co,Nightjar,,"Surry Hills, Australia",5.02,25000,29,"['30% Web Development', '15% Custom Software Development', '10% Branding', '10% Mobile App Development', '10% UX/UI Design', '10% Web Design']",False
AU,clutch.co,Designpluz,,"Bella Vista, Australia",4.96,1000,31,"['20% Web Development', '20% Custom Software Development', '15% E-Commerce Development', '15% Mobile App Development', '10% AI Development']",False
AU,clutch.co,Digiwhiz,,"Moorabbin, Australia",4.51,1000,29,"['40% Search Engine Optimization', '30% Web Development', '10% Web Design']",False
AU,clutch.co,Moonward Studio,,"Baulkham Hills, Australia",4.721,10000,29,"['90% Mobile App Development', '10% Web Development']",False
AU,clutch.co,Rush Hour Digital,,"Sydney, Australia",4.88,25000,29,"['25% UX/UI Design', '15% Web Development']",False
AU,clutch.co,Appinop Technologies,,"Cannon Hill, Australia",4.921,5000,50,"['40% Mobile App Development', '20% E-Commerce Development', '10% Web Development']",False
AU,clutch.co,Redi Software,,"Joondalup, Australia",5.02,25000,29,"['40% Custom Software Development', '30% Web Development', '30% Mobile App Development']",False
AU,clutch.co,Noorix - Custom Software and App Developers,,"Sydney, Australia",4.96,25000,29,"['30% Custom Software Development', '25% Web Development', '10% Cloud Consulting & SI', '10% Generative AI']",False
AU,clutch.co,Carbon Edge Australia,,"Chadstone, Australia",4.97,5000,33,"['30% Web Development', '25% Web Design', '15% Search Engine Optimization']",False
AU,clutch.co,AndMine,,"Melbourne, Australia",5.01,5000,29,"['20% Web Development', '20% Web Design', '10% Digital Strategy', '10% Pay Per Click', '10% Search Engine Optimization']",False
AU,clutch.co,VT Digital,,"Sydney, Australia",5.025,1000,29,"['30% Mobile App Development', '20% Web Development', '10% AI Development', '10% E-Commerce Development']",False
AU,clutch.co,Clean Commit,,"Barton, Australia",5.012,10000,29,"['80% E-Commerce Development', '10% Web Development', '10% Custom Software Development']",False
AU,clutch.co,Drive Digital,,"Footscray, Australia",5.04,10000,42,"['60% E-Commerce Development', '20% Web Development', '20% Web Design']",False
AU,clutch.co,Relab Studios,,"Cremorne, Australia",5.05,5000,29,"['10% Web Development', '10% E-Commerce Development', '10% Web Design']",False
AU,clutch.co,Aussie Website,,"Melbourne, Australia",5.01,1000,29,"['35% Web Development', '30% Web Design', '10% Low/No Code Development']",False
AU,clutch.co,"XAM5.01
                        
                            review",,"Brisbane City, Australia",5.01,10000,21,"['20% Web Development', '20% Mobile App Development', '10% Cloud Consulting & SI', '10% Custom Software Development', '10% UX/UI Design']",False
AU,clutch.co,Zuse Digital,,"Melbourne, Australia",5.01,10000,29,"['25% Web Development', '25% Mobile App Development', '25% Web Design']",False
AU,clutch.co,GREENLOGIC,,"St Kilda, Australia",4.94,25000,29,"['20% Web Development', '20% AI Development', '20% Custom Software Development', '20% UX/UI Design']",False
AU,clutch.co,Fluid Branding,,"South Melbourne, Australia",4.82,25000,100,"['45% Branding', '45% Packaging Design', '10% Web Development']",False
AU,clutch.co,Frank Digital,,"Melbourne, Australia",5.01,50000,26,"['40% Web Design', '20% Web Development', '10% Search Engine Optimization']",False
AU,clutch.co,MadAppGang,,"Maroubra, Australia",5.08,25000,29,"['30% Web Development', '20% Mobile App Development']",False
AU,clutch.co,Business Warriors | Digital Marketing Agency,,"Perth, Australia",5.03,1000,29,"['40% Search Engine Optimization', '10% Web Development', '10% Pay Per Click', '10% Web Design']",False
AU,clutch.co,Atlasopen,,"Fitzroy, Australia",4.812,25000,29,"['40% Custom Software Development', '15% Web Development', '10% AI Development']",False
AU,clutch.co,DigiGround,,"Sydney, Australia",4.94,5000,29,"['70% Mobile App Development', '30% Web Development']",False
AU,clutch.co,Pixelstorm,,"Cremorne, Australia",4.94,5000,29,"['30% Web Design', '25% Search Engine Optimization', '15% Web Development']",False
AU,clutch.co,Hyper Startup Studio,,"Bondi Beach, Australia",4.921,5000,29,"['40% Mobile App Development', '20% Web Development', '10% Custom Software Development']",False
AU,clutch.co,Attalla Digital,,"Melbourne, Australia",5.05,25000,29,"['30% Mobile App Development', '15% Low/No Code Development', '15% UX/UI Design', '10% Web Development', '10% Blockchain']",False
AU,clutch.co,Slant Digital Pty Ltd,,"Highton, Australia",5.01,5000,29,"['15% Web Design', '10% Web Development', '10% UX/UI Design', '8% E-Commerce Development', '5% Custom Software Development', '2% Mobile App Development']",False
AU,clutch.co,Vesanique,,"Fortitude Valley, Australia",5.02,5000,29,"['20% Branding', '10% Web Development', '10% E-Commerce Development', '10% Low/No Code Development', '10% UX/UI Design']",False
AU,clutch.co,Baha Agency,,"Braddon, Australia",5.06,25000,29,"['15% Branding', '10% Web Development', '10% Digital Strategy', '10% Mobile App Development', '10% UX/UI Design']",False
AU,clutch.co,Supportsoft Technologies,,"Rosehill, Australia",4.837,5000,29,"['30% Mobile App Development', '20% Web Development', '20% IoT Development', '10% Low/No Code Development']",False
AU,clutch.co,JUSTPRO,,"Parramatta, Australia",5.07,0,29,"['15% Custom Software Development', '10% Web Development', '10% Mobile App Development']",False
AU,clutch.co,Appomate,,"Melbourne, Australia",4.316,25000,25,"['20% Custom Software Development', '10% Web Development', '10% AI Development', '10% Blockchain', '10% UX/UI Design', '5% IoT Development']",False
AU,clutch.co,Newpath Web,,"Melbourne, Australia",4.73,0,29,"['40% Web Development', '30% Search Engine Optimization', '10% Pay Per Click']",False
AU,clutch.co,SLIK,,"Redfern, Australia",5.01,25000,29,"['15% Branding', '10% Web Development', '10% Digital Strategy', '10% UX/UI Design', '10% Web Design']",False
AU,clutch.co,Appello Software,https://ppc.clutch.co/ppc/click/%3Fs%3DeyJkZWNpc2lvbl9pZCI6IjNjMDIyZjI2LTQ5NzAtNDVkMS1iNWRlLTA1N2M1MjM0N2JjNSIsImltcHJlc3Npb25faWQiOiI3MDdkOTQ2Zi00Y2JmLTQyZGYtODE1Mi1lYjc3MTQ5Y2ZlYjAiLCJwcm92aWRlcl9pZCI6NTk1MDY2LCJmZWF0dXJlZF9saXN0aW5nX2lkIjo0NTgsImZlYXR1cmVkX3Bvc2l0aW9uX2lkIjoyMzYyMTgsInBvc2l0aW9uIjoxLCJpc19zcG90bGlnaHQiOmZhbHNlfQ:1vtqdV:xkI4Mi_YdScoKKGGlI3y5HHZKAJUsMBSqnH0E_umMC8,Serves Australia,4.933,50000,29,"['55% Mobile App Development', '35% Custom Software Development', '10% Web Development']",False
AU,clutch.co,Innowise,https://ppc.clutch.co/ppc/click/%3Fs%3DeyJkZWNpc2lvbl9pZCI6IjNjMDIyZjI2LTQ5NzAtNDVkMS1iNWRlLTA1N2M1MjM0N2JjNSIsImltcHJlc3Npb25faWQiOiI1YzgwYWUzNy0xMWI2LTRkYjUtYWRjOC0yMDUwMWZmOWFjZTAiLCJwcm92aWRlcl9pZCI6NDc3NjUzLCJmZWF0dXJlZF9saXN0aW5nX2lkIjo0NTgsImZlYXR1cmVkX3Bvc2l0aW9uX2lkIjozNzk1OTgsInBvc2l0aW9uIjoyLCJpc19zcG90bGlnaHQiOmZhbHNlfQ:1vtqdV:jv3vVHI3D4mAI7E3K5BKKzotg8g0UU81GOapLYTSE6k,Serves Australia,4.972,10000,29,"['10% Web Development', '10% AI Development', '10% Blockchain', '10% Cloud Consulting & SI', '10% Custom Software Development', '10% E-Commerce Development', '10% IT Staff Augmentation', '10% Mobile App Development']",False
AU,clutch.co,WP Creative,https://ppc.clutch.co/ppc/click/%3Fs%3DeyJkZWNpc2lvbl9pZCI6IjNjMDIyZjI2LTQ5NzAtNDVkMS1iNWRlLTA1N2M1MjM0N2JjNSIsImltcHJlc3Npb25faWQiOiJjYzQ4NWRmZS1kMGMzLTQzMTItYmE2OC1iN2I5NTQ4MmIwZjUiLCJwcm92aWRlcl9pZCI6MTY5MDQyMSwiZmVhdHVyZWRfbGlzdGluZ19pZCI6NDU4LCJmZWF0dXJlZF9wb3NpdGlvbl9pZCI6MzMyNTgwLCJwb3NpdGlvbiI6MywiaXNfc3BvdGxpZ2h0IjpmYWxzZX0:1vtqdV:TSBF0PZRJJNZkvDlGlJZHKWSH9xadhViFlwJJ0YdfzI,Serves Australia,5.024,10000,29,"['70% Web Development', '20% Web Design', '10% E-Commerce Development']",False
AU,clutch.co,Sonder Digital Marketing,,"Newstead, Australia",5.02,5000,29,"['30% Web Development', '30% Search Engine Optimization', '10% Digital Strategy']",False
AU,clutch.co,Aston Social,,"Melbourne, Australia",5.03,1000,29,"['30% Search Engine Optimization', '15% Web Development']",False
AU,clutch.co,Studio Moso,,"South Melbourne, Australia",5.02,10000,29,"['30% Web Development', '20% IT Staff Augmentation', '15% UX/UI Design', '15% Web Design']",False
AU,clutch.co,Refuel Creative,,"Port Adelaide, Australia",5.01,5000,29,"['20% Web Development', '10% Digital Strategy']",False
AU,clutch.co,Cherrypick Agency,,"Blacktown, Australia",5.013,10000,29,"['15% Mobile App Development', '10% Web Development', '10% Custom Software Development', '10% Low/No Code Development']",False
AU,clutch.co,victoria IT,,"Tarneit, Australia",5.01,5000,29,"['20% Web Development', '20% Cloud Consulting & SI']",False
AU,clutch.co,Blitzm Systems Pty Ltd,,"Canberra, Australia",5.01,10000,22,"['18% Low/No Code Development', '15% Web Development', '10% Custom Software Development', '5% Cloud Consulting & SI', '5% IT Staff Augmentation', '5% Search Engine Optimization', '5% UX/UI Design', '1% Web Design']",False
AU,clutch.co,Fgfactory Australia,,"Bentleigh East, Australia",5.01,10000,29,"['35% Custom Software Development', '35% Mobile App Development', '30% Web Development']",False
AU,clutch.co,The Interaction Consortium,,"Chippendale, Australia",4.83,25000,29,"['75% Web Development', '10% UX/UI Design', '5% Mobile App Development']",False
AU,clutch.co,We Make Apps,,"Collingwood, Australia",5.01,25000,29,"['50% Mobile App Development', '10% Web Development']",False
AU,clutch.co,Y Interval,,"Bankstown, Australia",5.01,5000,29,"['35% Mobile App Development', '20% Web Development', '10% Low/No Code Development', '5% Blockchain', '5% E-Commerce Development']",False
AU,clutch.co,iGeekTeam,,"Sydney, Australia",4.83,1000,29,"['40% Mobile App Development', '30% Web Development', '30% Search Engine Optimization']",False
AU,clutch.co,BSO Digital,,"Moonee Ponds, Australia",5.01,5000,29,"['50% Web Development', '40% Web Design', '5% Search Engine Optimization']",False
AU,clutch.co,theAD - Sydney's Digital Agency,,"Ultimo, Australia",4.27,1000,29,"['30% Web Development', '30% Mobile App Development', '20% Search Engine Optimization']",False
AU,clutch.co,App Boxer,,"Baulkham Hills, Australia",3.77,10000,29,"['90% Mobile App Development', '10% Web Development']",False
AU,clutch.co,Snapio Pty Ltd,,"Brendale, Australia",4.82,5000,29,"['30% Custom Software Development', '20% Web Development', '10% E-Commerce Development']",False
AU,clutch.co,Up & Gro,,"Melbourne, Australia",5.07,1000,29,"['25% Web Development', '25% Web Design', '15% E-Commerce Development', '15% Mobile App Development']",False
AU,clutch.co,Metrix,,"Morningside, Australia",5.02,100000,29,"['25% E-Commerce Development', '20% Web Development', '10% Custom Software Development', '10% Low/No Code Development']",False
AU,clutch.co,Creative Click,,"Sydney, Australia",5.01,5000,29,"['50% Web Development', '50% Web Design']",False
AU,clutch.co,KDM Digital Marketing,,"Fortitude Valley, Australia",5.03,1000,29,"['20% Digital Strategy', '20% Search Engine Optimization', '10% Web Development']",False
AU,clutch.co,Team-X Web Development and SEO,,"Doncaster, Australia",5.01,0,29,"['50% Web Development', '50% Web Design']",False
AU,clutch.co,The Digital Embassy,,"Adelaide, Australia",5.02,25000,29,"['30% Web Development', '15% Digital Strategy', '10% Mobile App Development', '10% Web Design', '5% Pay Per Click', '5% Search Engine Optimization', '5% UX/UI Design']",False
AU,clutch.co,Convert Studios,,"Perth, Australia",5.01,25000,29,"['15% IoT Development', '15% Low/No Code Development', '10% Web Development']",False
AU,clutch.co,MRU Consulting,,"Brisbane City, Australia",5.03,5000,29,"['50% Custom Software Development', '20% Web Development', '10% Mobile App Development']",False
AU,clutch.co,Pounce Agency,,"Sydney, Australia",4.97,5000,29,"['35% Search Engine Optimization', '20% Web Development', '10% AI Development', '10% Branding']",False
AU,clutch.co,Digitalrooar,,"Liverpool, Australia",5.02,1000,29,"['30% E-Commerce Development', '15% Web Development', '10% Low/No Code Development', '10% Pay Per Click', '10% Search Engine Optimization']",False
AU,clutch.co,Spring Web Solutions,,"Shenton Park, Australia",4.52,0,29,"['40% E-Commerce Development', '30% Web Development', '10% Web Design', '5% Cloud Consulting & SI']",False
AU,clutch.co,Adonis Media,,"Brisbane City, Australia",5.06,10000,29,"['20% Web Development', '15% Pay Per Click', '10% Custom Software Development', '10% Search Engine Optimization', '5% AI Development']",False
AU,clutch.co,The Code Company Pty Ltd,,"Brisbane City, Australia",4.51,50000,29,"['70% Web Development', '20% Digital Strategy', '10% UX/UI Design']",False
AU,clutch.co,Horizon Labs,,"Prahran, Australia",5.02,0,29,"['50% Mobile App Development', '40% Web Development', '10% BI & Big Data Consulting & SI']",False
AU,clutch.co,NOVORIUM,,"Chippendale, Australia",5.03,5000,29,"['25% Web Development', '25% Branding', '10% Mobile App Development', '10% Search Engine Optimization', '5% Digital Strategy']",False
AU,clutch.co,DDSN Interactive,,"South Melbourne, Australia",4.86,1000,29,"['20% Web Development', '20% Custom Software Development', '20% E-Commerce Development', '20% Mobile App Development']",False
AU,clutch.co,Major Creative,,"Chadstone, Australia",5.01,10000,29,"['35% Web Development', '20% Web Design', '10% Low/No Code Development', '10% UX/UI Design', '5% E-Commerce Development']",False
AU,clutch.co,TechDilation,,"West Perth, Australia",5.06,5000,29,"['30% Mobile App Development', '20% E-Commerce Development', '15% Web Development', '10% Web Design', '5% IT Staff Augmentation']",False
AU,clutch.co,Laneways Software and Digital Pty Ltd,,"Port Melbourne, Australia",5.02,25000,29,"['10% Web Development', '10% Custom Software Development', '10% E-Commerce Development', '10% Mobile App Development', '10% Pay Per Click', '10% Search Engine Optimization', '10% UX/UI Design', '10% Web Design']",False
AU,clutch.co,Web Doodle,,"Seven Hills, Australia",5.01,1000,29,"['20% Web Development', '10% Branding', '10% Custom Software Development', '10% E-Commerce Development', '5% Application Testing', '5% Mobile App Development']",False
AU,clutch.co,SCSS Consulting,,"Surry Hills, Australia",5.06,10000,29,"['45% Web Development', '25% Custom Software Development', '10% Low/No Code Development']",False
AU,clutch.co,applickable,,"Collingwood, Australia",4.65,0,50,"['30% Web Development', '30% Mobile App Development']",False
AU,clutch.co,Quadque Technologies Limited,,"Bankstown, Australia",5.02,0,29,"['15% Web Development', '15% Search Engine Optimization', '10% Custom Software Development']",False
AU,clutch.co,Folio Manager,,"Brisbane, Australia",5.03,1000,29,"['20% Web Development', '20% Search Engine Optimization', '5% Digital Strategy', '1% Application Testing', '1% Custom Software Development', '1% E-Commerce Development']",False
AU,clutch.co,Sydney Digital Agency,,"Potts Point, Australia",5.04,5000,29,"['15% Pay Per Click', '10% Web Development', '10% UX/UI Design', '10% Web Design']",False
AU,clutch.co,X2hundred,,"Bankstown, Australia",5.01,1000,29,"['35% Web Development', '35% E-Commerce Development', '15% Mobile App Development']",False
AU,clutch.co,Empite,,"Mulgrave, Australia",5.03,10000,29,"['25% Web Development', '25% Custom Software Development', '25% Mobile App Development']",False
AU,clutch.co,ITC Group,,"Belmore, Australia",4.83,10000,18,"['35% Custom Software Development', '10% Web Development', '10% Mobile App Development', '5% Application Testing', '5% Cloud Consulting & SI', '5% IoT Development']",False
AU,clutch.co,Perth Digital Edge,,"Wanneroo, Australia",5.02,1000,29,"['50% Search Engine Optimization', '20% Web Development', '10% UX/UI Design']",False
AU,clutch.co,Digital Eagles Marketing Agency,,"Melbourne, Australia",5.03,1000,50,"['40% Search Engine Optimization', '10% Web Development', '10% Pay Per Click', '10% Web Design']",False
AU,clutch.co,Upscalix,,"Melbourne, Australia",5.02,5000,29,"['10% Web Development', '10% Custom Software Development', '10% E-Commerce Development', '10% Mobile App Development']",False
AU,clutch.co,4mation Technologies,,"Surry Hills, Australia",5.01,10000,29,"['10% Web Development', '10% Cloud Consulting & SI', '10% Custom Software Development', '10% Digital Strategy', '10% IT Staff Augmentation', '10% Mobile App Development', '10% UX/UI Design', '10% Web Design']",False
AU,clutch.co,Platinum SEO,,"Kew, Australia",5.01,1000,29,"['40% Search Engine Optimization', '30% Web Development', '30% Digital Strategy']",False
AU,clutch.co,ISH Technologies,,"Brisbane City, Australia",4.82,25000,100,"['25% Web Development', '25% IT Staff Augmentation', '15% Custom Software Development', '10% Low/No Code Development']",False
SA,clutch.co,CubeZoo,https://www.cubezoo.co.za/project-kickoff/%3Futm_source%3Dclutch.co%26utm_medium%3Dreferral%3Futm_source%3Dclutch.co%26utm_medium%3Dreferral%26utm_campaign%3Dza-web-developers,"Johannesburg, South Africa",4.931,10000,29,"['30% Mobile App Development', '20% Web Development', '15% Custom Software Development', '15% UX/UI Design']",False
SA,clutch.co,Coherent Solutions,https://ppc.clutch.co/ppc/click/%3Fs%3DeyJkZWNpc2lvbl9pZCI6ImJmODYzZGYzLWI0OTctNDFhOC05MGYwLWFiYmU5YTFmYzkxYiIsImltcHJlc3Npb25faWQiOiJmYmFlMzJlMy1hMGQ5LTQ1MGYtYmZjOC0wMGZmZjEwMDMwYWUiLCJwcm92aWRlcl9pZCI6ODI0NDksImZlYXR1cmVkX2xpc3RpbmdfaWQiOjIsImZlYXR1cmVkX3Bvc2l0aW9uX2lkIjozNDgyODIsInBvc2l0aW9uIjoxLCJpc19zcG90bGlnaHQiOmZhbHNlfQ:1vtqdl:A_kqDQh-UmZqSV5uNYOR6NZpdeE5X5NMTgHFX2PufIg,Serves South Africa,4.73,50000,14,"['30% AI Development', '15% Web Development', '10% Cloud Consulting & SI']",False
SA,clutch.co,Proven,https://ppc.clutch.co/ppc/click/%3Fs%3DeyJkZWNpc2lvbl9pZCI6ImJmODYzZGYzLWI0OTctNDFhOC05MGYwLWFiYmU5YTFmYzkxYiIsImltcHJlc3Npb25faWQiOiJiYzY3ZDRhYy01Y2JmLTRhYzUtOGEyZC0yZmI0MWQ0ODQ4YzQiLCJwcm92aWRlcl9pZCI6MzUwNTgwLCJmZWF0dXJlZF9saXN0aW5nX2lkIjoyLCJmZWF0dXJlZF9wb3NpdGlvbl9pZCI6MjM3OTU4LCJwb3NpdGlvbiI6MiwiaXNfc3BvdGxpZ2h0IjpmYWxzZX0:1vtqdl:H1ywreDJn1Jub9twm1b-7HqoCHiSXQoUffALjN52ljc,Serves South Africa,4.912,25000,29,"['25% Web Development', '25% Web Design', '10% Custom Software Development', '10% UX/UI Design']",False
SA,clutch.co,Storm Brain,https://ppc.clutch.co/ppc/click/%3Fs%3DeyJkZWNpc2lvbl9pZCI6ImJmODYzZGYzLWI0OTctNDFhOC05MGYwLWFiYmU5YTFmYzkxYiIsImltcHJlc3Npb25faWQiOiI5NjZlYWRhMC1iYTA1LTQzMWQtYjk1Zi1mMjY5NDUzYjUwNDUiLCJwcm92aWRlcl9pZCI6MTQ0MzUyLCJmZWF0dXJlZF9saXN0aW5nX2lkIjoyLCJmZWF0dXJlZF9wb3NpdGlvbl9pZCI6MzAzNTk5LCJwb3NpdGlvbiI6MywiaXNfc3BvdGxpZ2h0IjpmYWxzZX0:1vtqdl:K6r53HQhw13Ypx0FYvM5SuRkz2XeqtM-goePkHipfU0,Serves South Africa,5.0124,10000,29,"['40% Web Design', '20% Web Development', '10% E-Commerce Development', '10% Pay Per Click', '10% Search Engine Optimization']",False
SA,clutch.co,Brave Digital,https://www.bravedigital.com/development/%3Futm_source%3Dclutch.co%26utm_medium%3Dreferral%26utm_campaign%3Dza-web-developers,"Cape Town, South Africa",4.88,10000,29,"['50% Web Development', '30% Web Design', '20% Custom Software Development']",False
SA,clutch.co,Origen Software,https://origensoftware.com/%3Futm_source%3Dclutch.co%26utm_medium%3Dreferral%26utm_campaign%3Dza-web-developers,"Cape Town, South Africa",5.024,25000,29,"['40% Mobile App Development', '30% Web Development', '10% UX/UI Design']",False
SA,clutch.co,DRUM'N'CODE,https://ppc.clutch.co/ppc/click/%3Fs%3DeyJkZWNpc2lvbl9pZCI6ImJmODYzZGYzLWI0OTctNDFhOC05MGYwLWFiYmU5YTFmYzkxYiIsImltcHJlc3Npb25faWQiOiI2MDM4N2U0Yy1kZjk3LTRhM2UtYTQxZi0yNWVjZWU2N2JkYjMiLCJwcm92aWRlcl9pZCI6MTE1NDM1OCwiZmVhdHVyZWRfbGlzdGluZ19pZCI6MiwiZmVhdHVyZWRfcG9zaXRpb25faWQiOjI1OTc1OCwicG9zaXRpb24iOjQsImlzX3Nwb3RsaWdodCI6ZmFsc2V9:1vtqdl:owb4ykJeknLhnsR7CVECd5DNNyHGm6cQ4CYfMQLgOxo,Serves South Africa,5.025,1000,29,"['30% Web Development', '30% Custom Software Development', '15% Web Design', '10% Mobile App Development']",False
SA,clutch.co,Appunite,https://ppc.clutch.co/ppc/click/%3Fs%3DeyJkZWNpc2lvbl9pZCI6ImJmODYzZGYzLWI0OTctNDFhOC05MGYwLWFiYmU5YTFmYzkxYiIsImltcHJlc3Npb25faWQiOiI3ODBiNWJmYS01OWYyLTQzMmItYWQ0Ny01OWZlMDYxY2Y0MTQiLCJwcm92aWRlcl9pZCI6MzMyMTgsImZlYXR1cmVkX2xpc3RpbmdfaWQiOjIsImZlYXR1cmVkX3Bvc2l0aW9uX2lkIjoyMzc2MzYsInBvc2l0aW9uIjo1LCJpc19zcG90bGlnaHQiOmZhbHNlfQ:1vtqdl:VNhj7GmOZm5zd3ehS_-zWvuJ8jpj33Kbdy_oaDfeji8,Serves South Africa,4.921,10000,29,"['20% Web Development', '20% Custom Software Development', '10% E-Commerce Development', '10% Generative AI', '10% Low/No Code Development', '10% Web Design']",False
SA,clutch.co,TKX Media,https://ppc.clutch.co/ppc/click/%3Fs%3DeyJkZWNpc2lvbl9pZCI6ImJmODYzZGYzLWI0OTctNDFhOC05MGYwLWFiYmU5YTFmYzkxYiIsImltcHJlc3Npb25faWQiOiI3YzMxODFlNS1mZmY4LTRhMzEtYWZlMi1lOTNiYjBhYjE3MzAiLCJwcm92aWRlcl9pZCI6MjUzMTE5NCwiZmVhdHVyZWRfbGlzdGluZ19pZCI6MiwiZmVhdHVyZWRfcG9zaXRpb25faWQiOjM1MTI2MSwicG9zaXRpb24iOjYsImlzX3Nwb3RsaWdodCI6ZmFsc2V9:1vtqdl:2XXD4f8EZ88nvtMhMzjK8JosQ_HIBkDfF4rPURIjkh0,Serves South Africa,5.012,5000,29,"['40% Search Engine Optimization', '40% Web Design', '20% Advertising']",False
SA,clutch.co,Modern Day Strategy,https://www.moderndaystrategy.com,"Cape Town, South Africa",5.028,1000,29,"['30% Mobile App Development', '20% Web Development', '10% Custom Software Development', '10% Low/No Code Development', '10% Web Design']",False
SA,clutch.co,Clickmod,https://www.clickmod.co.za,"Centurion, South Africa",4.73,25000,29,"['35% Custom Software Development', '20% Web Development', '20% Mobile App Development']",False
SA,clutch.co,Agile Routes,https://agileroutes.com/,"Randburg, South Africa",5.09,5000,29,"['40% Web Development', '35% Custom Software Development', '10% Web Design', '5% E-Commerce Development']",False
SA,clutch.co,WEBINK,https://webink.agency,"Sandton, South Africa",4.95,1000,29,"['10% Web Development', '10% E-Commerce Development', '10% Search Engine Optimization', '10% UX/UI Design']",False
SA,clutch.co,Geniusee,https://ppc.clutch.co/ppc/click/%3Fs%3DeyJkZWNpc2lvbl9pZCI6ImJmODYzZGYzLWI0OTctNDFhOC05MGYwLWFiYmU5YTFmYzkxYiIsImltcHJlc3Npb25faWQiOiJhMDg3NGY5YS1kZDNhLTRhMjgtYjE3Zi04YjhhODgzNDdiYjUiLCJwcm92aWRlcl9pZCI6MTUzOTkxLCJmZWF0dXJlZF9saXN0aW5nX2lkIjoyLCJmZWF0dXJlZF9wb3NpdGlvbl9pZCI6Mjg5NjUxLCJwb3NpdGlvbiI6NywiaXNfc3BvdGxpZ2h0IjpmYWxzZX0:1vtqdl:hh44pf9meyLf3rzt8o-RnlOGQ4UZYCaiTXBWzU4yFfg,Serves South Africa,5.067,50000,29,"['40% Web Development', '40% Custom Software Development', '10% Cloud Consulting & SI']",False
SA,clutch.co,"TRIARE, LLC",https://ppc.clutch.co/ppc/click/%3Fs%3DeyJkZWNpc2lvbl9pZCI6ImJmODYzZGYzLWI0OTctNDFhOC05MGYwLWFiYmU5YTFmYzkxYiIsImltcHJlc3Npb25faWQiOiJkYWFhZjFkZS02N2Q1LTRkZjAtYTQ3MC1jNWE0MTQ3ZmNmMGYiLCJwcm92aWRlcl9pZCI6Njg3NjgxLCJmZWF0dXJlZF9saXN0aW5nX2lkIjoyLCJmZWF0dXJlZF9wb3NpdGlvbl9pZCI6MjM5ODU0LCJwb3NpdGlvbiI6OCwiaXNfc3BvdGxpZ2h0IjpmYWxzZX0:1vtqdl:fnQ-DwPuTeYQk4uX96UerVzMBtgNpUWjA2fNb_wxWMY,Serves South Africa,4.937,10000,29,"['41% Mobile App Development', '35% Web Development', '12% UX/UI Design']",False
SA,clutch.co,Arounda,https://ppc.clutch.co/ppc/click/%3Fs%3DeyJkZWNpc2lvbl9pZCI6ImJmODYzZGYzLWI0OTctNDFhOC05MGYwLWFiYmU5YTFmYzkxYiIsImltcHJlc3Npb25faWQiOiI3YmFlYjc1NS1jY2U4LTRjZDUtOGMyMS05MTcxM2Q3NWE4N2YiLCJwcm92aWRlcl9pZCI6MTE1MzA3MCwiZmVhdHVyZWRfbGlzdGluZ19pZCI6MiwiZmVhdHVyZWRfcG9zaXRpb25faWQiOjM3MzE4NywicG9zaXRpb24iOjksImlzX3Nwb3RsaWdodCI6ZmFsc2V9:1vtqdl:FISGqcBifxfeAw0fTFHCvjPSQ4VoHZv6VTW0ToMWHIU,Completed projects in 19 countries,5.072,25000,29,"['30% Web Development', '30% UX/UI Design', '10% Branding']",False
SA,clutch.co,Decode Development,https://www.decodedev.com/,"Cape Town, South Africa",5.01,5000,29,['30% Web Development'],False
SA,clutch.co,SovTech,,"Cape Town, South Africa",4.17,10000,30,"['30% Web Development', '30% Mobile App Development', '15% Cloud Consulting & SI']",False
SA,clutch.co,Dev Technosys,https://ppc.clutch.co/ppc/click/%3Fs%3DeyJkZWNpc2lvbl9pZCI6ImJmODYzZGYzLWI0OTctNDFhOC05MGYwLWFiYmU5YTFmYzkxYiIsImltcHJlc3Npb25faWQiOiI1N2ZlOWM0YS1kMGI3LTQyZGQtOTRkOS1kY2U3ZDhjOTA3ZmIiLCJwcm92aWRlcl9pZCI6NDYzMzQsImZlYXR1cmVkX2xpc3RpbmdfaWQiOjIsImZlYXR1cmVkX3Bvc2l0aW9uX2lkIjozNzc2ODUsInBvc2l0aW9uIjoxMCwiaXNfc3BvdGxpZ2h0IjpmYWxzZX0:1vtqdl:wm07m5Ziv6daufZaMzTcuv9Jh8Gx-hB_F4jowAidu7o,Serves South Africa,4.8201,10000,100,"['55% Blockchain', '35% Mobile App Development', '10% Web Development']",False
SA,clutch.co,Rekos Agency,https://ppc.clutch.co/ppc/click/%3Fs%3DeyJkZWNpc2lvbl9pZCI6ImJmODYzZGYzLWI0OTctNDFhOC05MGYwLWFiYmU5YTFmYzkxYiIsImltcHJlc3Npb25faWQiOiI4NjU5NWRjNy02ODk1LTQ1NjAtYTY4Yy1hMjYxYzQyYzc5YzEiLCJwcm92aWRlcl9pZCI6MjA2NzA4NywiZmVhdHVyZWRfbGlzdGluZ19pZCI6MiwiZmVhdHVyZWRfcG9zaXRpb25faWQiOjI2NDIwMywicG9zaXRpb24iOjExLCJpc19zcG90bGlnaHQiOmZhbHNlfQ:1vtqdl:pp-El4tpBqPQDvLbeTF_otQNxZgayHKog9phf9hvVSc,Serves South Africa,4.926,5000,29,"['30% Web Development', '30% Web Design', '20% UX/UI Design']",False
SA,clutch.co,Crest Coder Private Limited,https://ppc.clutch.co/ppc/click/%3Fs%3DeyJkZWNpc2lvbl9pZCI6ImJmODYzZGYzLWI0OTctNDFhOC05MGYwLWFiYmU5YTFmYzkxYiIsImltcHJlc3Npb25faWQiOiI1YWI2ZTYwNS1jMWI2LTQ0ZTctOWQyOC1hNDYwODE2NmMxZDIiLCJwcm92aWRlcl9pZCI6NzA3NjE5LCJmZWF0dXJlZF9saXN0aW5nX2lkIjoyLCJmZWF0dXJlZF9wb3NpdGlvbl9pZCI6Mzg2MjM1LCJwb3NpdGlvbiI6MTIsImlzX3Nwb3RsaWdodCI6ZmFsc2V9:1vtqdl:WTCWjb3gNsUvEXyqgQ4FBuWAJcOIKIyho_WmwMzFpW4,Serves South Africa,4.734,5000,29,"['50% Web Development', '50% Mobile App Development']",False
SA,clutch.co,Elemental,,"Cape Town, South Africa",4.53,5000,29,"['60% Web Development', '40% Custom Software Development']",False
SA,clutch.co,Liorra Tech,,"Cape Town, South Africa",4.97,10000,3,"['30% Mobile App Development', '25% Web Development', '10% Application Testing', '10% Low/No Code Development']",False
SA,clutch.co,Appello Software,https://ppc.clutch.co/ppc/click/%3Fs%3DeyJkZWNpc2lvbl9pZCI6ImJmODYzZGYzLWI0OTctNDFhOC05MGYwLWFiYmU5YTFmYzkxYiIsImltcHJlc3Npb25faWQiOiJkZjc0OGE0NS00ZWU3LTRhYjQtODZkMC00NGVmZmMxOTAzODkiLCJwcm92aWRlcl9pZCI6NTk1MDY2LCJmZWF0dXJlZF9saXN0aW5nX2lkIjoyLCJmZWF0dXJlZF9wb3NpdGlvbl9pZCI6MjM2MTQyLCJwb3NpdGlvbiI6MTMsImlzX3Nwb3RsaWdodCI6ZmFsc2V9:1vtqdl:gE0FlgmUxVaNyB4zq4F7-wd4Qg4pT-jkKsBYxQJvfI4,Serves South Africa,4.933,50000,33,"['55% Mobile App Development', '35% Custom Software Development', '10% Web Development']",False
SA,clutch.co,Read more,https://ppc.clutch.co/ppc/click/%3Fs%3DeyJkZWNpc2lvbl9pZCI6ImJmODYzZGYzLWI0OTctNDFhOC05MGYwLWFiYmU5YTFmYzkxYiIsImltcHJlc3Npb25faWQiOiI0MmEzNmYwMC03MDJmLTRiYWYtODVhYy0wOTE1NDRhN2U4ZDEiLCJwcm92aWRlcl9pZCI6MjUxNjkxNSwiZmVhdHVyZWRfbGlzdGluZ19pZCI6MiwiZmVhdHVyZWRfcG9zaXRpb25faWQiOjM4MjQ2NywicG9zaXRpb24iOjE0LCJpc19zcG90bGlnaHQiOmZhbHNlfQ:1vtqdl:UduiIVzoBJFily4Y0k236ehZUowPoEEBzZEYxEhXEkE,South Africa,0.0,10000,29,"['20% Web Development', '20% AI Development', '20% Mobile App Development', '20% UX/UI Design']",False
SA,clutch.co,ExpandX,https://ppc.clutch.co/ppc/click/%3Fs%3DeyJkZWNpc2lvbl9pZCI6ImJmODYzZGYzLWI0OTctNDFhOC05MGYwLWFiYmU5YTFmYzkxYiIsImltcHJlc3Npb25faWQiOiI0MGM0Y2ZhNC05ZjdlLTQ1OWItOWVlNy1iMWU3ZDhjYzY2YzQiLCJwcm92aWRlcl9pZCI6NzMyNTA0LCJmZWF0dXJlZF9saXN0aW5nX2lkIjoyLCJmZWF0dXJlZF9wb3NpdGlvbl9pZCI6Mzg1MTMxLCJwb3NpdGlvbiI6MTUsImlzX3Nwb3RsaWdodCI6ZmFsc2V9:1vtqdl:xV654TCUYCaX08IGpCYOtfo5-1G0KcQvzXzO9k7d69I,Serves South Africa,5.066,10000,29,"['30% Web Development', '20% E-Commerce Development', '10% Web Design']",False
SA,clutch.co,Haefele Software,,"Cape Town, South Africa",4.812,10000,29,"['40% Custom Software Development', '10% Web Development', '5% IT Staff Augmentation', '5% Mobile App Development']",False
SA,clutch.co,Bluebird Technologies,,"Johannesburg, South Africa",5.04,5000,100,"['30% Web Development', '20% Custom Software Development', '10% E-Commerce Development', '10% Low/No Code Development']",False
SA,clutch.co,Melsoft,,"Johannesburg, South Africa",4.824,1000,29,"['20% Web Development', '20% Custom Software Development', '10% AI Development', '10% E-Commerce Development', '10% Low/No Code Development', '10% Web Design']",False
SA,clutch.co,Softserve Digital Development,,"Edenvale, South Africa",5.03,5000,29,"['24% Custom Software Development', '16% Web Development', '15% UX/UI Design', '15% Web Design', '5% E-Commerce Development']",False
SA,clutch.co,TypeDev.io,,"Cape Town, South Africa",5.01,10000,26,"['15% Custom Software Development', '15% IT Staff Augmentation', '15% UX/UI Design', '10% Web Development', '10% E-Commerce Development', '10% Mobile App Development']",False
SA,clutch.co,Scrums.com,,"Randburg, South Africa",5.02,25000,100,"['20% Web Development', '20% Mobile App Development']",False
SA,clutch.co,BluShift Consulting,,"Cape Town, South Africa",4.94,1000,50,"['35% Mobile App Development', '25% Web Development', '10% Low/No Code Development']",False
SA,clutch.co,Web SEM Online,,"Cape Town, South Africa",5.02,1000,29,"['40% Search Engine Optimization', '20% Web Development', '10% Low/No Code Development']",False
SA,clutch.co,CRT Digital,,"George, South Africa",4.83,1000,29,"['25% Web Development', '25% E-Commerce Development', '10% Branding', '10% Mobile App Development', '10% Search Engine Optimization']",False
SA,clutch.co,Helios Design,,"Johannesburg, South Africa",5.03,0,29,"['40% Web Development', '30% Web Design', '10% Low/No Code Development']",False
SA,clutch.co,SyberGrupe,,"Randburg, South Africa",5.05,1000,29,"['10% Web Development', '10% E-Commerce Development', '10% Search Engine Optimization', '10% UX/UI Design', '10% Web Design', '5% Mobile App Development', '2% Branding', '2% Digital Strategy', '1% Custom Software Development']",False
SA,clutch.co,AUX Studio,,"Cape Town, South Africa",4.84,25000,29,"['50% UX/UI Design', '25% Web Development', '25% Mobile App Development']",False
SA,clutch.co,Vegatech,,"Cape Town, South Africa",5.012,1000,29,"['20% Web Development', '20% E-Commerce Development', '20% Search Engine Optimization', '20% Web Design']",False
SA,clutch.co,Bermont,,"Cape Town, South Africa",5.07,1000,29,"['20% Custom Software Development', '15% Web Development', '10% AI Development', '5% Generative AI', '5% Web Design']",False
SA,clutch.co,Mut-Con (Pty) Ltd,,"Johannesburg, South Africa",4.91,0,29,"['10% Web Development', '10% E-Commerce Development', '10% Pay Per Click', '10% Search Engine Optimization', '10% Web Design']",False
SA,clutch.co,Terra Digital,,"Cape Town, South Africa",5.02,1000,29,"['25% Web Development', '10% Digital Strategy', '10% E-Commerce Development', '10% Search Engine Optimization', '10% Web Design']",False
SA,clutch.co,Evolvea Systems,,"Benoni, South Africa",4.99,10000,29,"['30% Web Development', '30% Custom Software Development']",False
SA,clutch.co,Moontu Digital Solutions,,"Cape Town, South Africa",5.02,1000,29,"['30% Mobile App Development', '10% Web Development', '10% Blockchain', '10% UX/UI Design']",False
SA,clutch.co,Pixel Perfect,,"Somerset West, South Africa",5.07,5000,29,"['20% Web Development', '10% Branding', '10% E-Commerce Development', '10% Web Design', '5% Search Engine Optimization']",False
SA,clutch.co,Fluidity Software Solutions,,"Cape Town, South Africa",4.68,25000,100,"['25% Web Development', '25% Blockchain', '10% Application Testing', '5% Custom Software Development', '5% E-Commerce Development', '5% IoT Development']",False
SA,clutch.co,Versys Media,,"Sandton, South Africa",5.03,1000,29,"['40% Web Design', '20% Web Development', '10% Search Engine Optimization']",False
SA,clutch.co,Netgen Custom Software,,"Cape Town, South Africa",5.02,1000,59,"['50% Custom Software Development', '20% Web Development', '5% Digital Strategy']",False
SA,clutch.co,FUTUREBORN®,,"Cape Town, South Africa",4.83,1000,29,"['10% Web Development', '10% Digital Strategy', '10% E-Commerce Development', '10% UX/UI Design', '10% Web Design', '5% Branding']",False
SA,clutch.co,PINECONEPIXEL APP DEVELOPMENT (PTY) LTD,,"Johannesburg, South Africa",5.01,10000,29,"['50% Web Development', '50% Custom Software Development']",False
SA,clutch.co,The Delta,,"Cape Town, South Africa",4.82,5000,29,"['20% Mobile App Development', '20% UX/UI Design', '10% Web Development', '10% Low/No Code Development']",False
SA,clutch.co,Realm Digital,,"Cape Town, South Africa",4.64,10000,29,"['20% Web Development', '20% Custom Software Development', '20% Mobile App Development']",False
SA,clutch.co,Crockett Produced (Pty) Ltd,,"Sandton, South Africa",4.82,1000,29,['25% Web Development'],False
SA,clutch.co,Octrotus Online Solutions,,"Pretoria, South Africa",4.82,5000,29,"['50% Mobile App Development', '10% Web Development', '10% E-Commerce Development', '10% Low/No Code Development', '10% Web Design']",False
SA,clutch.co,Adworth,,"Cape Town, South Africa",5.01,1000,29,"['10% Web Development', '10% Search Engine Optimization', '10% UX/UI Design', '10% Web Design']",False
SA,clutch.co,Digital Design Agency Group,,"Johannesburg, South Africa",5.03,1000,29,"['40% E-Commerce Development', '10% Web Development', '10% Mobile App Development']",False
SA,clutch.co,TransformIT Dynamics,,"Vanderbijlpark, South Africa",4.82,5000,29,"['20% Web Development', '20% E-Commerce Development', '10% Custom Software Development', '10% IoT Development']",False
SA,clutch.co,Codenatics,,"Cape Town, South Africa",4.52,250000,29,"['30% Custom Software Development', '20% Mobile App Development', '10% Web Development', '10% AI Development', '10% Blockchain']",False
SA,clutch.co,Monkey and River,,"Centurion, South Africa",5.01,1000,29,"['20% Web Development', '20% Custom Software Development', '20% IT Staff Augmentation', '20% UX/UI Design']",False
SA,clutch.co,Appstrax Technology,,"Cape Town, South Africa",5.02,10000,50,"['30% Custom Software Development', '20% Web Development', '10% Blockchain', '10% IoT Development']",False
SA,clutch.co,Kaitech (Pty) Ltd,,"Pretoria, South Africa",4.83,1000,29,"['35% Web Development', '25% Web Design', '10% Pay Per Click', '10% Search Engine Optimization', '5% UX/UI Design']",False
SA,clutch.co,The Mail Exchange CC,,"Cape Town, South Africa",5.02,0,29,"['30% Web Design', '15% Web Development', '10% Pay Per Click', '10% Search Engine Optimization', '5% Digital Strategy']",False
SA,clutch.co,Thought Inc.,,"Johannesburg, South Africa",4.51,5000,29,"['30% Web Development', '30% Mobile App Development', '10% Custom Software Development', '10% UX/UI Design', '10% Web Design']",False
SA,clutch.co,BNRY Digital,,"Cape Town, South Africa",5.01,25000,71,"['20% Web Development', '20% Web Design']",False
SA,clutch.co,SovTech,https://www.sovtech.com,"Randburg, South Africa",0.0,10000,29,['30% Web Development'],False
SA,clutch.co,Elemental,https://www.elemental.agency/,"Cape Town, South Africa",0.0,5000,29,['60% Web Development'],False
SA,clutch.co,Liorra Tech,https://www.liorra.io/book-a-call%3Futm_source%3Dclutch.co%26utm_medium%3Dreferral%26utm_campaign%3Dza-web-developers,"Cape Town, South Africa",0.0,10000,29,['25% Web Development'],False
SA,clutch.co,Haefele Software,http://www.haefelesoftware.com/%3Futm_source%3Dclutch.co%26utm_medium%3Dreferral%26utm_campaign%3Ddirectory,"Cape Town, South Africa",0.0,10000,29,['10% Web Development'],False
SA,clutch.co,Bluebird Technologies,https://bluebird.tech,"Austin, TX",0.0,5000,29,['30% Web Development'],False
SA,clutch.co,Melsoft,https://melsoft.io,"Johannesburg, South Africa",0.0,1000,29,['20% Web Development'],False
SA,clutch.co,Softserve Digital Development,https://www.softserve.co.za,"Edenvale, South Africa",0.0,5000,29,['16% Web Development'],False
SA,clutch.co,TypeDev.io,https://typedev.io,"Centurion, South Africa",0.0,10000,29,['10% Web Development'],False
SA,clutch.co,Scrums.com,https://www.scrums.com,"New York, NY",0.0,25000,29,['20% Web Development'],False
SA,clutch.co,BluShift Consulting,https://blushift.co.za,"Johannesburg, South Africa",0.0,1000,29,['25% Web Development'],False
SA,clutch.co,Web SEM Online,https://websem.io/,"Cape Town, South Africa",0.0,1000,29,['20% Web Development'],False
SA,clutch.co,CRT Digital,https://www.crtdigital.co.za/,"George, South Africa",0.0,1000,29,['25% Web Development'],False
SA,clutch.co,Helios Design,https://www.heliosdesign.com,"Johannesburg, South Africa",0.0,0,29,['40% Web Development'],False
SA,clutch.co,SyberGrupe,https://www.sybergrupe.com,"Randburg, South Africa",0.0,1000,29,['10% Web Development'],False
SA,clutch.co,AUX Studio,https://aux.studio/,"Cape Town, South Africa",0.0,25000,29,['25% Web Development'],False
SA,clutch.co,Vegatech,https://vegatech.co.za/,"Cape Town, South Africa",0.0,1000,29,['20% Web Development'],False
SA,clutch.co,Bermont,https://bermont.digital,"Cape Town, South Africa",0.0,1000,29,['15% Web Development'],False
SA,clutch.co,Mut-Con (Pty) Ltd,https://mut-con.co.za/,"Johannesburg, South Africa",0.0,0,29,['10% Web Development'],False
SA,clutch.co,Terra Digital,https://www.terradigital.co.za/,"Cape Town, South Africa",0.0,1000,29,['25% Web Development'],False
SA,clutch.co,Evolvea Systems,https://www.evolvea.digital/,"Benoni, South Africa",0.0,10000,29,['30% Web Development'],False
SA,clutch.co,Moontu Digital Solutions,http://moontudigitalsolutions.co.za/,"Cape Town, South Africa",0.0,1000,29,['10% Web Development'],False
SA,clutch.co,Pixel Perfect,http://www.pixelperfect.co.za,"Somerset West, South Africa",0.0,5000,29,['20% Web Development'],False
SA,clutch.co,Fluidity Software Solutions,https://www.fluidity.solutions/,"Glen Vine, England",0.0,25000,29,['25% Web Development'],False
SA,clutch.co,Versys Media,https://versysmedia.com/,"Sandton, South Africa",0.0,1000,29,['20% Web Development'],False
SA,clutch.co,Netgen Custom Software,https://www.netgen.co.za/,"Randburg, South Africa",0.0,1000,29,['20% Web Development'],False
SA,clutch.co,Coherent Solutions,https://ppc.clutch.co/ppc/click/%3Fs%3DeyJkZWNpc2lvbl9pZCI6IjI5MmI0NTcyLTBjNWMtNDkzMC04NmMwLTMyMDQ1NDZmMGE0OCIsImltcHJlc3Npb25faWQiOiI2NWQ3N2Q1Yy1hZTFmLTRhNjktOWNkMy00ZWQ5MTk1ZmI2MTAiLCJwcm92aWRlcl9pZCI6ODI0NDksImZlYXR1cmVkX2xpc3RpbmdfaWQiOjIsImZlYXR1cmVkX3Bvc2l0aW9uX2lkIjozNDgyODIsInBvc2l0aW9uIjoxLCJpc19zcG90bGlnaHQiOmZhbHNlfQ:1vtqdv:n2fdunSPFyKMU5Z6UxkSkl0MPHmX-mu-3VNRF_AiGho,Serves South Africa,4.73,50000,14,"['30% AI Development', '15% Web Development', '10% Cloud Consulting & SI']",False
SA,clutch.co,Proven,https://ppc.clutch.co/ppc/click/%3Fs%3DeyJkZWNpc2lvbl9pZCI6IjI5MmI0NTcyLTBjNWMtNDkzMC04NmMwLTMyMDQ1NDZmMGE0OCIsImltcHJlc3Npb25faWQiOiJmZDU0YWZmYS1jOTg0LTQ5OWYtYTY3OC05ZjQ2NjZkZTNjMDQiLCJwcm92aWRlcl9pZCI6MzUwNTgwLCJmZWF0dXJlZF9saXN0aW5nX2lkIjoyLCJmZWF0dXJlZF9wb3NpdGlvbl9pZCI6MjM3OTU4LCJwb3NpdGlvbiI6MiwiaXNfc3BvdGxpZ2h0IjpmYWxzZX0:1vtqdv:Y96T8XC7eNT2THuYa3e_IarAUkgiRjCiJ577NXi_fMc,Serves South Africa,4.912,25000,29,"['25% Web Development', '25% Web Design', '10% Custom Software Development', '10% UX/UI Design']",False
SA,clutch.co,Storm Brain,https://ppc.clutch.co/ppc/click/%3Fs%3DeyJkZWNpc2lvbl9pZCI6IjI5MmI0NTcyLTBjNWMtNDkzMC04NmMwLTMyMDQ1NDZmMGE0OCIsImltcHJlc3Npb25faWQiOiJjMzE1MzRkZC1lOTE1LTQzMzQtOTk0MS0xODFjYmYxNTg1ZGEiLCJwcm92aWRlcl9pZCI6MTQ0MzUyLCJmZWF0dXJlZF9saXN0aW5nX2lkIjoyLCJmZWF0dXJlZF9wb3NpdGlvbl9pZCI6MzAzNTk5LCJwb3NpdGlvbiI6MywiaXNfc3BvdGxpZ2h0IjpmYWxzZX0:1vtqdv:jNcZNjYzXxnjcX09CaQNkwJGdvlpxtb2F4VyGjLMMCU,Serves South Africa,5.0124,10000,29,"['40% Web Design', '20% Web Development', '10% E-Commerce Development', '10% Pay Per Click', '10% Search Engine Optimization']",False
SA,clutch.co,KB Consulting,,"Sandton, South Africa",5.01,0,29,"['16% Custom Software Development', '12% Web Development', '12% Blockchain', '12% E-Commerce Development', '12% Mobile App Development']",False
SA,clutch.co,Exceed IT,,"Pretoria, South Africa",5.02,1000,29,"['35% Mobile App Development', '15% Web Development', '10% Custom Software Development', '5% E-Commerce Development', '5% UX/UI Design', '1% Web Design']",False
SA,clutch.co,DRUM'N'CODE,https://ppc.clutch.co/ppc/click/%3Fs%3DeyJkZWNpc2lvbl9pZCI6IjI5MmI0NTcyLTBjNWMtNDkzMC04NmMwLTMyMDQ1NDZmMGE0OCIsImltcHJlc3Npb25faWQiOiI4NWIwZWM3Ny1jOGI3LTRhNTktYTFlMS0yYTUwNzkxZDI2MGQiLCJwcm92aWRlcl9pZCI6MTE1NDM1OCwiZmVhdHVyZWRfbGlzdGluZ19pZCI6MiwiZmVhdHVyZWRfcG9zaXRpb25faWQiOjI1OTc1OCwicG9zaXRpb24iOjQsImlzX3Nwb3RsaWdodCI6ZmFsc2V9:1vtqdv:YSX7BZqxjelASeOZhh3PHybdAQVJH-DK9ikaB1ui2EU,Serves South Africa,5.025,1000,29,"['30% Web Development', '30% Custom Software Development', '15% Web Design', '10% Mobile App Development']",False
SA,clutch.co,Appunite,https://ppc.clutch.co/ppc/click/%3Fs%3DeyJkZWNpc2lvbl9pZCI6IjI5MmI0NTcyLTBjNWMtNDkzMC04NmMwLTMyMDQ1NDZmMGE0OCIsImltcHJlc3Npb25faWQiOiJkMTkxN2JiMy1jZjllLTRiMTgtYTViMy0yN2Y0ODFhN2MyMjciLCJwcm92aWRlcl9pZCI6MzMyMTgsImZlYXR1cmVkX2xpc3RpbmdfaWQiOjIsImZlYXR1cmVkX3Bvc2l0aW9uX2lkIjoyMzc2MzYsInBvc2l0aW9uIjo1LCJpc19zcG90bGlnaHQiOmZhbHNlfQ:1vtqdv:E5kpObPbZUZvnJLnAsKCFMDQKopAiZHZpVjs13X4MZY,Serves South Africa,4.921,10000,29,"['20% Web Development', '20% Custom Software Development', '10% E-Commerce Development', '10% Generative AI', '10% Low/No Code Development', '10% Web Design']",False
SA,clutch.co,TKX Media,https://ppc.clutch.co/ppc/click/%3Fs%3DeyJkZWNpc2lvbl9pZCI6IjI5MmI0NTcyLTBjNWMtNDkzMC04NmMwLTMyMDQ1NDZmMGE0OCIsImltcHJlc3Npb25faWQiOiJlZDJiMDEzNC1iOTViLTQ2M2MtYTNlZS04NGQwZjA1ZjJkYzEiLCJwcm92aWRlcl9pZCI6MjUzMTE5NCwiZmVhdHVyZWRfbGlzdGluZ19pZCI6MiwiZmVhdHVyZWRfcG9zaXRpb25faWQiOjM1MTI2MSwicG9zaXRpb24iOjYsImlzX3Nwb3RsaWdodCI6ZmFsc2V9:1vtqdv:ZiDHntGzsfySfQqbgzjPZmE-BYKnEOhcuOr6EGi63HU,Serves South Africa,5.012,5000,29,"['40% Search Engine Optimization', '40% Web Design', '20% Advertising']",False
SA,clutch.co,ZonkeTech,,"Durban, South Africa",4.82,1000,29,"['70% Custom Software Development', '10% Web Development', '4% Application Testing', '4% E-Commerce Development', '2% IoT Development']",False
SA,clutch.co,Phantom Digital,,"Umhlanga, South Africa",5.01,1000,29,"['30% Mobile App Development', '10% Web Development', '10% Custom Software Development', '10% E-Commerce Development']",False
SA,clutch.co,Arcade,,"Cape Town, South Africa",5.01,1000,29,"['30% Branding', '20% Web Development', '20% Web Design', '10% Search Engine Optimization']",False
SA,clutch.co,Designtalks,,"Sandton, South Africa",5.02,1000,29,"['20% Web Development', '20% Branding', '20% UX/UI Design', '20% Web Design']",False
SA,clutch.co,The Grow Collective,,"Cape Town, South Africa",5.02,1000,29,"['20% Search Engine Optimization', '15% Pay Per Click', '10% Web Development', '10% Web Design']",False
SA,clutch.co,Geniusee,https://ppc.clutch.co/ppc/click/%3Fs%3DeyJkZWNpc2lvbl9pZCI6IjI5MmI0NTcyLTBjNWMtNDkzMC04NmMwLTMyMDQ1NDZmMGE0OCIsImltcHJlc3Npb25faWQiOiJkODdhZTQ0Ny0xZDkxLTQ5NjMtYTZiNi00OTViNDdmNzMzNjkiLCJwcm92aWRlcl9pZCI6MTUzOTkxLCJmZWF0dXJlZF9saXN0aW5nX2lkIjoyLCJmZWF0dXJlZF9wb3NpdGlvbl9pZCI6Mjg5NjUxLCJwb3NpdGlvbiI6NywiaXNfc3BvdGxpZ2h0IjpmYWxzZX0:1vtqdv:kcdC_8FJWW3mPf8O8Zi_tZY7W5V_ECYG4uXjODtpXdw,Serves South Africa,5.067,50000,29,"['40% Web Development', '40% Custom Software Development', '10% Cloud Consulting & SI']",False
SA,clutch.co,"TRIARE, LLC",https://ppc.clutch.co/ppc/click/%3Fs%3DeyJkZWNpc2lvbl9pZCI6IjI5MmI0NTcyLTBjNWMtNDkzMC04NmMwLTMyMDQ1NDZmMGE0OCIsImltcHJlc3Npb25faWQiOiJjZTM0ZWM4NS04YTU2LTQ3YWEtOGZjMy05MGE3N2RkMGVjYzUiLCJwcm92aWRlcl9pZCI6Njg3NjgxLCJmZWF0dXJlZF9saXN0aW5nX2lkIjoyLCJmZWF0dXJlZF9wb3NpdGlvbl9pZCI6MjM5ODU0LCJwb3NpdGlvbiI6OCwiaXNfc3BvdGxpZ2h0IjpmYWxzZX0:1vtqdv:uc61xh78t3OJzwPH08TwqhqZzX4nfAAtR3iYL8kj-CQ,Serves South Africa,4.937,10000,29,"['41% Mobile App Development', '35% Web Development', '12% UX/UI Design']",False
SA,clutch.co,Arounda,https://ppc.clutch.co/ppc/click/%3Fs%3DeyJkZWNpc2lvbl9pZCI6IjI5MmI0NTcyLTBjNWMtNDkzMC04NmMwLTMyMDQ1NDZmMGE0OCIsImltcHJlc3Npb25faWQiOiIzY2RlZDc5Ny1lMjE3LTRmN2UtYmVmZC0zZjQ4OTM5MmEzY2QiLCJwcm92aWRlcl9pZCI6MTE1MzA3MCwiZmVhdHVyZWRfbGlzdGluZ19pZCI6MiwiZmVhdHVyZWRfcG9zaXRpb25faWQiOjM3MzE4NywicG9zaXRpb24iOjksImlzX3Nwb3RsaWdodCI6ZmFsc2V9:1vtqdv:cmYsHRSg-BD27Pq48EjZEF9Dy1J37K3XuWZVQxG7G70,Completed projects in 19 countries,5.072,25000,29,"['30% Web Development', '30% UX/UI Design', '10% Branding']",False
SA,clutch.co,Semantica Digital,,"Cape Town, South Africa",4.51,5000,29,"['20% Web Development', '20% E-Commerce Development', '10% Search Engine Optimization', '10% UX/UI Design', '10% Web Design', '5% Branding']",False
SA,clutch.co,Yobi Code,,"Randburg, South Africa",4.51,5000,29,"['20% Web Development', '20% Custom Software Development', '10% E-Commerce Development', '10% UX/UI Design', '10% Web Design', '5% Application Testing']",False
SA,clutch.co,Dev Technosys,https://ppc.clutch.co/ppc/click/%3Fs%3DeyJkZWNpc2lvbl9pZCI6IjI5MmI0NTcyLTBjNWMtNDkzMC04NmMwLTMyMDQ1NDZmMGE0OCIsImltcHJlc3Npb25faWQiOiI5N2ZiYjBkNS04YzA5LTRjYjUtOTlkNy0zMzk2NzFiNGE2ODIiLCJwcm92aWRlcl9pZCI6NDYzMzQsImZlYXR1cmVkX2xpc3RpbmdfaWQiOjIsImZlYXR1cmVkX3Bvc2l0aW9uX2lkIjozNzc2ODUsInBvc2l0aW9uIjoxMCwiaXNfc3BvdGxpZ2h0IjpmYWxzZX0:1vtqdv:EFum6vu2kc4Z6GLnddvT_3MgRk_9ihBus2-m8y-c1N8,Serves South Africa,4.8201,10000,29,"['55% Blockchain', '35% Mobile App Development', '10% Web Development']",False
SA,clutch.co,Rekos Agency,https://ppc.clutch.co/ppc/click/%3Fs%3DeyJkZWNpc2lvbl9pZCI6IjI5MmI0NTcyLTBjNWMtNDkzMC04NmMwLTMyMDQ1NDZmMGE0OCIsImltcHJlc3Npb25faWQiOiI0MTkxMmRlNi01NGMzLTQyMDItYmZlYi1kZmRlODMxYWU4MGQiLCJwcm92aWRlcl9pZCI6MjA2NzA4NywiZmVhdHVyZWRfbGlzdGluZ19pZCI6MiwiZmVhdHVyZWRfcG9zaXRpb25faWQiOjI2NDIwMywicG9zaXRpb24iOjExLCJpc19zcG90bGlnaHQiOmZhbHNlfQ:1vtqdv:moERMJQqTcZ1j_VyHZ4eSzD27qf93X9qbMvI1janIME,Serves South Africa,4.926,5000,29,"['30% Web Development', '30% Web Design', '20% UX/UI Design']",False
SA,clutch.co,Crest Coder Private Limited,https://ppc.clutch.co/ppc/click/%3Fs%3DeyJkZWNpc2lvbl9pZCI6IjI5MmI0NTcyLTBjNWMtNDkzMC04NmMwLTMyMDQ1NDZmMGE0OCIsImltcHJlc3Npb25faWQiOiJmMzUwMjg2Ni05NjMzLTQ4ZGQtYWU1Yy00NTZhNDBkYWNkNGEiLCJwcm92aWRlcl9pZCI6NzA3NjE5LCJmZWF0dXJlZF9saXN0aW5nX2lkIjoyLCJmZWF0dXJlZF9wb3NpdGlvbl9pZCI6Mzg2MjM1LCJwb3NpdGlvbiI6MTIsImlzX3Nwb3RsaWdodCI6ZmFsc2V9:1vtqdv:aQwwL5mp5rK4y-i45fH5gD78t-qGHmJaFWm6Z-TbzXA,Serves South Africa,4.734,5000,29,"['50% Web Development', '50% Mobile App Development']",False
SA,clutch.co,Fanxy,,"Cape Town, South Africa",5.012,1000,29,"['50% Web Design', '10% Web Development', '10% UX/UI Design']",False
SA,clutch.co,Red Rabbit Media,,"Johannesburg, South Africa",4.82,0,29,"['15% Web Design', '10% Web Development']",False
SA,clutch.co,Appello Software,https://ppc.clutch.co/ppc/click/%3Fs%3DeyJkZWNpc2lvbl9pZCI6IjI5MmI0NTcyLTBjNWMtNDkzMC04NmMwLTMyMDQ1NDZmMGE0OCIsImltcHJlc3Npb25faWQiOiJkYTg3NDA0MC02ZTg4LTQyYzktOWVmNy02ZTY0ZmUzMDYwMGUiLCJwcm92aWRlcl9pZCI6NTk1MDY2LCJmZWF0dXJlZF9saXN0aW5nX2lkIjoyLCJmZWF0dXJlZF9wb3NpdGlvbl9pZCI6MjM2MTQyLCJwb3NpdGlvbiI6MTMsImlzX3Nwb3RsaWdodCI6ZmFsc2V9:1vtqdv:R6kxDrlFcsaZzEMYZXhWYRbH3NXK2HcNDdUo3yfTCsQ,Serves South Africa,4.933,50000,33,"['55% Mobile App Development', '35% Custom Software Development', '10% Web Development']",False
SA,clutch.co,Read more,https://ppc.clutch.co/ppc/click/%3Fs%3DeyJkZWNpc2lvbl9pZCI6IjI5MmI0NTcyLTBjNWMtNDkzMC04NmMwLTMyMDQ1NDZmMGE0OCIsImltcHJlc3Npb25faWQiOiJlYTY2YTM5MS03OWVhLTQ5ODEtODI4Mi1mMzJmODdkNmE1YzQiLCJwcm92aWRlcl9pZCI6MjUxNjkxNSwiZmVhdHVyZWRfbGlzdGluZ19pZCI6MiwiZmVhdHVyZWRfcG9zaXRpb25faWQiOjM4MjQ2NywicG9zaXRpb24iOjE0LCJpc19zcG90bGlnaHQiOmZhbHNlfQ:1vtqdv:Vjd2vQmEsBhZL36WdsBm1UpLqHjaq0I6NQrai2cwlwM,South Africa,0.0,10000,29,"['20% Web Development', '20% AI Development', '20% Mobile App Development', '20% UX/UI Design']",False
SA,clutch.co,ExpandX,https://ppc.clutch.co/ppc/click/%3Fs%3DeyJkZWNpc2lvbl9pZCI6IjI5MmI0NTcyLTBjNWMtNDkzMC04NmMwLTMyMDQ1NDZmMGE0OCIsImltcHJlc3Npb25faWQiOiI4NTg4MjEzNC01ODljLTQxMGUtYmM1Yi03NmJjMWFjNWExYWYiLCJwcm92aWRlcl9pZCI6NzMyNTA0LCJmZWF0dXJlZF9saXN0aW5nX2lkIjoyLCJmZWF0dXJlZF9wb3NpdGlvbl9pZCI6Mzg1MTMxLCJwb3NpdGlvbiI6MTUsImlzX3Nwb3RsaWdodCI6ZmFsc2V9:1vtqdv:8kl5X8JgOrqJvavMgOEofaVisCgvfMnbDfoymzE76Bs,Serves South Africa,5.066,10000,29,"['30% Web Development', '20% E-Commerce Development', '10% Web Design']",False
SA,clutch.co,Platinum Seed (Pty) Ltd,,"Cape Town, South Africa",0.0,5000,29,"['20% Web Development', '20% Web Design', '10% Search Engine Optimization', '5% Branding', '5% Digital Strategy']",False
SA,clutch.co,Edot Digital,,"Sandton, South Africa",5.01,5000,29,"['15% Web Development', '15% E-Commerce Development', '15% Web Design', '10% Pay Per Click']",False
SA,clutch.co,PixelTime,,"Johannesburg South, South Africa",0.0,0,29,"['50% Web Development', '50% Web Design']",False
SA,clutch.co,011 digital,,"Sandton, South Africa",5.01,250000,29,"['20% Digital Strategy', '15% Web Development', '10% Custom Software Development', '10% Search Engine Optimization']",False
SA,clutch.co,Bizco Tech South Africa,,"Pretoria, South Africa",0.0,1000,29,"['20% Web Development', '20% Application Testing']",False
SA,clutch.co,PrimeLogic,,"Cape Town, South Africa",0.0,1000,29,"['40% Web Development', '30% Custom Software Development', '10% Search Engine Optimization', '10% Web Design']",False
SA,clutch.co,SrsBsns,,"Germiston, South Africa",0.0,0,29,"['35% Web Development', '30% Custom Software Development', '10% Search Engine Optimization', '5% Pay Per Click']",False
SA,clutch.co,Kagiso Interactive,,"Durban, South Africa",0.0,25000,29,"['30% Web Development', '30% Mobile App Development', '10% Search Engine Optimization', '10% Web Design']",False
SA,clutch.co,iSimon Web Design and Development,,"Cape Town, South Africa",0.0,1000,29,"['35% Web Design', '30% Web Development', '10% E-Commerce Development']",False
SA,clutch.co,Simplr,,"Cape Town, South Africa",0.0,5000,29,"['20% Branding', '15% Web Development', '15% Web Design', '5% E-Commerce Development']",False
SA,clutch.co,Kingly Clark,,"Stellenbosch, South Africa",0.0,1000,29,"['20% Web Development', '20% Custom Software Development', '20% UX/UI Design', '20% Web Design']",False
SA,clutch.co,Studio112,,"Pretoria, South Africa",0.0,0,112,"['25% Web Development', '25% Branding', '25% Web Design']",False
SA,clutch.co,PYGIO,,"Johannesburg, South Africa",0.0,10000,29,"['10% Web Development', '10% AI Development', '10% Application Testing', '10% Custom Software Development', '10% Generative AI', '10% IoT Development', '10% Mobile App Development', '10% UX/UI Design', '10% Web Design']",False
SA,clutch.co,Empire Web (Pty)Ltd.,,"Brakpan, South Africa",0.0,1000,29,"['70% Web Development', '30% Mobile App Development']",False
SA,clutch.co,Blue Screen Media Marketing,,"Kloof, South Africa",0.0,0,29,"['65% Web Development', '15% Search Engine Optimization']",False
SA,clutch.co,Pytbyte Web and App Development,,"Malmesbury, South Africa",0.0,1000,29,"['50% Web Development', '50% Mobile App Development']",False
SA,clutch.co,Black Alsatian,,"Gqeberha, South Africa",0.0,1000,29,['50% Web Development'],False
SA,clutch.co,Daily Dose Marketing,,"George, South Africa",0.0,0,29,"['50% Web Development', '50% Social Media Marketing']",False
SA,clutch.co,Rocketsoft,,"Cape Town, South Africa",0.0,1000,29,"['35% Mobile App Development', '25% Web Development', '15% Web Design']",False
SA,clutch.co,Ignite Media (South Africa),,"Cape Town, South Africa",0.0,1000,29,"['15% UX/UI Design', '10% Web Development', '10% Search Engine Optimization', '5% Digital Strategy', '5% Pay Per Click']",False
SA,clutch.co,League Digital,,"Sandton, South Africa",0.0,5000,29,"['20% Web Development', '20% Mobile App Development', '20% Search Engine Optimization']",False
SA,clutch.co,Skywalk Innovations,,"Cape Town, South Africa",5.01,10000,29,"['20% Web Development', '10% Custom Software Development', '10% Low/No Code Development']",False
SA,clutch.co,Ravensdale Digital Services,,"Cape Town, South Africa",0.0,1000,50,"['50% Web Development', '20% E-Commerce Development']",False
SA,clutch.co,Philanthrosoft,,"Randburg, South Africa",0.0,1000,29,"['80% Web Development', '20% Custom Software Development']",False
SA,clutch.co,eTraverse,,"Sandton, South Africa",5.02,1000,38,"['40% IT Staff Augmentation', '20% Web Development', '10% Custom Software Development', '10% Low/No Code Development']",False
SA,clutch.co,Cosimo Web & Design,,"Johannesburg, South Africa",0.0,1000,29,"['50% Web Development', '25% E-Commerce Development']",False
SA,clutch.co,Bandelaweb,,"East London, South Africa",0.0,1000,29,"['50% Web Development', '50% Web Design']",False
SA,clutch.co,One Square Web,,"Sandton, South Africa",0.0,1000,29,"['50% Web Development', '30% Search Engine Optimization', '20% Advertising']",False
SA,clutch.co,Konten,,"Cape Town, South Africa",0.0,1000,29,"['40% Web Development', '40% UX/UI Design', '10% Web Design']",False
SA,clutch.co,Fishgate Advertising,,"Cape Town, South Africa",0.0,5000,29,"['20% Web Development', '20% Branding', '20% UX/UI Design', '20% Web Design']",False
SA,clutch.co,Online By Digital,,"Midrand, South Africa",0.0,5000,25,"['45% Web Development', '5% Cloud Consulting & SI', '5% Pay Per Click', '5% Search Engine Optimization', '5% Web Design']",False
SA,clutch.co,Hamba | Mobile App Developers,,"Sandton, South Africa",0.0,1000,29,"['40% Mobile App Development', '30% Web Development', '30% E-Commerce Development']",False
SA,clutch.co,DVTNot yet reviewed,,"Cape Town, South Africa",0.0,10000,18,"['20% Web Development', '20% Application Testing', '20% Custom Software Development', '20% IT Staff Augmentation']",False
SA,clutch.co,Codilation,,"Knysna, South Africa",0.0,1000,29,"['50% Web Development', '10% Custom Software Development', '10% Mobile App Development', '10% UX/UI Design', '10% Web Design']",False
SA,clutch.co,KB Alpha,,"Pinetown, South Africa",0.0,5000,29,"['50% Web Development', '50% Mobile App Development']",False
SA,clutch.co,HowdyPress,,"Cape Town, South Africa",0.0,0,29,"['50% Web Development', '50% E-Commerce Development']",False
SA,clutch.co,insync with tornado,,"eMalahleni, South Africa",0.0,1000,29,"['50% Web Development', '25% Customs brokerage', '25% Web Design']",False
SA,clutch.co,Wolfe&Co.,,"Cape Town, South Africa",0.0,1000,29,"['25% Web Development', '25% Web Design', '10% Branding', '10% Search Engine Optimization', '5% Digital Strategy']",False
SA,clutch.co,Runninghill software development,,"Roodepoort, South Africa",0.0,0,29,"['35% Web Development', '35% Custom Software Development', '10% Application Testing']",False
SA,clutch.co,Coherent Solutions,https://ppc.clutch.co/ppc/click/%3Fs%3DeyJkZWNpc2lvbl9pZCI6ImFkZmQ1OWU3LWNkNmMtNGI5Yi05MDI2LTVhNGYzNDExNTU4YyIsImltcHJlc3Npb25faWQiOiIxZWY2ZmU2ZS04NjUzLTQ1YmQtODZjYi1iZmE1M2Q5MDJlMTQiLCJwcm92aWRlcl9pZCI6ODI0NDksImZlYXR1cmVkX2xpc3RpbmdfaWQiOjIsImZlYXR1cmVkX3Bvc2l0aW9uX2lkIjozNDgyODIsInBvc2l0aW9uIjoxLCJpc19zcG90bGlnaHQiOmZhbHNlfQ:1vtqe5:dIHSgcjNjFN8BGRWRUrW58q0BAInceC19ze24Tu2fx0,Serves South Africa,4.73,50000,29,"['30% AI Development', '15% Web Development', '10% Cloud Consulting & SI']",False
SA,clutch.co,Proven,https://ppc.clutch.co/ppc/click/%3Fs%3DeyJkZWNpc2lvbl9pZCI6ImFkZmQ1OWU3LWNkNmMtNGI5Yi05MDI2LTVhNGYzNDExNTU4YyIsImltcHJlc3Npb25faWQiOiI2ZjY2YTU5NS01OTYyLTQ5M2QtOTE2MC1jNTNhZDJlYzg4MGEiLCJwcm92aWRlcl9pZCI6MzUwNTgwLCJmZWF0dXJlZF9saXN0aW5nX2lkIjoyLCJmZWF0dXJlZF9wb3NpdGlvbl9pZCI6MjM3OTU4LCJwb3NpdGlvbiI6MiwiaXNfc3BvdGxpZ2h0IjpmYWxzZX0:1vtqe5:mCDFAwXmJ36sw8dPstarSjYGB4HLdc92Koo6g7vl-kk,Serves South Africa,4.912,25000,29,"['25% Web Development', '25% Web Design', '10% Custom Software Development', '10% UX/UI Design']",False
SA,clutch.co,Storm Brain,https://ppc.clutch.co/ppc/click/%3Fs%3DeyJkZWNpc2lvbl9pZCI6ImFkZmQ1OWU3LWNkNmMtNGI5Yi05MDI2LTVhNGYzNDExNTU4YyIsImltcHJlc3Npb25faWQiOiJiZjAzMGUxNS02MTc2LTQ3ZjQtOGRkNC0yNGIwYmMwMTBkZmQiLCJwcm92aWRlcl9pZCI6MTQ0MzUyLCJmZWF0dXJlZF9saXN0aW5nX2lkIjoyLCJmZWF0dXJlZF9wb3NpdGlvbl9pZCI6MzAzNTk5LCJwb3NpdGlvbiI6MywiaXNfc3BvdGxpZ2h0IjpmYWxzZX0:1vtqe5:g4amv_TAzS9-QOOTTnZOKXuOTwyGxx8oCErmEMamWpM,Serves South Africa,5.0124,10000,29,"['40% Web Design', '20% Web Development', '10% E-Commerce Development', '10% Pay Per Click', '10% Search Engine Optimization']",False
SA,clutch.co,Sikadi Tech,,"Cape Town, South Africa",0.0,1000,29,"['40% Web Development', '10% Branding', '10% Mobile App Development', '10% Web Design', '5% Digital Strategy', '5% UX/UI Design']",False
SA,clutch.co,Flow Communications,,"Johannesburg, South Africa",0.0,0,29,"['25% Web Development', '25% Web Design', '10% Branding']",False
SA,clutch.co,DRUM'N'CODE,https://ppc.clutch.co/ppc/click/%3Fs%3DeyJkZWNpc2lvbl9pZCI6ImFkZmQ1OWU3LWNkNmMtNGI5Yi05MDI2LTVhNGYzNDExNTU4YyIsImltcHJlc3Npb25faWQiOiJhMjk0ODQxOC00Mjg3LTQ3OTYtODQ4OC1kYWM2YWI1MjcyN2IiLCJwcm92aWRlcl9pZCI6MTE1NDM1OCwiZmVhdHVyZWRfbGlzdGluZ19pZCI6MiwiZmVhdHVyZWRfcG9zaXRpb25faWQiOjI1OTc1OCwicG9zaXRpb24iOjQsImlzX3Nwb3RsaWdodCI6ZmFsc2V9:1vtqe5:w4zz6lEhCcSdyU1HCKo78oTF0T9vtgz2l4kBEZn1chw,Serves South Africa,5.025,1000,29,"['30% Web Development', '30% Custom Software Development', '15% Web Design', '10% Mobile App Development']",False
SA,clutch.co,Appunite,https://ppc.clutch.co/ppc/click/%3Fs%3DeyJkZWNpc2lvbl9pZCI6ImFkZmQ1OWU3LWNkNmMtNGI5Yi05MDI2LTVhNGYzNDExNTU4YyIsImltcHJlc3Npb25faWQiOiJjMDhmZjYwMC00MDhhLTQ0MjYtYWU2ZS02M2JmNmU0ODM3MTAiLCJwcm92aWRlcl9pZCI6MzMyMTgsImZlYXR1cmVkX2xpc3RpbmdfaWQiOjIsImZlYXR1cmVkX3Bvc2l0aW9uX2lkIjoyMzc2MzYsInBvc2l0aW9uIjo1LCJpc19zcG90bGlnaHQiOmZhbHNlfQ:1vtqe5:_LjLDD7SV9TM6JTEgibImeKQEQ-SRjDVX3IoSzeqYBY,Serves South Africa,4.921,10000,29,"['20% Web Development', '20% Custom Software Development', '10% E-Commerce Development', '10% Generative AI', '10% Low/No Code Development', '10% Web Design']",False
SA,clutch.co,TKX Media,https://ppc.clutch.co/ppc/click/%3Fs%3DeyJkZWNpc2lvbl9pZCI6ImFkZmQ1OWU3LWNkNmMtNGI5Yi05MDI2LTVhNGYzNDExNTU4YyIsImltcHJlc3Npb25faWQiOiJhOTM1ZDYyMy05NWI5LTQyZDUtOTEzNS1mNjg1OTYyYzM2MzIiLCJwcm92aWRlcl9pZCI6MjUzMTE5NCwiZmVhdHVyZWRfbGlzdGluZ19pZCI6MiwiZmVhdHVyZWRfcG9zaXRpb25faWQiOjM1MTI2MSwicG9zaXRpb24iOjYsImlzX3Nwb3RsaWdodCI6ZmFsc2V9:1vtqe5:EfFbFm39Fq90y7anjGvhjsxnwbjRatqkOKnz24WCG50,Serves South Africa,5.012,5000,29,"['40% Search Engine Optimization', '40% Web Design', '20% Advertising']",False
SA,clutch.co,DiginamiX,,"Johannesburg, South Africa",0.0,1000,29,"['15% Web Development', '15% Branding', '15% Pay Per Click', '15% Search Engine Optimization', '10% Mobile App Development']",False
SA,clutch.co,WebFree.co.za,,"Bloemfontein, South Africa",0.0,1000,29,"['40% Web Development', '40% Web Design', '10% Mobile App Development']",False
SA,clutch.co,Southern Sons Group,,"Kempton Park, South Africa",0.0,25000,29,"['40% Web Development', '40% Web Design', '20% Search Engine Optimization']",False
SA,clutch.co,WDS Creative,,"Sandton, South Africa",0.0,0,29,"['40% Web Development', '5% Branding', '5% Search Engine Optimization']",False
SA,clutch.co,Pulacache,,"Roodepoort, South Africa",0.0,1000,29,"['45% Web Development', '35% Web Design', '20% Graphic Design']",False
SA,clutch.co,Geniusee,https://ppc.clutch.co/ppc/click/%3Fs%3DeyJkZWNpc2lvbl9pZCI6ImFkZmQ1OWU3LWNkNmMtNGI5Yi05MDI2LTVhNGYzNDExNTU4YyIsImltcHJlc3Npb25faWQiOiIyMjdlZjI3YS1jOGQwLTQ1ZjUtOGEwMi1iYzhhZTNmY2JmNjAiLCJwcm92aWRlcl9pZCI6MTUzOTkxLCJmZWF0dXJlZF9saXN0aW5nX2lkIjoyLCJmZWF0dXJlZF9wb3NpdGlvbl9pZCI6Mjg5NjUxLCJwb3NpdGlvbiI6NywiaXNfc3BvdGxpZ2h0IjpmYWxzZX0:1vtqe5:kv5Q96rttI5Gx-D4bDP0JkH5oYGziMXkRqc9lbE4EWE,Serves South Africa,5.067,50000,29,"['40% Web Development', '40% Custom Software Development', '10% Cloud Consulting & SI']",False
SA,clutch.co,"TRIARE, LLC",https://ppc.clutch.co/ppc/click/%3Fs%3DeyJkZWNpc2lvbl9pZCI6ImFkZmQ1OWU3LWNkNmMtNGI5Yi05MDI2LTVhNGYzNDExNTU4YyIsImltcHJlc3Npb25faWQiOiI0YmI4ODk0ZS00NmVjLTRjZTUtYjYyZi0yZjE0MWQ2N2YwMzEiLCJwcm92aWRlcl9pZCI6Njg3NjgxLCJmZWF0dXJlZF9saXN0aW5nX2lkIjoyLCJmZWF0dXJlZF9wb3NpdGlvbl9pZCI6MjM5ODU0LCJwb3NpdGlvbiI6OCwiaXNfc3BvdGxpZ2h0IjpmYWxzZX0:1vtqe5:rQKR7hyNyVEZUIpilfO_iZvhWtehny3YsdGDQQPrUgU,Serves South Africa,4.937,10000,29,"['41% Mobile App Development', '35% Web Development', '12% UX/UI Design']",False
SA,clutch.co,Arounda,https://ppc.clutch.co/ppc/click/%3Fs%3DeyJkZWNpc2lvbl9pZCI6ImFkZmQ1OWU3LWNkNmMtNGI5Yi05MDI2LTVhNGYzNDExNTU4YyIsImltcHJlc3Npb25faWQiOiIwZGViNjRiYy0xYTUyLTRhM2EtOWVhNC0wYjliZTQ3OGQ5MmMiLCJwcm92aWRlcl9pZCI6MTE1MzA3MCwiZmVhdHVyZWRfbGlzdGluZ19pZCI6MiwiZmVhdHVyZWRfcG9zaXRpb25faWQiOjM3MzE4NywicG9zaXRpb24iOjksImlzX3Nwb3RsaWdodCI6ZmFsc2V9:1vtqe5:vDA6TCnAXi1XOthJykhP166k4iV3MwdsqKUZ2CAbcT0,South Africa,5.072,25000,29,"['30% Web Development', '30% UX/UI Design', '10% Branding']",False
SA,clutch.co,WIthNova Blink Digital Marketing,,"Johannesburg, South Africa",0.0,1000,29,"['20% Web Development', '20% Search Engine Optimization', '15% UX/UI Design', '10% E-Commerce Development']",False
SA,clutch.co,XPNDIT DIGITAL,,"Sandton, South Africa",0.0,1000,29,"['15% Web Development', '15% Branding']",False
SA,clutch.co,Dev Technosys,https://ppc.clutch.co/ppc/click/%3Fs%3DeyJkZWNpc2lvbl9pZCI6ImFkZmQ1OWU3LWNkNmMtNGI5Yi05MDI2LTVhNGYzNDExNTU4YyIsImltcHJlc3Npb25faWQiOiJjY2VlMTFmNC0xYTYyLTQyNGQtYTliNy0zOTdhZjIzMDNkODUiLCJwcm92aWRlcl9pZCI6NDYzMzQsImZlYXR1cmVkX2xpc3RpbmdfaWQiOjIsImZlYXR1cmVkX3Bvc2l0aW9uX2lkIjozNzc2ODUsInBvc2l0aW9uIjoxMCwiaXNfc3BvdGxpZ2h0IjpmYWxzZX0:1vtqe5:b-0qoojRuPvPZ0ju7GSkc8wj-4ba895SeraO_UKaOU8,Serves South Africa,4.8201,10000,29,"['55% Blockchain', '35% Mobile App Development', '10% Web Development']",False
SA,clutch.co,Rekos Agency,https://ppc.clutch.co/ppc/click/%3Fs%3DeyJkZWNpc2lvbl9pZCI6ImFkZmQ1OWU3LWNkNmMtNGI5Yi05MDI2LTVhNGYzNDExNTU4YyIsImltcHJlc3Npb25faWQiOiIyMmFkZjVkOC0yMDdjLTQ0YjUtYTAyNC00ZTU5MDM4ZjAxODYiLCJwcm92aWRlcl9pZCI6MjA2NzA4NywiZmVhdHVyZWRfbGlzdGluZ19pZCI6MiwiZmVhdHVyZWRfcG9zaXRpb25faWQiOjI2NDIwMywicG9zaXRpb24iOjExLCJpc19zcG90bGlnaHQiOmZhbHNlfQ:1vtqe5:6adXaHAhGwhoYJNSwHYuO374N3vJ65xk6mEpsceUXH8,Serves South Africa,4.926,5000,29,"['30% Web Development', '30% Web Design', '20% UX/UI Design']",False
SA,clutch.co,Crest Coder Private Limited,https://ppc.clutch.co/ppc/click/%3Fs%3DeyJkZWNpc2lvbl9pZCI6ImFkZmQ1OWU3LWNkNmMtNGI5Yi05MDI2LTVhNGYzNDExNTU4YyIsImltcHJlc3Npb25faWQiOiI0NjgzZjIxMC0zY2Q4LTQ2NGQtYWQwMy05OWYxNDVmZjA2NjgiLCJwcm92aWRlcl9pZCI6NzA3NjE5LCJmZWF0dXJlZF9saXN0aW5nX2lkIjoyLCJmZWF0dXJlZF9wb3NpdGlvbl9pZCI6Mzg2MjM1LCJwb3NpdGlvbiI6MTIsImlzX3Nwb3RsaWdodCI6ZmFsc2V9:1vtqe5:yMjvGfNt4QEoyzDvbKIQyQr6qXUMm3Nea2PjU3uuCkM,Serves South Africa,4.734,5000,29,"['50% Web Development', '50% Mobile App Development']",False
SA,clutch.co,Delegate IT,,"Boksburg, South Africa",0.0,5000,29,"['40% Web Development', '30% Custom Software Development', '5% Blockchain']",False
SA,clutch.co,Pixelsinframe,,"Midrand, South Africa",0.0,0,29,"['40% Web Development', '10% Pay Per Click', '10% Search Engine Optimization']",False
SA,clutch.co,Appello Software,https://ppc.clutch.co/ppc/click/%3Fs%3DeyJkZWNpc2lvbl9pZCI6ImFkZmQ1OWU3LWNkNmMtNGI5Yi05MDI2LTVhNGYzNDExNTU4YyIsImltcHJlc3Npb25faWQiOiJkNzUwZTg1MS1hN2ViLTRmMWItYjgzNi1mZDU3MDgxNzYzZDIiLCJwcm92aWRlcl9pZCI6NTk1MDY2LCJmZWF0dXJlZF9saXN0aW5nX2lkIjoyLCJmZWF0dXJlZF9wb3NpdGlvbl9pZCI6MjM2MTQyLCJwb3NpdGlvbiI6MTMsImlzX3Nwb3RsaWdodCI6ZmFsc2V9:1vtqe5:5bkJyJDWHz3UisBqHu4LolKTTEMSEepn8PvbgXC8WW0,Serves South Africa,4.933,50000,33,"['55% Mobile App Development', '35% Custom Software Development', '10% Web Development']",False
SA,clutch.co,Read more,https://ppc.clutch.co/ppc/click/%3Fs%3DeyJkZWNpc2lvbl9pZCI6ImFkZmQ1OWU3LWNkNmMtNGI5Yi05MDI2LTVhNGYzNDExNTU4YyIsImltcHJlc3Npb25faWQiOiJmZTEzOTNlNS03NGQ1LTRjM2ItOGY4ZC03YmE4MzdmOTFmNmYiLCJwcm92aWRlcl9pZCI6MjUxNjkxNSwiZmVhdHVyZWRfbGlzdGluZ19pZCI6MiwiZmVhdHVyZWRfcG9zaXRpb25faWQiOjM4MjQ2NywicG9zaXRpb24iOjE0LCJpc19zcG90bGlnaHQiOmZhbHNlfQ:1vtqe5:J34BS8ZD1xHnBXj0ub6Sor5eDYsAQ9dK7ziwrFC8mSw,South Africa,0.0,10000,29,"['20% Web Development', '20% AI Development', '20% Mobile App Development', '20% UX/UI Design']",False
SA,clutch.co,ExpandX,https://ppc.clutch.co/ppc/click/%3Fs%3DeyJkZWNpc2lvbl9pZCI6ImFkZmQ1OWU3LWNkNmMtNGI5Yi05MDI2LTVhNGYzNDExNTU4YyIsImltcHJlc3Npb25faWQiOiI3ZGNkZjAwOC1lZGFmLTQyMmUtYjIxYi1lYzVkMWI3MThlZDAiLCJwcm92aWRlcl9pZCI6NzMyNTA0LCJmZWF0dXJlZF9saXN0aW5nX2lkIjoyLCJmZWF0dXJlZF9wb3NpdGlvbl9pZCI6Mzg1MTMxLCJwb3NpdGlvbiI6MTUsImlzX3Nwb3RsaWdodCI6ZmFsc2V9:1vtqe5:aKcGi1w9S6evxXhqTWrqy0jFk7gnQOTrsR6Ax4_YE-E,Serves South Africa,5.066,10000,29,"['30% Web Development', '20% E-Commerce Development', '10% Web Design']",False
SA,clutch.co,Adzonline,,"Pretoria, South Africa",0.0,0,29,"['30% Web Development', '30% Web Design']",False
SA,clutch.co,Industrial Growth Hub,,"Cape Town, South Africa",0.0,1000,29,"['25% Web Development', '25% Custom Software Development']",False
SA,clutch.co,CodePure,,"Bloemfontein, South Africa",0.0,0,50,"['30% Web Development', '15% Custom Software Development', '5% IoT Development', '5% Mobile App Development', '5% Web Design']",False
SA,clutch.co,Lilo Web Design,,"Cape Town, South Africa",0.0,5000,58,"['25% Web Development', '25% E-Commerce Development', '25% Web Design']",False
SA,clutch.co,ACJ Intro Designs (Pty) Ltd,,"Johannesburg South, South Africa",0.0,1000,29,"['30% Web Development', '25% Search Engine Optimization', '10% Mobile App Development', '5% Pay Per Click', '5% Web Design']",False
SA,clutch.co,PowerWeb,,"Johannesburg, South Africa",0.0,10000,29,"['10% Web Development', '10% E-Commerce Development', '10% Pay Per Click', '10% Search Engine Optimization', '10% Web Design']",False
SA,clutch.co,Mavis Strategic Partners,,"Midrand, South Africa",0.0,0,29,"['35% Web Development', '35% Mobile App Development', '30% Social Media Marketing']",False
SA,clutch.co,radiantWEB,,"Cape Town, South Africa",0.0,1000,29,"['55% Web Design', '10% Web Development', '10% Search Engine Optimization']",False
SA,clutch.co,Studio Vene Design,,"Centurion, South Africa",5.07,10000,29,"['40% Web Development', '40% Web Design', '20% Graphic Design']",False
SA,clutch.co,Web2Web,,"Cape Town, South Africa",0.0,10000,29,"['10% Web Development', '10% Web Design', '5% Mobile App Development', '5% Pay Per Click', '5% Search Engine Optimization', '5% UX/UI Design']",False
SA,clutch.co,Ukuyila Group,,"Wellington, South Africa",0.0,0,29,"['30% Web Development', '10% Search Engine Optimization']",False
SA,clutch.co,Rogerwilco,,"Cape Town, South Africa",0.0,10000,29,"['20% Web Development', '20% Digital Strategy', '15% Pay Per Click', '10% UX/UI Design']",False
SA,clutch.co,Khanyisa Real Systems,,"Cape Town, South Africa",0.0,10000,29,"['40% Custom Software Development', '20% Web Development', '10% IT Staff Augmentation', '10% Mobile App Development']",False
SA,clutch.co,Jthoka & Co,,"Midrand, South Africa",0.0,1000,29,"['35% Web Development', '15% Custom Software Development', '10% Mobile App Development', '10% UX/UI Design', '10% Web Design']",False
SA,clutch.co,Tech Genius,,"Cape Town, South Africa",0.0,25000,29,"['35% Web Development', '35% Custom Software Development']",False
SA,clutch.co,Dado,,"Cape Town, South Africa",0.0,10000,29,"['50% E-Commerce Development', '30% Web Development', '20% Custom Software Development']",False
SA,clutch.co,AdNotes Digital,,"Outer West Durban, South Africa",0.0,10000,29,"['35% Search Engine Optimization', '35% Social Media Marketing', '30% Web Development']",False
SA,clutch.co,Bitogiq,,"Johannesburg, South Africa",0.0,1000,29,"['35% Mobile App Development', '25% Web Development']",False
SA,clutch.co,19 Digital,,"Stellenbosch, South Africa",0.0,1000,29,"['25% Web Development', '25% Search Engine Optimization', '15% Pay Per Click']",False
SA,clutch.co,Vectra,,"Pretoria, South Africa",0.0,25000,29,"['60% E-Commerce Development', '20% Web Development', '20% Mobile App Development']",False
SA,clutch.co,Lucky Beard,,"Centurion, South Africa",0.0,25000,23,"['20% Web Development', '20% Branding', '20% Mobile App Development', '20% UX/UI Design']",False
SA,clutch.co,Tenacity Works,,"Cape Town, South Africa",0.0,1000,50,"['25% Web Development', '25% Branding', '25% Web Design']",False
SA,clutch.co,Global Software Services Pty Ltd,,"Vereeniging, South Africa",4.51,0,29,"['10% Web Development', '10% Custom Software Development', '10% E-Commerce Development', '10% Mobile App Development', '10% UX/UI Design', '10% Web Design']",False
SA,clutch.co,Iweb Interactive,,"Queensburgh, South Africa",0.0,1000,29,"['60% Search Engine Optimization', '20% Web Development']",False
SA,clutch.co,The Process Enterprise,,"Cape Town, South Africa",0.0,0,29,"['30% Mobile App Development', '20% Web Development', '15% Web Design', '10% E-Commerce Development']",False
SA,clutch.co,Dimension WebWorx,,"Bloemfontein, South Africa",0.0,1000,29,"['25% Web Development', '25% Web Design']",False
SA,clutch.co,MO Agency,,"Johannesburg, South Africa",0.0,0,29,"['20% Web Development', '20% Digital Strategy', '10% Search Engine Optimization']",False
SA,clutch.co,Tecbot,,"Edenvale, South Africa",0.0,5000,29,"['20% Web Development', '20% Custom Software Development', '20% UX/UI Design', '20% Web Design']",False
SA,clutch.co,BlaqBerry,,"Sandton, South Africa",0.0,0,29,"['35% Web Development', '15% UX/UI Design', '15% Web Design']",False
SA,clutch.co,SitePlug,,"Cape Town, South Africa",0.0,0,29,"['35% Web Development', '35% Web Design', '15% Search Engine Optimization']",False
SA,clutch.co,Ripple Digital,,"Cape Town, South Africa",0.0,0,29,"['30% Web Development', '20% Search Engine Optimization', '20% Web Design', '10% Pay Per Click']",False
SA,clutch.co,Software Couch,,"Durban North, South Africa",0.0,25000,29,"['30% Web Development', '10% Low/No Code Development', '10% Mobile App Development']",False
SA,clutch.co,eCommerce Development,,"Paarl, South Africa",0.0,1000,29,"['80% E-Commerce Development', '10% Web Development', '10% Web Design']",False
SA,clutch.co,Innovative Thinking,,"Sandton, South Africa",0.0,1000,29,"['80% Custom Software Development', '20% Web Development']",False
SA,clutch.co,Usably,,"Cape Town, South Africa",0.0,10000,29,"['50% UX/UI Design', '25% Web Development', '25% Web Design']",False
SA,clutch.co,Website Web Designs,,"Randburg, South Africa",0.0,1000,29,"['25% Web Development', '25% E-Commerce Development', '25% Web Design']",False
SA,clutch.co,Rubigo,,"Cape Town, South Africa",5.03,1000,29,"['40% Web Development', '20% Custom Software Development', '5% E-Commerce Development', '5% UX/UI Design', '1% Web Design']",False
SA,clutch.co,iMarttrends,,"Randburg, South Africa",0.0,1000,100,"['30% Web Development', '30% Mobile App Development', '15% UX/UI Design', '10% Web Design']",False
SA,clutch.co,idts,,"Cape Town, South Africa",0.0,1000,29,"['30% Web Development', '30% Mobile App Development', '15% Web Design', '10% E-Commerce Development']",False
